'a',['a123', 'a123456', ""A'Hearn"", 'a123456', 'a12345', 'a1b2c3', 'a1b2c3d4', 'a1b2c3d4e5', 'a1b2c3d4e5f6', 'a%mi^tuo&fo*', 'a1b2c3d4e5f6', 'a!b@c#', 'a!b@c#d$', 'a123456', 'a1s2d3', 'a1s2d3f4', 'a1b2c3', 'a1b2', 'a1b2c3d4', 'a1b2c3d4e5', 'a123a123', 'a54798986', 'a0[jnty3vw(f${g2', 'a~fengnanjingjucai', 'a123', 'a162a', 'a@20082008', 'a123123', 'a12345', 'a5105034', 'a19850304', 'a123456', 'a123456', 'a1s2d3', 'a1s2d3f4', 'a1b2c3', 'a1b2', 'a1b2c3d4', 'a1b2c3d4e5', 'a123a123', 'a123456', 'a1s2d3', 'a1s2d3f4', 'a147b258c369', 'a123445', 'a1234457', 'a147258', 'a147258369', 'a123654', 'a456789', 'a789456', 'a123123123', 'a123123', 'a162a', 'a1234567', 'a369369', 'a1b2c3', 'a1b2c3d4', 'a1b2c3d4e5', ""a's;dlfkgjh"", 'a.369', 'a1b2', 'a6266005*', 'a770308b', 'a#9l@1q3$p4%5&zm', 'a168ball@!$552', 'a168ball', 'a47984329', 'a1b2c3d4e5f6', 'a123456', 'a1s2d3', 'a1s2d3f4', 'a147b258c369', 'a123445', 'a1234457', 'a147258', 'a147258369', 'a123654', 'a456789', 'a789456', 'a123123123', 'a123123', 'a162a', 'a1234567', 'a369369', 'a1b2c3', 'a1b2c3d4', 'a1b2c3d4e5', 'a123456', 'a1s2d3', 'a1s2d3f4', 'a147b258c369', 'a123445', 'a1234457', 'a147258', 'a147258369', 'a123654', 'a456789', 'a789456', 'a123123123', 'a123123', 'a162a', 'a1234567', 'a369369', ""a's;dlfkgjh"", 'a.369', 'a1b2', 'a1b2c3', 'a1b2c3d4', 'a1b2c3d4e5', 'a13960785298bb', 'a123123456', 'a456123a', 'a6266005*', ""a's;dlfkgjh"", 'a.369', 'a1b2', 'a1b2c3', 'a1b2c3d4', 'a1b2c3d4e5', 'a1s2d3', 'a1s2d3f4', 'A.M.I', 'a119', 'a135ak47', 'a17696', 'a1234567', 'a12345678', 'a123456789', 'a13879693508.', 'a2007', 'a123', 'a0001', 'a123123', 'a12345', 'a123456', 'a1b2c3', 'a1b2c3d4', 'a1314521', 'a600648', 'a284962106', 'a85147611', 'a123456a', 'a87101766a', 'a87101766', 'a1b2c3', 'a123', 'a123456', 'a123456', 'a123456789', 'a123123', 'a5201314', 'a12345678', 'a88550', 'a123', 'a123456', 'a123456'],
'b',['b123b123', 'b0925', 'b28745', 'b5ttyou', 'b.li', 'b.wang', 'b.li', 'b.zhang', 'b.wang', 'b.liu', 'b.liu', 'b.zhang', 'b.yang', 'b.chen', 'b.li', 'b.chen', 'b.wang', 'b.li', 'b.wang', 'b.wang', 'b.zhang', 'b.liu', 'b.yang', 'b.li'],
'c',['c++', 'C@iurlionis', 'c123456.', 'c3net^22', 'c3net_co.ltd', 'c3net2008', 'c3net', 'c3net', 'C20070929', 'c3net_co.ltd', 'c3net123', 'c3net123445789', 'c3net789654', 'c3net456789', 'c3net147258', 'c3net1314', 'c3net520', 'c3net1314520', 'c3net456321', 'c3net123445', 'c3net123654', 'c3net123456789', 'c3net123456', 'c3net2008', 'c3net', 'C20070929', 'c3net', 'c3net_co.ltd', 'c3net123', 'c3net123445789', 'c3net789654', 'c3net456789', 'c3net147258', 'c3net1314', 'c3net520', 'c3net1314520', 'c3net456321', 'c3net123445', 'c3net123654', 'c3net123456789', 'c3net123456', 'c1123', 'c1b62d5', 'c68hxy', 'c123x', 'c.wang', 'c.li', 'c.zhang', 'c.liu', 'c.wang', 'c.chen', 'c.liu', 'c.yang', 'c.chen', 'c.ma'],
'd',[""d'Hotel"", 'd8031j', 'd2EGiDvvbH', 'd.wang', 'd.li', 'd.liu', 'd.zhang', 'd.wang', 'd3ftup'],
'e',['e1b2e3s4t5!', 'e963.com', 'e963.com', 'e963.com', 'e23h982T&^R$56R%^R$%', 'e23h982T&^R$56R%^R$%', 'e789456', 'e-mail'],
'f',['f23w2...', 'f1d2s3a', 'f1d2s3a4', 'f19ht', 'f43b1d', 'f1', 'F557080903FangChan', 'f.wang', 'f.liu', 'f.wang', 'f.li', 'f.yang', 'f.chen', 'f.li', 'f.gao', 'f.yang', 'f.wang', 'f.liu', 'f.li', 'f.zhang', 'f.zhang', 'f.chen', 'f.zhang', 'f.liu', 'f.zhang'],
'g',['G$2#MZ0%1', 'g0502', 'g.wang', 'g.li', 'g.liu', 'g.chen', 'g1'],
'h',['h123445', 'h123456', 'h123445', 'h123456', 'h123456', 'H#&ioXzxx8O90B7', 'h4ck', 'h4ck3r', 'h23087', 'h.wumei', 'h2opolo', 'h.wang', 'h.zhang', 'h.li', 'h.li', 'h.li', 'h.zhang', 'h.wang', 'h.zhang', 'h.liu', 'h.zhang', 'h.li', 'h.wang', 'h.wang', 'h.chen', 'h.chen', 'h.liu', 'h.wang', 'h.zhang', 'h.liu', 'h.chen', 'h.yang', 'h.wang', 'h.li', 'h.chen', 'h.liu', 'h.liu', 'h.liu', 'h.yang'],
'i',[""i'mok"", ""i'mokay"", 'i3872342i23', 'i5n1y2'],
'j',['j123445', 'j123456', 'j7e5q1y4p9', 'j123445', 'j123456', 'j123456', 'j2mv9jyyq6', 'j666998', 'j7e5q1y4p9', 'j77777', 'j2mv9jyyq6', 'j2mv9jyyqq', 'j2mv9jyyq9', 'j.li', 'j.wang', 'j.zhang', 'j.li', 'j.li', 'j.zhang', 'j.li', 'j.wang', 'j.wang', 'j.liu', 'j.zhang', 'j.wang', 'j.liu', 'j.chen', 'j.liu', 'j.liu', 'j.chen', 'j.zhang', 'j.li', 'j.yang', 'j.zhang', 'j.wang', 'j.yang', 'j.yang', 'j.wang', 'j.zhang', 'j.chen', 'j.wang', 'j.chen', 'j.liu', 'j.li', 'j.zhao', 'j.zhang', 'j.wang', 'j.zhang', 'j.liu', 'j.li', 'j.li', 'j.zhang', 'j.li', 'j.chen', 'j.li', 'j.yang', 'j.zhou', 'j.zhao', 'j.chen', 'j.zhou', 'j.xu'],
'k',['k3kt9...', 'k5tMAve+ybF7', 'k5tMAve+ybF7', 'k7621671', 'k777888', 'k777888', 'k4hvdq', 'k8mrc2', 'k800.cn', 'k.wang', 'k.zhang', 'k.liu', 'k.li', 'k.wang', 'k.zhang'],
'l',[""l;'';l"", 'l2woMyQpOriA', 'l60399', 'l60399', 'l0ser', 'l1a2d3', 'l3188250', 'l4748', 'l.zhang', 'l.wang', 'l.wang', 'l.zhang', 'l.li', 'l.li', 'l.liu', 'l.wang', 'l.zhang', 'l.zhang', 'l.chen', 'l.yang', 'l.li', 'l.wang', 'l.chen', 'l.li', 'l.wang', 'l.zhang', 'l.liu', 'l.wang', 'l.li', 'l.chen', 'l.chen', 'l.chen', 'l.zhang', 'l.yang', 'l.yang', 'l.liu', 'l.zhang', 'l.chen', 'l.zhang', 'l.wang', 'l.wang', 'l.yang', 'l.liu', 'l.li', 'l.ma', 'l.yang', 'l.li', 'l.li', 'l.zhao', 'l.zhang', 'l.wang', 'l.chen', 'l.zhang', 'l.wang', 'l.wang', 'l.zhou'],
'm',['m-idc.cn', 'm9o3g1m1', 'm-idc.cn', 'm079880j', 'm&g_2008', 'm@r6@r!t@$', 'm@r9@r!t@$', 'm.zhang', 'm.wang', 'm.li', 'm.li', 'm.liu', 'm.li', 'm.chen', 'm.zhang', 'm.yang', 'm.wang', 'm.yang', 'm.zhang', 'm.chen', 'm.liu', 'm.zhou', 'm.zhao', 'm.yang', 'm.wang', 'm.chen', 'm.huang', 'm.liu', 'm.xu'],
'n',['n58.com', 'n58', 'n582008', 'n1va1h', 'n3xnutue', 'n397534211', 'n.li', 'n.wang', 'n.li', 'n.wang', 'n.zhang', 'n.liu', 'n.zhang', 'n.zhang'],
'o',[""O'gyalla"", ""O'Higgins"", ""O'Steen"", 'O2OIe!1HQv2)t#', 'O#%69x%T@lxQYobWq2@LM', 'O+0+Oo)#*@&#%$#!', 'o02tenc'],
'p',['P@ssw0rd', ""p[]l;',./"", 'p0o9i8', 'p0o9', 'p0o9i8u7', 'p0o9i8', 'p0o9i8', 'p0o9', 'p0o9i8u7', 'P@ssw0rd', 'p0o9i8', 'p0o9i8', 'p0o9', 'p0o9i8', 'p0o9i8u7', 'p8p2j5j', 'P@ssw0rd', 'p0o9i8', 'P@ssw0rd', 'p123456789', 'p7x4y3', 'p@ssw0rdk1y', 'p7p7p7', 'P@ssw0rd', 'P@ssw0rd', 'P@ssw0rd', 'p.wang', 'p.li', 'p.li', 'p.wang', 'p.zhang', 'p.li', 'p.zhang', 'p.wang', 'p.wang', 'p.zhang', 'p.liu', 'p.liu', 'p.liu', 'p.chen', 'p.chen', 'p.yang', 'p.chen', 'p0o9i8'],
'q',['q1w2e3', 'q1w2e3', 'Q1234%yy', 'q1w2e3r4t5', 'Q!W@E#R$T%Y^U&I*O(P)', 'q1w2e3,./', 'q1w2e3r4', 'q1w2e3r4t5y6', 'q1w2e3r4t5', 'q1w2e3', 'Q!W@E#R$T%Y^', 'q123456', 'q111111111', 'q1w2e3r4t5y6u7i8o9p0[-]=', 'Q!W@E#R$T%Y^U&I*O(P){_}+', 'q1w2e3r4t5y6u7i8o9p0', 'q1w2e3r4t5y6u7i8o9p', 'q1w2e3r4t5y6u7i8o9', 'q1w2e3r4t5y6u7i8o', 'q1w2e3r4t5y6u7i8', 'q1w2e3r4t5y6u7i', 'q1w2e3r4t5y6u7', 'q1w2e3r4t5y6u', 'q1w2e3r4t5y', 'q1w2e3r4t', 'q1w2e3r', 'q1w2e', 'q1w2', 'q!w@e#r$t%y^u&i*o(p)', 'q!w@e#r$t%y^u&i*o(p', 'q!w@e#r$t%y^u&i*o(', 'q!w@e#r$t%y^u&i*o', 'q!w@e#r$t%y^u&i*', 'q!w@e#r$t%y^u&i', 'q!w@e#r$t%y^u&', 'q!w@e#r$t%y^u', 'q!w@e#r$t%y^', 'q!w@e#r$t%y', 'q!w@e#r$t%', 'q!w@e#r$t', 'q!w@e#r$', 'q!w@e#r', 'q!w@e#', 'q!w@e', 'q!w@', 'q!w', 'q1w2e3r4', 'q1w2e3r4t5y6', 'q1w2e3r4t5', 'q1w2e3', 'q1w2e3$%^&', 'q123456', 'q1s2c3', 'q!w@e#r$', 'q!w@e#r$r$', 'q!w@e#', 'q111111111', 'q1w2', 'q1w2e3', 'q1w2e3r4', 'q1w2e3r4t5', 'q1w2e3r4t5y6u7i8o9p0', 'q123.0', 'Q!W@E#R$', 'q1w2e3r4t5y6u7i8o9p', 'q1w2e3r4t5y6u7i8o9', 'q1w2e3r4t5y6u7i8o', 'q1w2e3r4t5y6u7i8', 'q1w2e3r4t5y6u7i', 'q1w2e3r4t5y6u7', 'q1w2e3r4t5y6u', 'q1w2e3r4t5y', 'q1w2e3r4t', 'q1w2e3r', 'q1w2e', 'q1w2e3$%^&', 'q123456', 'q1s2c3', 'q!w@e#r$', 'q!w@e#r$r$', 'q!w@e#', 'q123456', 'q1s2c3', 'q111111111', 'q1w2', 'q1w2e3', 'q1w2e3r4', 'q1w2e3r4t5', 'q1w2e3r4t5y6u7i8o9p0', 'q!w@e#r$', 'q!w@e#r$r$', 'q123.0', 'Q!W@E#R$', 'q!w@e#', 'q1w2e3r4t5y6', 'q1w2', 'q1w2e3', 'q1w2', 'q1w2e3', 'q1w2e3r4', 'q1w2e3r4t5y6u7i8o9p0', 'q!w@e#r$', 'q!w@e#r$r$', 'q123.0', 'q1w2', 'q1w2e3', 'q1w2e3r4', 'q1w2e3$%^&', 'q1w2e3r4', 'q1w2e3r4t5y6u7i8o9p', 'q1w2e3r4t5y6u7i8o9', 'q1w2e3r4t5y6u7i8o', 'q1w2e3r4t5y6u7i8', 'q1w2e3r4t5y6u7i', 'q1w2e3r4t5y6u7', 'q1w2e3r4t5y6u', 'q1w2e3r4t5y', 'q1w2e3r4t', 'q1w2e3r', 'q1w2e', 'Q!W@E#R$', 'q!w@e#', 'q!w@e#r$', 'q1w2e3r4t5', 'q123456', 'q01258', 'q1q1', 'q123456789', 'q1w2e3r4', 'q00w00r00', 'q9491234', 'q1w2e3', 'q1w2e3', 'q1w2e3', 'q.li', 'q.wang', 'q.zhang', 'q.liu', 'q.zhang', 'q.wang', 'q.chen', 'q.wang', 'q.li', 'q.zhang', 'q.li', 'q.liu', 'q.liu', 'q123456', 'q123456789', 'q1w2e3$%^&', 'q123456', 'q1w2', 'q1w2e3', 'q1w2e3r4', 'q1w2e3r4t5', 'q1w2', 'q1w2e3', 'q1w2e3r4', 'q1w2e3r4t5'],
'r',['r:DmLGmbnvhQJ65Y', 'r4sky', 'r.wang', 'r.zhang', 'r.wang', 'r.li', 'r.zhang', 'r00t'],
's',['s320602801116001', 's123445', 's123456', 'S-Dwfda@Db%vMB&Rf', 's666aabbcc', 's65211270', 's123445', 's123456', 'S#d885fk9981', 's811225', 's123445', 's123456', 'S#d885fk9981', 's123445', 's123456', 's123456', 'S:jXenCY8_zDQh,w', 's800318', 's60800138', 's800318', 's80hzm', 's123456', 's1.idcjt.com', 's.wang', 's.zhang', 's.li', 's.liu'],
't',['T5j6y7s8w', 't2124;vip,""K24U98jxc9t6oitu$#', 'T5j6y7s8w', 't123445', 't123456', 't123445', 't123456', 't123456', 'T61PJ+Wp-t', 'T1w2H3G$w4#ggw\x04w&t#t##^%tw@^#tWDwW', 'T00ls', 't19660428', 't\\c\\b\\y', 't-bone', 't3mpp@ss', 't105ing', 't.zhang', 't.wang', 't.liu', 't.li', 't.wang', 't.chen', 't.li', 't.zhang', 't.yang', 't.liu'],
'u',['u,vcs711073ff', 'u5xKGwz9nn3J', 'u8e3yt7e3t6', 'u0131sa'],
'v',['v01.cna', 'v01.cna', 'v01.cn', 'v01.cna', 'v01cn', 'v01.cn', 'v01.cn', 'v01.cn!@#', 'v01.cna', 'v01.cnidc', 'v01dayu88', 'v01.com.cn', 'v01.cn', 'v01.cn.com', 'v01.cn!@#'],
'w',['w123456', 'w123456789', 'w123456', 'w123445', 'w111111111', 'W6g6LM8s4K54P', 'w123456', 'w123456', 'w123456', 'w123445', 'w111111111', 'w123.0', 'w19811201', 'w123456', 'w123445', 'w111111111', 'w123456', 'w123.0', 'w0rldcup', 'w321102922', 'w123.0', 'w123456', 'w1018n', 'w9201p', 'w798uniod', 'w0rldcup', 'w!ns@ckP@$$12', 'w123456w', 'w.zhang', 'w.wang', 'w.li', 'w.liu', 'w.chen', 'w.zhao', 'w.yang', 'w.huang', 'w.zhou', 'w.li', 'w.sun', 'w.xu', 'w.zhang', 'w123456', 'w123456789'],
'x',['x7wanybz', 'x6g8n4f7d3', 'x6g8n4f7d3', 'x19991213', 'x364300', 'x1x1', 'x.li', 'x.wang', 'x.wang', 'x.li', 'x.li', 'x.zhang', 'x.zhang', 'x.wang', 'x.zhang', 'x.liu', 'x.wang', 'x.zhang', 'x.liu', 'x.chen', 'x.li', 'x.li', 'x.yang', 'x.wang', 'x.chen'],
'y',['Y52y10**.ml.9p', 'y8i5n3g1_+<>', 'y3209b', 'y392l20', 'y801028e', 'y51', 'Y.X.Y', 'y9idc.com', 'y9idc!@', 'y.liu', 'y.wang', 'y.wang', 'y.zhang', 'y.zhang', 'y.li', 'y.li', 'y.zhang', 'y.liu', 'y.wang', 'y.liu', 'y.li', 'y.wang', 'y.li', 'y.chen', 'y.yang', 'y.zhang', 'y.zhang', 'y.liu', 'y.liu', 'y.chen', 'y.chen', 'y.yang', 'y.chen', 'y.zhang', 'y.li', 'y.wang', 'y.wang', 'y.li', 'y.yang', 'y.li', 'y.liu', 'y.zhang', 'y.yang', 'y.liu', 'y.wang', 'y.wang', 'y.li', 'y.chen', 'y.zhang', 'y.liu', 'y.zhang', 'y.huang', 'y.wang', 'y.li', 'y.li', 'y.wang', 'y.zhao', 'y.liu', 'y.zhang', 'y.zhou', 'y.yang'],
'z',['z7dYlUvy38Bi', 'z1x2c3', 'z123445', 'z1x2c3', 'z123445', 'z123456', 'z1x2c3', 'z1x2c3v4', 'z123445', 'z/x.c,vmbn', 'z1234567890', 'z2j8r8v6', 'Z1j2y384412787_$@!Hyx@28', 'z123456', 'z1x2c3', 'z1x2c3v4', 'z123445', 'z123456', 'z1x2c3', 'z1x2c3v4', 'z123445', 'z/x.c,vmbn', 'z1234567890', 'z456123', 'z/x.c,vmbn', 'z1234567890', 'z123456', 'z3121025', 'z123456789', 'z123456', 'z456123', 'z123456', 'z123456789', 'z123456'],
'aa',['aardvark', 'aaa123!@#', 'aaa111', 'aaa123', 'aaron', 'aaronites', 'Aaltje', 'Aarhus', 'Aaronson', 'Aaryn', 'Aase', 'Aavasaksa', 'aabomyceticus', 'aalborgi', 'aarhus', 'aa12345asd', 'aa12345678', 'aa123456', 'aa', 'aa12345678', 'aa123456', 'aabbccdd11223344', 'aa1234567', 'aaa111', 'aaa222', 'aaa333', 'aaa888', 'aaa999', 'aaa123', 'aaaaaa', 'aa123', 'aaaqqq111', 'aabbcc', 'aaabbb', 'aa114aa', 'aaa', 'aaaa', 'aaaaaz', 'aa123445', 'aa1234', 'aa123456', 'aassdd', 'aassdd123', 'aassdd1234', 'aassdd1234%^&*', 'aassddff', 'aa12345', 'aaaa1111', 'aass7788', 'aaa123456', 'Aa98637381', 'aaa111', 'aaa222', 'aaa333', 'aaa888', 'aaa999', 'aaa123', 'aaa', 'aaaaaa', 'aa123', 'aaaqqq111', 'aabbcc', 'aaabbb', 'aaaa', 'aaaaaz', 'aa123', 'aa1234', 'aa123456', 'aaazzz', 'aaaaaa', 'aa123445', 'aabbcc', 'aaaddd', 'aadusanmaobbzhouyun', 'aadusanmao520zhouyun', 'aa1124', 'aawawjyaaB49', 'aa12345', 'aa123', 'aa1234', 'aa123456', 'aaazzz', 'aaaaaa', 'aa123', 'aa1234', 'aa123456', 'aaazzz', 'aaaaaa', 'aa123445', 'aabbcc', 'aaaddd', 'aaa123', 'aawgimq520', 'aa584520', 'aaa123456', 'aadusanmaobbzhouyun', 'aadusanmao520zhouyun', 'aaa', 'aaaaaa', 'aaaaaa', 'aaaaaa', 'aa123', 'aa1234', 'aa123456', 'aaaAAA111', 'aaaaaa', 'aaaaaaaa', 'aaaaa', 'aaaa', 'aaaaaa', 'aaronhui', 'aaa123456', 'aa123456', 'aaaaaaaa', 'aa296419130', 'aass', 'aa110aa', 'aaa', 'aaron', 'aaa123!@#', 'aa##hzhsc$$2', 'aaa111', 'aaa123', 'aa123456', 'aaa123456', 'aa123456789', 'aa123', 'aa1234', 'aa123456', 'aaazzz', 'Aa12345root', 'Aaliyah', 'aaron', 'Aaron', 'aas'],
'ab',['abadabdoo', 'abc123', 'abcd', 'abcde', 'abcdef', 'abracadabra', 'abracadaver', 'abc123', 'abcd36888', 'abcd1234', 'abc!@#', 'abc123!@#', 'abaddon', 'abagtha', 'abana', 'abarim', 'abase', 'abased', 'abasing', 'abated', 'abba', 'abda', 'abdeel', 'abdi', 'abdiel', 'abdon', 'abednego', 'abel', 'abelbethmaachah', 'abelmaim', 'abelmeholah', 'abelmizraim', 'abelshittim', 'abez', 'abhor', 'abhorred', 'abhorrest', 'abhorreth', 'abhorring', 'abi', 'abia', 'abiah', 'abialbon', 'abiasaph', 'abiathar', 'abib', 'abida', 'abidah', 'abidan', 'abide', 'abideth', 'abiding', 'abiel', 'abiezer', 'abiezrite', 'abiezrites', 'abigail', 'abihail', 'abihu', 'abihud', 'abijah', 'abijam', 'abilene', 'ability', 'abimael', 'abimelech', 'abinadab', 'abinoam', 'abiram', 'abishag', 'abishai', 'abishalom', 'abishua', 'abishur', 'abital', 'abitub', 'abiud', 'abjects', 'able', 'abner', 'aboard', 'abode', 'abodest', 'abolish', 'abolished', 'abominable', 'abominably', 'abomination', 'abominations', 'abound', 'abounded', 'aboundeth', 'abounding', 'about', 'above', 'abraham', 'abram', 'abroad', 'absalom', 'absence', 'absent', 'absolute', 'abstain', 'abstinence', 'abundance', 'abundant', 'abundantly', 'abuse', 'abused', 'abusers', 'abusing', 'Abalakin', 'Abanderada', 'Abante', 'Abastumani', 'Abell', 'Abetti', 'Abkhazia', 'Abnoba', 'Abundantia', 'abactoclasticum', 'abadina', 'abaete', 'abaetetuba', 'abdelmalekii', 'aberdeen', 'aberrans', 'abidjan', 'abikoense', 'abikoensis', 'ablogame', 'abobo', 'abony', 'abortivoequina', 'abortu', 'abortus', 'abortusbovis', 'abortusequi', 'abortusovis', 'abramis', 'abscessum', 'abscessus', 'absonum', 'absorbens', 'aburaviensis', 'abysseus', 'abyssi', 'abcd4321', 'abcd54321', 'abc123', 'abc123456', 'abcabc', 'abc!@#', 'abc123!@#', 'abc!@#123', 'abc123', 'abcdefg123456', 'abc111', 'abc111222', 'abc777888', 'abc888999', 'abcabcd1234', 'abc!@#456', 'abcabcd1234%^&*', 'abc123456', 'abc123,./', 'abcde12345', 'abitcool', 'abc123', 'abcd1234', 'abc123!@#', 'abbey', 'abcd1111', 'abcdabcd', 'abcde!@#$%', 'abcd!@#$', 'abcd123!@#', 'abhui', 'abc', 'abcd', 'abc1234', 'abc12345', 'abc76842004', 'abcd&!*!', 'abcdefg', 'abcd123321', 'abcd123', 'abcd12345', 'abc', 'abcde12345', 'abitcool', 'abc123', 'abcd1234', 'abc123!@#', 'abbey', 'abcd1111', 'abcdabcd', 'abcd!@#$', 'abcd123!@#', 'abcabc800', 'abc123', 'abcabcd', 'ababab', 'abcdef123456', 'abcd.com', 'abcd12345', 'abcde12345', 'abcd', 'abc', 'abcd369', 'abcdidc', 'abc123!@#', 'abc123456', 'ab419cecedd64b0', 'abcd1234', 'abcdefg', 'abcd4321', 'abc123', 'abcabcd', 'ababab', 'abcdef123456', 'abcd.com', 'abc123', 'abcd12345', 'abcde12345', 'abcd', 'abc', 'abcd369', 'abcdidc', 'abcabcd', 'ababab', 'abcdef123456', 'abc123', 'abc123', 'ABC123abcd', 'abc-123', 'abcd123!@#12345', 'abcd222', 'abcd333', 'abcd444', 'abcd555', 'abcd666', 'abcd777', 'abcd888', 'abcd999', 'abcd000', 'abcd1234!@#$%', 'abcdefg!@#$%^&*', 'abcd12345!@#', 'abcd1234!@#', 'abcdefg!@#$%^&', 'abcdefg!@#$%^&*()', 'abcbacel', 'abcbacel520', 'abc123!@#', 'abc123456', 'abc123456abc', 'abc123', 'abcd1234', 'abcabcd', 'ababab', 'abcdef123456', 'abcdef', 'abcdefg', 'ABC123', 'ab1997', 'ab761214cd', 'abandone', 'abc915', 'abcd', 'abcd1234', 'abcde', 'abcdf', 'abesmail0315', 'abc123456', 'abc321', 'abcd123@', 'abby', 'abc', 'abigail', 'absolut', 'abc123', 'abcd1234', 'abc!@#', 'abc12345', 'abc321', 'abcxyz', 'abc7868199_!@#$', 'abc123!@#', 'abc123!@#', 'abc123!@#$^', 'abcd36888', 'abcd1234', 'abc!@#', 'abc123!@#', 'abc123456', 'abc123', 'abcd123456', 'abc123456789', 'abcd1234', 'abcd123', 'abc123', 'abc123', 'abcd1234', 'abcd12345', 'abcde12345', 'abc', 'abc123', 'abcd', 'abcde', 'Aba', 'abc123', 'abdul', 'Abel'],
'ac',['accounts', 'acknak', 'accad', 'accept', 'acceptable', 'acceptably', 'acceptance', 'acceptation', 'accepted', 'acceptest', 'accepteth', 'accepting', 'access', 'accho', 'acclaimed', 'accompanied', 'accompany', 'accompanying', 'accomplish', 'accomplished', 'accomplishing', 'accomplishment', 'accord', 'according', 'accordingly', 'account', 'accounted', 'accounting', 'accounts', 'accurate', 'accursed', 'accusation', 'accuse', 'accused', 'accuser', 'accusers', 'accuseth', 'accusing', 'accustomed', 'aceldama', 'achaia', 'achaicus', 'achan', 'achar', 'achaz', 'achbor', 'achim', 'achish', 'achmetha', 'achor', 'achsa', 'achsah', 'achshaph', 'achzib', 'acknowledge', 'acknowledged', 'acknowledgement', 'acknowledgeth', 'acknowledging', 'acquaint', 'acquaintance', 'acquainted', 'acquainting', 'acquit', 'acre', 'acres', 'act', 'action', 'actions', 'activity', 'acts', 'actually', 'Academia', 'Achaia', 'Achilles', 'Aconcagua', 'ac', 'acajouruber', 'acapulcensis', 'accolens', 'accra', 'aceris', 'acetamidoly', 'acetamidolyticum', 'aceti', 'aceticum', 'acetigenum', 'acetivibrio', 'acetivorans', 'acetoacidophilum', 'acetoanaerobium', 'acetobacter', 'acetobacterium', 'acetobacteroides', 'acetobutylicum', 'acetocidophylum', 'acetoethylicus', 'acetofilamentum', 'acetogenium', 'acetoglutamicum', 'acetohalobium', 'acetoinfaciens', 'acetomicrobium', 'acetonema', 'acetosus', 'acetothermus', 'acetotolerans', 'acetoxidans', 'acetylenicus', 'acetylicum', 'acholeplasma', 'achromatium', 'achromobacter', 'achromoge', 'achromogenes', 'acid', 'acida', 'acidaminobacter', 'acidaminococcus', 'acidaminophila', 'acidaminophilum', 'acidi', 'acidianus', 'acidificans', 'acidificum', 'acidigallici', 'acidilactici', 'acidilactis', 'acidiphilium', 'acidipropionici', 'acidiscabies', 'acidiurici', 'acidobacterium', 'acidocaldarium', 'acidocaldarius', 'acidominimus', 'acidomonas', 'acidomultus', 'acidomyceticus', 'acidop', 'acidophila', 'acidophilum', 'acidophilus', 'acidoresistans', 'acidoterrestris', 'acidothermus', 'acidovorans', 'acidovorax', 'acidula', 'acidurans', 'acinetobacter', 'acinicolor', 'acinonyx', 'acnes', 'acoagulans', 'acres', 'acrimycini', 'acromonas', 'actinoalloteichus', 'actinobacillus', 'actinobacter', 'actinobacterium', 'actinobifida', 'actinobispora', 'actinocorallia', 'actinokineospora', 'actinomadura', 'actinomonospora', 'actinomyces', 'actinomycetecomitans', 'actinomycetemcomitans', 'actinomycetocomitans', 'actinoplanacete', 'actinoplanes', 'actinopolyspora', 'actinopycnidium', 'actinosporangium', 'actinosynnema', 'activus', 'actuosus', 'aculentosporus', 'aculeolatus', 'acuminatum', 'acooto123', 'acy7789815', 'Action', 'access', 'active', 'acura', 'access', 'Access'],
'ad',['admin', 'administ', 'adventur', 'admin!@#', 'admin', 'admin1', 'admin123', 'admin13906271234', 'admin001', 'adadah', 'adah', 'adaiah', 'adalia', 'adam', 'adamah', 'adamant', 'adami', 'adar', 'adbeel', 'add', 'addan', 'addar', 'added', 'adder', 'adders', 'addeth', 'addi', 'addicted', 'addition', 'additions', 'addon', 'ader', 'adiel', 'adin', 'adina', 'adino', 'adithaim', 'adjure', 'adjured', 'adlai', 'admah', 'admatha', 'administered', 'administration', 'administrations', 'admiration', 'admired', 'admit', 'admitedly', 'admonish', 'admonished', 'admonishing', 'admonition', 'adna', 'adnah', 'ado', 'adonibezek', 'adonijah', 'adonikam', 'adoniram', 'adonizedec', 'adoption', 'adoraim', 'adoram', 'adorn', 'adorned', 'adorneth', 'adorning', 'adrammelech', 'adramyttium', 'adria', 'adriel', 'adullam', 'adullamite', 'adulterer', 'adulterers', 'adulteress', 'adulteresses', 'adulteries', 'adulterous', 'adultery', 'adultress', 'adummim', 'advanced', 'advantage', 'advantaged', 'advantageth', 'adventure', 'adventured', 'adversaries', 'adversary', 'adversities', 'adversity', 'advertise', 'advice', 'advise', 'advised', 'advisement', 'advocate', 'Ada', 'Adalberta', 'Adams', 'Adelaide', 'Adele', 'Adelgunde', 'Adelheid', 'Adelinda', 'Adeona', 'Admete', 'Adolfine', 'Adonis', 'Adorea', 'Adrastea', 'Adria', 'Adriana', 'Adzhimushkaj', 'adabraka', 'adamstown', 'adamstowne', 'adamstua', 'adana', 'adaptatus', 'adaptus', 'adecarboxylata', 'adelaide', 'adelaidensis', 'adeoyo', 'adephospholyticus', 'adetum', 'adhaerens', 'adhaesiva', 'adhesiva', 'adime', 'adjacens', 'adjame', 'admirandus', 'adolescentis', 'adriatica', 'adriaticum', 'adriaticus', 'admin@42', 'admin', 'admin!@#$%', 'adonis', 'admin!@#$%', 'administrator123', 'administrators', 'administrator', 'adminis', 'admins', 'adminadministrator', 'admin123', 'admin520', 'admin', 'administrator', 'administratorS', 'admin!@#$', 'admin!@#$%', 'admin1', 'admin789', 'admin1234', 'admin12345', 'admin999', 'admin888', 'admin123456', 'admin521', 'admin56789', 'admin6789', 'adad!@#', 'ad!@#$%^', 'admin1980', 'admin1981', 'admin1982', 'admin1983', 'admin1984', 'adjl', 'adjl123', 'AD123456', 'adadad', 'Admin1522', 'adminisgxlide2008', 'adminislide2008', 'admin14868', 'admin51', 'admin8888', 'admin!@#', 'admin000', 'adminidc', 'admin9', 'admin89', 'admin12', 'adminadmin', 'ad123456', 'ad1234567', 'admin7758521', 'admoin1212', 'admin5201314', 'admin1314', 'admin1234%^&*', 'admin111', 'adminzhijian', 'adminonline', 'administrators', 'admin!@#$%^&*()', 'admini', 'admin', 'admin123', 'admin520', 'admin', 'administrator', 'administratorS', 'admin!@#$', 'admin!@#$%', 'admin1', 'admin789', 'admin1234', 'admin12345', 'admin999', 'admin888', 'admin000', 'admin123456', 'admin521', 'admin56789', 'admin6789', 'adad!@#', 'ad!@#$%^', 'admin1980', 'admin1981', 'admin1982', 'admin1983', 'admin1984', 'adjl', 'adjl123', 'AD123456', 'adadad', 'Admin1522', 'Ad@sd119', 'Ad@sd119!@#$', 'Ad@sd119', 'Ad@sd119!@#$', 'admin2009', 'administrator', '1', 'admin1', 'admin789', 'admin123', 'admin6789', 'admin1234', 'admin56789', 'admin12345', 'admin521', 'admin007', 'admin520', 'admoin1212', 'admin5201314', 'admin1314', 'adminadmin', 'admin7758521', 'ad123456', 'ad123', 'ad1234567', 'admin123456789', 'admin', 'administrators', 'adjl', 'adjl123', 'adminidc', 'admin!@#$', 'admin2008', 'admin@htxg.net', 'admin@htxg', 'admin@linkhtxg.net', 'admin123456', 'admin1234567', 'admin12345678', 'admin1234567890', 'adad!@#', 'ad!@#$%^', 'adminzj123456', 'Admin1522', 'admin258', 'admin369', 'admin.369', 'admin110', 'admin111', 'admin222', 'admin333', 'admin444', 'admin555', 'admin666', 'admin777', 'admin888', 'admin999', 'admin000', 'admin1980', 'admin1981', 'admin1982', 'admin1983', 'admin1984', 'admin9', 'admin89', 'admin12', 'admin456789', 'admin123445', 'admin3456789', 'admin1234457', 'admin23456789', 'admin12344578', 'admin123445789', 'admin!@#$%', 'admin!@#$%^', 'admin!@#$%^&', 'admin!@#$%^&*', 'admin!@#$%^&*(', 'admin!@#$%^&*()', 'admin!qaz', 'admin!qaz@wsx', 'admin!qaz@wsx#edc', 'admin1qaz', 'admin1qaz2wsx', 'admin1qaz2wsx3edc', 'admin123qwe', 'admin123qweasd', 'admin123qweasdzxc', 'adminqwertyuiop', 'admin********', 'admin007admin007', 'admin12342234', 'admin12341234', 'admin666888', 'admin111222', 'admin222333', 'admin333444', 'admin444555', 'administrator389', 'administrator!@#', 'administrator1234', 'administrator1', 'admin!!', 'admin,./', 'adminqwe', 'adminqwer', 'adminasdf', 'adminasdfghjkl', 'admin998998', 'administrator!@#$%^&*', 'adad', 'admin1234457890', 'admin123.0', 'adad1212', 'admin7410', 'admin0000', 'adminqsq2500+', 'admin&^sm', 'Ad@sd119', 'Ad@sd119!@#$', 'adminisgxlide2008', 'adminislide2008', 'admin1234%^&*', 'adminssws,', 'administrator', '1', 'admin1', 'admin789', 'admin123', 'admin6789', 'admin1234', 'admin56789', 'admin12345', 'admin521', 'admin007', 'admin520', 'admoin1212', 'admin5201314', 'admin1314', 'adminadmin', 'admin7758521', 'ad123456', 'ad123', 'ad1234567', 'admin123456789', 'admin', 'administrators', 'administrator', 'adjl', 'adjl123', 'adminidc', 'admin!@#$', 'admin2008', 'admin@htxg.net', 'admin@htxg', 'admin@linkhtxg.net', 'admin123456', 'admin1234567', 'admin12345678', 'admin1234567890', 'adad!@#', 'ad!@#$%^', 'adminzj123456', 'Admin1522', 'admin1', 'admin789', 'admin123', 'admin6789', 'admin1234', 'admin56789', 'admin12345', 'admin521', 'admin007', 'admin520', 'admoin1212', 'admin5201314', 'admin1314', 'adminadmin', 'admin7758521', 'ad123456', 'ad123', 'ad1234567', 'admin123456789', 'admin258', 'admin369', 'admin.369', 'admin110', 'admin111', 'admin222', 'admin333', 'admin444', 'admin555', 'admin666', 'admin777', 'admin888', 'admin999', 'admin000', 'admin', 'administrators', 'administrator', 'adjl', 'adjl123', 'adminidc', 'admin!@#$', 'admin1980', 'admin1981', 'admin1982', 'admin1983', 'admin1984', 'admin2008', 'admin@htxg.net', 'admin@htxg', 'admin@linkhtxg.net', 'admin9', 'admin89', 'admin12', 'admin456789', 'admin123445', 'admin3456789', 'admin1234457', 'admin23456789', 'admin12344578', 'admin123445789', 'admin!@#$%', 'admin!@#$%^', 'admin!@#$%^&', 'admin!@#$%^&*', 'admin!@#$%^&*(', 'admin!@#$%^&*()', 'admin!qaz', 'admin!qaz@wsx', 'admin!qaz@wsx#edc', 'admin1qaz', 'admin1qaz2wsx', 'admin1qaz2wsx3edc', 'admin123qwe', 'admin123qweasd', 'admin123qweasdzxc', 'adminqwertyuiop', 'admin********', 'admin007admin007', 'admin12342234', 'admin12341234', 'admin666888', 'admin111222', 'admin222333', 'admin333444', 'admin444555', 'administrator389', 'administrator!@#', 'administrator1234', 'administrator1', 'admin!!', 'admin,./', 'adminqwe', 'adminqwer', 'adminasdf', 'adminasdfghjkl', 'admin998998', 'administrator!@#$%^&*', 'adad', 'admin1234457890', 'admin123456', 'admin1234567', 'admin12345678', 'admin1234567890', 'adad!@#', 'ad!@#$%^', 'admin123.0', 'adad1212', 'admin7410', 'admin0000', 'admin', 'admini', 'admin5', 'admin5idc', 'admin123', 'admin888!@#', 'admin999!@#', 'ADSD24334322@#234@#$@sxasda', 'adslquite', 'admin2008', 'admin999', 'admin123', 'admin123456', 'adminhaosf999', 'admin@czdx', 'adminssws,', 'admin333', 'admin444', 'admin555', 'admin666', 'admin777', 'administrators', 'admin!@#$%', 'admin', 'admin1', 'admin789', 'admin123', 'admin1234', 'admin12345', 'admin999', 'admin888', 'admin000', 'administrator', 'admin123456', 'admin521', 'admin56789', 'admin6789', 'adad!@#', 'ad!@#$%^', 'admin1980', 'admin1981', 'admin1982', 'admin1983', 'admin1984', 'adjl', 'adjl123', 'admin123.0', 'admin123456789', 'admin258', 'admin369', 'admin.369', 'admin110', 'admin111', 'admin222', 'admin007', 'admin1qaz2wsx', 'adad1212', 'admin7410', 'admin7410', 'admin000', 'admin0000', 'admin!@#$', 'adminidc', 'adminadmin', 'admin520', 'ad123456', 'ad1234567', 'admin7758521', 'admoin1212', 'admin5201314', 'admin1314', 'Ad@sd119', 'admin', 'admin12', 'admin888', 'admin8', 'admin123', 'adminxxx', 'adminx', 'admins', 'admin', 'adad', 'adele', 'admin8888', 'admin456', 'admin---', 'adminegamecn', 'adminimda', 'adminjqzzydzzmwq', 'adminchen', 'admin8824', 'admin1', 'admin521', 'admin123123', 'adong198', 'admin5', 'Adidas', 'Administrator', 'adam', 'adg', 'admin520', 'adrian', 'advil', 'admin', 'admin!@#', 'admin123', 'admin2010', 'Admin2010', 'admin123456789', 'adminp@ss', 'adminpass', 'admin2009', 'admin@test', 'admin@idc', 'admin!dc', 'admini', 'admin5', 'admin5idc', 'admin5.com', 'admin1015', 'admin66', 'admin30016', 'Ad@sd119', 'admin#0804$19', 'admin_gaotai', 'admin321', 'admin@2010', 'admin@idc2010', 'admin@2011', 'admin13906271234', 'admin001', 'admin!@#', 'admin', 'admin1', 'admin123', 'admin13906271234', 'admin001', 'admin1', 'admin789', 'admin123', 'admin6789', 'admin1234', 'admin56789', 'admin12345', 'admin521', 'admin007', 'admin520', 'admoin1212', 'admin5201314', 'admin1314', 'adminadmin', 'admin7758521', 'ad123456', 'ad123', 'ad1234567', 'admin123456789', 'admin258', 'admin369', 'admin.369', 'admin110', 'admin111', 'admin222', 'admin333', 'admin444', 'admin555', 'admin666', 'admin777', 'admin888', 'admin999', 'admin000', 'admin', 'administrators', 'administrator', 'adjl', 'adjl123', 'adminidc', 'admin!@#$', 'admin1980', 'admin1981', 'admin1982', 'admin1983', 'admin1984', 'admin', 'adminadmin', 'admin123', 'admin0.', 'admin3388', 'admin8888', 'admin3388', 'administrator', 'adminadmin', 'adam', 'add', 'address', 'adl', 'admin', 'admincm', 'administrator', 'admins', 'adrian'],
'ae',['aerobics', 'aeneas', 'aenon', 'Aegina', 'Aegle', 'Aehlita', 'Aemilia', 'Aenna', 'Aeolia', 'Aeria', 'Aeschylus', 'Aesculapia', 'Aeternitas', 'Aethra', 'Aethusa', 'Aetolia', 'aegyptianella', 'aegyptius', 'aequatoria', 'aerata', 'aerobacter', 'aerobi', 'aerobic', 'aerococcus', 'aerocolonigenes', 'aerocolonigens', 'aerofaciens', 'aerofoetidum', 'aerogenes', 'aeromicrobium', 'aeromonas', 'aeromons', 'aeropenes', 'aerosaccus', 'aerotolerans', 'aertrycke', 'aeruginosa', 'aesch', 'aesta', 'aestuar', 'aestuarianus', 'aestuarii', 'aestumarina', 'aestus', 'aetinomyces', 'aen091018', 'aen091018', 'aeh', 'aek'],
'af',['afar', 'affairs', 'affect', 'affected', 'affecteth', 'affection', 'affectionately', 'affectioned', 'affections', 'affinity', 'affirm', 'affirmed', 'afflict', 'afflicted', 'afflictest', 'affliction', 'afflictions', 'affording', 'affright', 'affrighted', 'afoot', 'afore', 'aforehand', 'aforetime', 'afraid', 'afresh', 'after', 'afternoon', 'afterward', 'afterwards', 'Afra', 'Africa', 'afermentans', 'afghanensis', 'afghaniensis', 'afipia', 'aflao', 'africana', 'africanum', 'africanus', 'afula', 'afzelii', 'Affdde@##>dsdsa', 'afia'],
'ag',['agabus', 'agag', 'agagite', 'again', 'against', 'agar', 'agate', 'agates', 'age', 'aged', 'agee', 'ages', 'ago', 'agone', 'agony', 'agree', 'agreed', 'agreement', 'agrees', 'agreeth', 'agrippa', 'aground', 'ague', 'agur', 'Agamemnon', 'Agassiz', 'Agathe', 'Agematsu', 'Agenor', 'Aglaja', 'Agnes', 'Agnia', 'Agrippina', 'Aguilar', 'Aguntina', 'agalactiae', 'agama', 'aganoensis', 'agarbacterium', 'agarici', 'agarliquefaciens', 'agarovorans', 'agata', 'agbeni', 'agglomerans', 'agglomeratus', 'aggregans', 'aggregatum', 'aggregatus', 'agile', 'agilis', 'agitococcus', 'agni', 'ago', 'agodi', 'agogo', 'agona', 'agoueve', 'agrestis', 'agri', 'agrobacterium', 'agromonas', 'agromyces', 'agent_steal', 'againtry', 'Aggies', 'ager_1983!@#$%^654321', 'agsadmin', 'agung', 'agus', 'agus1'],
'ah',['ah', 'aha', 'ahab', 'aharah', 'aharhel', 'ahasai', 'ahasbai', 'ahasuerus', 'ahava', 'ahaz', 'ahaziah', 'ahban', 'ahead', 'aher', 'ahi', 'ahiah', 'ahiam', 'ahian', 'ahiezer', 'ahihud', 'ahijah', 'ahikam', 'ahilud', 'ahimaaz', 'ahiman', 'ahimelech', 'ahimoth', 'ahinadab', 'ahinoam', 'ahio', 'ahira', 'ahiram', 'ahiramites', 'ahisamach', 'ahishahar', 'ahishar', 'ahithophel', 'ahitub', 'ahlab', 'ahlai', 'ahoah', 'ahohite', 'aholah', 'aholiab', 'aholibah', 'aholibamah', 'ahumai', 'ahuzam', 'ahuzzath', 'AHearn', 'Ahnert', 'Aho', 'Ahrensa', 'Ahti', 'ahanou', 'ahepe', 'ahmadi', 'ahuza', 'ahygroscopicus', 'ahidc', 'ahvnetxh1118', 'ahidc2008', 'ahidc', 'ahshengqiang9935.net', 'ahidc2008', 'ahidc', 'ahidc2008', 'ahidc', 'ahidc', 'ahidc', 'ah#DSF345', 'ahidc', 'ahuyangok', 'ahhacker', 'ahmed', 'ahsan'],
'ai',['aistar123<>!N', 'ai', 'aiah', 'aiath', 'aided', 'aija', 'aijalon', 'ailed', 'aileth', 'ain', 'air', 'Aida', 'Aidamina', 'Aiguillon', 'Aisleen', 'Aitken', 'aichiense', 'aichiensis', 'aires', 'aizawai', 'aizunensis', 'aix@lock', 'aidem1@#4we', 'aidetaiweiqu523333', 'aidetaiweiqu140912', 'aiwima', 'airhead', 'aigelongquan', 'aibaobao', 'aiwima', 'ailaopo1314++..', 'ailaopo1314++', 'ainiyiwannian', 'airhead', 'ainiyiwannian', 'airhead', 'ailaopo1314++..', 'ailaopo1314++', 'ailaopo1314', 'airhead', 'aiezu', 'air', 'ai2000', 'aihaixia', 'aikidou', 'aini', 'ainixin', 'ainibubian', 'ai118120', 'Aikman', 'Airhead', 'aitangning', 'aidan13141', 'aini1314', 'aimam', 'aion', 'air'],
'aj',['ajah', 'ajalon', 'Ajax', 'ajiobo', 'ajiang', 'ajiang2008', 'ajianglinshi', 'ajiang.net', 'ajianglinshi', 'ajiangzhanzhang', 'ajiangwangluo', 'ajiang', 'ajt7789815', 'ajiang2008', 'ajiang.net', 'ajianglinshi', 'ajiangzhanzhang', 'ajiangwangluo', 'ajiang.net', 'ajianglinshi', 'ajiang', 'ajiangzhanzhang', 'ajiangwangluo', 'ajay', 'ajit'],
'ak',['akan', 'akkub', 'akrabbim', 'Akhmatova', 'Akiyama', 'Aksnes', 'akanji', 'akari', 'akiso', 'akiyoshiensis', 'akuafo', 'aka', 'akademik', 'akademikftup', 'akazad', 'akbar', 'akber', 'akhter', 'aks', 'aktaruzzaman'],
'al',['alas', 'aliases', 'alphabet', 'alabaster', 'alameth', 'alammelech', 'alamoth', 'alarm', 'alas', 'albeit', 'alemeth', 'alexander', 'alexandria', 'alexandrians', 'algum', 'aliah', 'alian', 'alien', 'alienate', 'alienated', 'aliens', 'alike', 'alive', 'all', 'alleging', 'allegory', 'alleluia', 'allied', 'allon', 'allonbachuth', 'allow', 'allowance', 'allowed', 'alloweth', 'allure', 'almighty', 'almodad', 'almon', 'almond', 'almondiblathaim', 'almonds', 'almost', 'alms', 'almsdeeds', 'almug', 'aloes', 'alone', 'along', 'aloof', 'aloth', 'aloud', 'alpha', 'alphaeus', 'already', 'also', 'altar', 'altars', 'alter', 'altered', 'altereth', 'although', 'altogether', 'alush', 'alvah', 'alvan', 'alway', 'always', 'Alagasta', 'Alain', 'Alamosa', 'Alauda', 'Albert', 'Albertine', 'Albina', 'Albitskij', 'Alcock', 'Alden', 'Alekhin', 'Aleksandrov', 'Alekto', 'Alemannia', 'Aletheia', 'Aletta', 'Alex', 'Alexandra', 'Alfaterna', 'Alfreda', 'Alfven', 'Algeria', 'Algoa', 'Algunde', 'Alhambra', 'Alice', 'Alikoski', 'Alinda', 'Aline', 'Alisary', 'Alkeste', 'Alkmene', 'Alleghenia', 'Alma', 'Alois', 'Alphonsina', 'Alsatia', 'Alschmitt', 'Alstede', 'Altaj', 'Althaea', 'Altona', 'Alupka', 'Alvarez', 'Alwine', 'al', 'alabama', 'alachua', 'alactolyticum', 'alactolyticus', 'alactosus', 'alagbon', 'alamo', 'alangii', 'alanosinicus', 'alanosininicus', 'alba', 'albaduncus', 'albany', 'albatum', 'albensis', 'albert', 'albertis', 'albescens', 'albiaxialis', 'albicans', 'albida', 'albidochromogenes', 'albidoflavus', 'albidopureus', 'albidum', 'albidus', 'albilineans', 'albireticuli', 'albocaneus', 'albocanus', 'albocastaneus', 'albochromogenes', 'albocinerescens', 'alboclarus', 'albocolor', 'albocyaneus', 'albocyclini', 'albofaciens', 'alboflavus', 'albogriseolus', 'albogriseus', 'albohelvaticus', 'albohelvatus', 'albolactis', 'albolongus', 'alboniger', 'albonivalis', 'alboniveus', 'alboraceum', 'alborubidus', 'albospinus', 'albosporeu', 'albosporeus', 'albosporum', 'albosporus', 'alboverticillatum', 'albovinaceus', 'alboviolacens', 'alboviridis', 'albulus', 'album', 'albuquerque', 'albus', 'alcalescens', 'alcalifaciens', 'alcaligenes', 'alcaligines', 'alcaliphilum', 'alcaliphilus', 'alcalophilus', 'alcoholovorans', 'aldovae', 'aldrichii', 'alesti', 'alexander', 'alexanderplatz', 'alexanderpolder', 'alexi', 'alfalfae', 'alfort', 'alga', 'algavorum', 'alger', 'alginilyticus', 'alginobacter', 'alginolytica', 'alginolyticu', 'alginolyticum', 'alginolyticus', 'algoinfesta', 'algosus', 'alicyclobacillus', 'alimentarius', 'alkalescens', 'alkalescensdispar', 'alkalophile', 'alkanolytica', 'alkanolyticum', 'alkanophilum', 'alkanum', 'alkmaar', 'allandale', 'allerginae', 'allerton', 'allesti', 'alliicola', 'alloiococcus', 'allomonas', 'alminko', 'almquisti', 'almquistii', 'alni', 'alocis', 'alpha', 'alpica', 'alsterdorf', 'altendorf', 'alterfunditum', 'alternaria', 'alteromonas', 'altetomonas', 'althioticus', 'altona', 'alvei', 'alvi', 'alysiella', 'alawang', 'alangcs', 'alifax', 'alibaba.com', 'allprivate', 'alifax', 'alibaba.com', 'alading', 'ale5xan7', 'alexlee', 'alines', 'allanshao', 'alwcgah', 'Alaska', 'Albert', 'Alicia', 'Alyssa', 'alex', 'alex1', 'alexande', 'alexandr', 'alexis', 'alfred', 'alice', 'aliens', 'alison', 'allen', 'allison', 'allo', 'alpha', 'alpha1', 'alpine', 'aladdin', 'alan220lee', 'alan@@lee', 'aloha', 'alam', 'alan', 'aldrin', 'aldy', 'ale', 'alecia', 'alex', 'alexander', 'alexander1', 'ali', 'alice', 'alin', 'alina', 'alinus', 'altab', 'altibase', 'alumni', 'alvi'],
'am',['am', 'amad', 'amal', 'amalek', 'amalekite', 'amalekites', 'amam', 'amana', 'amariah', 'amasa', 'amasai', 'amashai', 'amasiah', 'amazed', 'amazement', 'amaziah', 'ambassador', 'ambassadors', 'ambassage', 'amber', 'ambush', 'ambushes', 'ambushment', 'ambushments', 'amen', 'amend', 'amends', 'amerce', 'american', 'amethyst', 'ami', 'amiable', 'aminadab', 'amiss', 'amittai', 'ammah', 'ammi', 'ammiel', 'ammihud', 'amminadab', 'amminadib', 'ammishaddai', 'ammizabad', 'ammon', 'ammonite', 'ammonites', 'ammonitess', 'amnon', 'amok', 'amon', 'among', 'amongst', 'amorite', 'amorites', 'amos', 'amounting', 'amoz', 'amphipolis', 'amplias', 'amram', 'amramites', 'amraphel', 'amzi', 'Amalasuntha', 'Amalia', 'Amalthea', 'Amanda', 'Amaryllis', 'Amata', 'Amazone', 'Ambartsumian', 'Amber', 'Ambrosia', 'Amelia', 'America', 'Amherstia', 'Amici', 'Amicitia', 'Amneris', 'Amnestia', 'Amor', 'Amosov', 'Ampella', 'Amphitrite', 'Amun', 'Amundsenia', 'Amy', 'amagasakensis', 'amager', 'amakusaensis', 'amalonatica', 'amalonaticus', 'amarae', 'amaranthicola', 'amargosae', 'amazonense', 'amba', 'amberatus', 'ambigua', 'ambivalens', 'ambofaciens', 'amelibiosum', 'americae', 'americana', 'americanum', 'americanus', 'amersfoort', 'amethystinum', 'amethystogenes', 'amherstiana', 'amidophilus', 'amina', 'aminatu', 'aminobacter', 'aminobutyricum', 'aminolytica', 'aminomonas', 'aminophilum', 'aminophilus', 'aminovalericum', 'aminovalerium', 'aminovorans', 'aminovorus', 'ammoniagenes', 'ammoniaphilum', 'ammoniaphylum', 'amnigenus', 'amoebobacter', 'amorphophalli', 'amorphosporangium', 'amounderness', 'amoutive', 'ampelina', 'ampelinus', 'amphibacillus', 'amphibiosporus', 'ampullariella', 'amsterdam', 'amunigun', 'amycolata', 'amycolatops', 'amycolatopsis', 'amycolatum', 'amygdali', 'amyloderamosa', 'amyloliquefaciens', 'amylolytica', 'amylolyticus', 'amylophilus', 'amylovora', 'amylovorus', 'amst', 'amstidc', 'amst', 'amst', 'amst.com', 'amaoagou109', 'amoytop', 'amdshi', 'amelia', 'amin33', 'amyamy', 'Amanda', 'America', 'Amiga', 'amanda1', 'amber', 'amelie', 'america7', 'amour', 'amy', 'amst.com', 'amst', 'amanda', 'amanda1', 'amandabackup', 'amavisd', 'amhuq', 'amin', 'aminudin', 'amit', 'amitj', 'amssys'],
'an',['analog', 'animals', 'anumber1', 'anumberone', 'anvils', 'anada325!@#', 'an', 'anab', 'anah', 'anaharath', 'anaiah', 'anak', 'anakims', 'analysis', 'anamim', 'anammelech', 'anan', 'anani', 'ananiah', 'ananias', 'anath', 'anathema', 'anathoth', 'ancestors', 'anchor', 'anchors', 'ancient', 'ancients', 'and', 'andrew', 'andronicus', 'anem', 'aner', 'anethothite', 'anetothite', 'angel', 'angels', 'anger', 'angered', 'angle', 'angry', 'anguish', 'aniam', 'anim', 'anise', 'ankle', 'ankles', 'anna', 'annas', 'anoint', 'anointed', 'anointedst', 'anointest', 'anointing', 'anon', 'another', 'ans', 'answer', 'answerable', 'answered', 'answeredst', 'answerest', 'answereth', 'answering', 'answers', 'ant', 'antichrist', 'antichrists', 'antioch', 'antipas', 'antipatris', 'antiquity', 'antothijah', 'antothite', 'ants', 'anub', 'anvil', 'any', 'anyone', 'anything', 'anywhere', 'Anacostia', 'Anahita', 'Anastasia', 'Anatoliya', 'Anchises', 'Andersen', 'AndreaDoria', 'AndreaDoria', 'Andrea_Doria', 'Andree', 'AndresBello', 'AndresBello', 'Andres_Bello', 'Andriana', 'Andromache', 'Aneas', 'Anga', 'Angara', 'Angelica', 'Angelina', 'Angerhofer', 'Angola', 'Anhui', 'Ani', 'Anitra', 'Ankara', 'Anna', 'Annagerman', 'Annapavlova', 'Anneliese', 'Anne-Marie', 'Annette', 'Annika', 'Antarctica', 'Antenor', 'Anteros', 'Antigone', 'Antikleia', 'Antilochus', 'Antinous', 'Antiope', 'Antonia', 'Antwerpia', 'Anubis', 'Anza', 'an', 'anabaena', 'anabanti', 'anaerob', 'anaerobacter', 'anaerobia', 'anaerobic', 'anaerobiospirillum', 'anaerobium', 'anaerobius', 'anaerobus', 'anaerogene', 'anaerogenes', 'anaeroplasma', 'anaerorhabdus', 'anaerovibrio', 'anagastae', 'ananas', 'anandi', 'anandii', 'anaplasma', 'anatipestifer', 'anatis', 'anatum', 'ancalochloris', 'ancalomicrobium', 'ancona', 'ancylobacter', 'andaman', 'andamana', 'anderlecht', 'andropogonis', 'anecho', 'anetuzae', 'aneurinolyticus', 'anf', 'anfo', 'angers', 'anginosus', 'angiococcus', 'angiospora', 'angoda', 'angola', 'angouleme', 'anguillara', 'anguillarum', 'anguillimortifera', 'anguilliseptica', 'angulatum', 'angulomicrobium', 'angustmy', 'angustmyceticus', 'angustum', 'anie', 'anilini', 'animalis', 'anisa', 'anitrata', 'anitratum', 'anitratus', 'ank', 'anna', 'annamalaiensis', 'annedal', 'anserina', 'anseris', 'ansochromogenes', 'antarctica', 'antarcticum', 'antarcticus', 'anthocyanicus', 'anthracis', 'anthropi', 'anti', 'antibio', 'antibiotica', 'antibioticum', 'antibioticus', 'antifibrinolyticus', 'antiisoleucicus', 'antimicrobica', 'antimycetica', 'antimyceticus', 'antimycoticus', 'antirrhini', 'antitumoris', 'antonio', 'antsalova', 'antwerpen', 'anulata', 'anulatus', 'anulus', 'angel19871002!@#', 'angel9350!@#', 'another', 'andariel@123', 'anhuiyanhuang123', 'anhuiidc', 'anonymous', 'andygogo.cn', 'another', 'angel', 'anheng', 'ankan1970011', 'anonymous', 'angel830914', 'angel1982', 'ankan1970011', 'anonymous', 'anhuiidc', 'anhuiidc123123', 'anhuiidc123', 'anhuiidc123445', 'anhuiidc1234457', 'anhuiidc147258', 'anhuiidc336699', 'anhuiidc123456', 'anhuiidc1234567', 'anheng', 'andan123', 'anchnet123456', 'andariel@123', 'anhuiyanhuang123', 'anhuiyanhuang20008', 'anhuixinshijie', 'andygogo.cn', 'anhuishengqiang155.20080821', 'ankan1970011', 'anonymous', 'anhuiidc', 'anhuiidc123123', 'anhuiidc123', 'anhuiidc123445', 'anhuiidc1234457', 'anhuiidc147258', 'anhuiidc336699', 'anhuiidc123456', 'anhuiidc1234567', 'anwan@163.com', 'anheng', 'anson', 'anonymous', 'angel', 'anddy', 'anderson', 'andrew', 'andrewyu', 'andyli', 'andyzzz', 'angel54', 'angela', 'anquanjiance', 'anran', 'andyjun', 'andy', 'Andrea', 'Angela1', 'Animal', 'Animals', 'Anthony', 'and', 'andre', 'angels', 'angie', 'angus', 'anna', 'anne', 'annie', 'anzu', 'andy', 'anchiva@123', 'anquandiyi4bd@!#', 'anchnet', 'angele', 'angele2010', 'anada325!@#', 'anada325!@#', 'anders', 'andiani', 'andrei', 'andrew', 'aneprasetyowati', 'angel', 'anggit', 'anis', 'ankit', 'ankur', 'anna', 'anu', 'anup'],
'ao',['Aoluta', 'aodunlinan', 'aodun2008', 'aodunidc', 'aodun008', 'aoyun2008', 'aoyun', 'aodunidc.com', 'aodun123', 'aodun2007', 'aodun', 'aodun2008', 'aodunkfw', 'aodunjishu', 'aodun1', 'aoyun', 'aoyun', 'aoyun2008', 'aoeduo', 'aodunkfw', 'aodunkfwbj', 'aodunkfwdemo', 'aoeduo', 'aoshiwanglu', 'Aoyoo@@#)WL230@Server@#)', 'aoyunhui', 'aoyueidc2010', 'aoyueidc2009', 'aoyueidc', 'aoyue2009', 'aodun123'],
'ap',['apl', 'apple2', 'appleII', 'applepie', 'apace', 'apart', 'apelles', 'apes', 'apharsachites', 'apharsathchites', 'apharsites', 'aphek', 'aphekah', 'aphiah', 'aphik', 'aphrah', 'aphses', 'apiece', 'apl', 'aplcen', 'aplvax', 'aplvm', 'apollonia', 'apollos', 'apollyon', 'apostle', 'apostles', 'apostleship', 'apothecaries', 'apothecary', 'appaim', 'apparel', 'apparelled', 'apparently', 'appeal', 'appealed', 'appear', 'appearance', 'appearances', 'appeared', 'appeareth', 'appearing', 'appears', 'appease', 'appeased', 'appeaseth', 'appertain', 'appertained', 'appertaineth', 'appetite', 'apphia', 'appii', 'apple', 'apples', 'applied', 'apply', 'appoint', 'appointed', 'appointeth', 'appointment', 'appreciate', 'apprehend', 'apprehended', 'approach', 'approached', 'approacheth', 'approaching', 'approve', 'approved', 'approvest', 'approveth', 'approving', 'aprons', 'apt', 'Aphrodite', 'Apollo', 'Apollonia', 'Aposhanskij', 'Appella', 'Appenzella', 'apapa', 'apeyeme', 'aphrophilus', 'api', 'apiarius', 'apiculatus', 'apigens', 'apii', 'apinge', 'apingens', 'apis', 'aplanobacterium', 'aporrheus', 'aprica', 'apsheronum', 'aptata', 'apple@123', 'apolo13', 'apple', 'aptx', 'Apples', 'apache', 'apollo', 'apollo13', 'apple1', 'april', 'apache', 'apache1', 'apache2', 'apc', 'app', 'appl', 'applcrp', 'apple', 'applmgr', 'appluat'],
'aq',['aquila', 'Aquilegia', 'Aquitania', 'aqua', 'aquabacter', 'aquae', 'aquaeolei', 'aquaesulis', 'aquamarina', 'aquamarinus', 'aquaspirillum', 'aquatica', 'aquaticum', 'aquaticus', 'aquatile', 'aquatilis', 'aquifex', 'aquivivus', 'aq!@#', 'aq!@#$', 'aq!@#$%^', 'aqswdefr', 'aq123', 'aq1sw2', 'aqswdefr', 'aq1', 'aq123456', 'aqaq', 'aqswdefr', 'aq1sw2de3', 'aq!sw@de#', 'aq!sw@de#fr$', 'aqswdefrgthyjukilop', 'aqswdefrgthyjukilo', 'aq123', 'aq1sw2', 'aq1', 'aq123456', 'aqaq', 'aqswdefr', 'aq1', 'aq123456', 'aqaq', 'aqswdefr', 'aq1sw2de3', 'aq!sw@de#', 'aq!sw@de#fr$', 'aqswdefrgthyjukilop', 'aqswdefrgthyjukilo', 'aq123', 'aq1sw2de3', 'aq1sw2de3fr4', 'aq1sw2', 'aqswdefr', 'aqswdefr', 'aq1sw2de3', 'aq123', 'aq123', 'aq8323', 'aqy392', 'aq1sw2de3fr4', 'aq1', 'aq123456', 'aqaq', 'aqswdefr', 'aq1sw2de3', 'aq1sw2de3', 'aq1sw2de3fr4', 'aq1sw2'],
'ar',['architect', 'aria', 'aristotle', 'ar', 'ara', 'arab', 'arabah', 'arabia', 'arabian', 'arabians', 'arad', 'arah', 'aram', 'aramis', 'aramitess', 'aran', 'ararat', 'araunah', 'arba', 'arbah', 'arbathite', 'arbite', 'archangel', 'archelaus', 'archer', 'archers', 'arches', 'archevites', 'archi', 'archippus', 'archite', 'arcturus', 'ard', 'ardites', 'ardon', 'are', 'areli', 'arelites', 'areopagite', 'areopagus', 'aretas', 'argob', 'argue', 'arguing', 'argument', 'arguments', 'aridai', 'aridatha', 'arieh', 'ariel', 'aright', 'arimathaea', 'arioch', 'arisai', 'arise', 'ariseth', 'arising', 'aristarchus', 'aristobulus', 'ark', 'arkite', 'arm', 'armageddon', 'armed', 'armenia', 'armholes', 'armies', 'armoni', 'armour', 'armourbearer', 'armoury', 'arms', 'army', 'arnan', 'arnon', 'arod', 'arodi', 'arodites', 'aroer', 'aroerite', 'arose', 'around', 'arpad', 'arphad', 'arphaxad', 'array', 'arrayed', 'arrest', 'arrested', 'arrival', 'arrive', 'arrived', 'arriving', 'arrogancy', 'arrow', 'arrows', 'art', 'artaxerxes', 'artemas', 'article', 'articles', 'artificer', 'artificers', 'artillery', 'arts', 'aruboth', 'arumah', 'arvad', 'arvadite', 'arza', 'Ara', 'Arabella', 'Arabia', 'Arabis', 'Arachne', 'Arago', 'Aralia', 'Arcadia', 'Arctica', 'Arduina', 'Arenda', 'Arequipa', 'Arete', 'Arethusa', 'Argelander', 'Argentina', 'Ariadne', 'Ariane', 'Aribeda', 'Arieso', 'Arina', 'Aristaeus', 'Aristophanes', 'Arizona', 'Arlon', 'Armandhammer', 'Armenia', 'Armida', 'Armisticia', 'Armor', 'Arne', 'Arnica', 'Arnolda', 'Arosa', 'Arpola', 'Arsinoe', 'Artek', 'Artemis', 'Arthur', 'arabaticum', 'arabicus', 'arabinog', 'arabinose', 'arabinosum', 'arabinosus', 'aracearum', 'arachnia', 'araffinosus', 'aragua', 'araucae', 'arbophilicum', 'arboreae', 'arborescens', 'arboriphilicus', 'arboris', 'arcanobacterium', 'archaeoglobus', 'archangium', 'arcobacter', 'arcticum', 'ardesiacus', 'ardum', 'ardus', 'ardwick', 'areanobacterium', 'arecae', 'arechavaleta', 'arenae', 'arenaria', 'arenicolus', 'argemones', 'argenteolus', 'argenteus', 'argentiensis', 'argentina', 'argentinense', 'argentinensis', 'argentinum', 'argillaceus', 'arginini', 'arhodomonas', 'aridum', 'aristei', 'arizona', 'arizonae', 'arizonaensis', 'arizonaesuis', 'arkansas', 'arlettae', 'armeniacus', 'armentosus', 'armoraciae', 'aroentina', 'aroideae', 'aromatica', 'arrhenatheri', 'arsenophonus', 'arsitiensis', 'arteca', 'artemidis', 'arthobacter', 'arthrdbacter', 'arthritidis', 'arthritidismuris', 'arthrobacter', 'arthrospira', 'artis', 'arvensicola', 'arvilla', 'areyouok', 'arsong', 'artnmq5c', 'Archie', 'Arctic', 'Arthur', 'ariane', 'ariel', 'arizona', 'artist', 'arsenal', 'ar', 'arahman', 'ardian', 'arsha', 'arshad', 'aruan', 'arun'],
'as',['asap', 'asdf', 'asdfg', 'asdfgh', 'asdfghj', 'asdlkj', 'asd123', 'asdasd', 'as', 'asa', 'asahel', 'asahiah', 'asaiah', 'asaph', 'asareel', 'asarelah', 'ascend', 'ascended', 'ascendeth', 'ascending', 'ascends', 'ascent', 'ascii', 'ascribe', 'ascribed', 'asenath', 'aser', 'ash', 'ashamed', 'ashan', 'ashbea', 'ashbel', 'ashbelites', 'ashchenaz', 'ashdod', 'ashdodites', 'ashdothites', 'ashdothpisgah', 'asher', 'asherites', 'ashes', 'ashima', 'ashkelon', 'ashkenaz', 'ashnah', 'ashpenaz', 'ashriel', 'ashtaroth', 'ashterathite', 'ashteroth', 'ashtoreth', 'ashur', 'ashurites', 'ashvath', 'asia', 'aside', 'asiel', 'ask', 'asked', 'askelon', 'askest', 'asketh', 'asking', 'asleep', 'asnah', 'asnapper', 'asp', 'aspatha', 'asps', 'asriel', 'asrielites', 'ass', 'assault', 'assaulted', 'assay', 'assayed', 'assaying', 'assemble', 'assembled', 'assemblies', 'assembling', 'assembly', 'assent', 'assented', 'asses', 'asshur', 'asshurim', 'assigned', 'assir', 'assist', 'associate', 'assos', 'assume', 'assumed', 'assumes', 'assumption', 'assur', 'assurance', 'assure', 'assured', 'assuredly', 'asswage', 'asswaged', 'assyria', 'assyrian', 'assyrians', 'astaroth', 'astonied', 'astonished', 'astonishment', 'astray', 'astrologer', 'astrologers', 'asunder', 'asuppim', 'asyncritus', 'Asaph', 'Aschera', 'ASCII', 'Ashbrook', 'Asia', 'Askania', 'Aslog', 'Asmodeus', 'ASP', 'Aspasia', 'Asplinda', 'Asporina', 'Asta', 'Astapovich', 'Astarte', 'Aster', 'Asteria', 'Asterope', 'Astrea', 'Astrid', 'Astronomia', 'Astyanax', 'asaccharolytica', 'asaccharolyticus', 'asaccharovorans', 'asaii', 'asalignus', 'asbriae', 'asburiae', 'ascendens', 'aschersleben', 'ascomyceticus', 'ascorbata', 'ashanti', 'asiaticum', 'askraal', 'asoensis', 'asparaginoviolaceus', 'aspergilloides', 'aspergillus', 'asperum', 'asplenii', 'assen', 'assinie', 'asteroides', 'asteroleplasma', 'asterosporus', 'asticcacaulis', 'astragali', 'astramurium', 'asukaensis', 'asd4321', 'asdfghjkl', 'asdzxc', 'asdfghjkllkjhgfdsa', 'asdfghjkl', 'asdfgh', 'aspnet', 'as', 'asas', ""asdfghjkl;'\\/.,mnbvcxz"", 'asdfdsa', 'asdfzxcvbnm', 'asdf1234%^&*', 'asdasdfghjkl', 'asdfghjkl', 'asdfgasdfg', 'asdasd', 'asasas', 'asdfzxcv', 'asdfghjkl09*&^%$#@', 'asdasdfasdfg', 'asdfg', 'asd123456', 'asdfjkl;', 'as123456', 'asdfasdf', 'asdqwe', 'asd1234', 'asdf1234', ""asdfghjkl;'/.,mnbvcxz"", 'asd', 'asdf', 'asas', 'aspidc', 'asp123', 'aspnet', 'asdfghjklzxcvbnm', 'asdfghjklqwertyuiop', 'asdfqwer2007', 'asdfgh', 'asdfghj', 'asdfghjk', 'asdzxc', 'asdfgqwert', 'asd123', 'asdfqwer', 'asdf', 'asdfg', 'asdfghjkl', 'asdfgasdfg', 'asdasd', 'asasas', 'asdfzxcv', 'asd', 'asdasdfasdfg', 'asdfg', 'asdf', 'asd123456', 'asdfjkl;', 'asas', 'asdfasdf', 'asdqwe', 'asd1234', 'asdf1234', 'asdfgqwert', 'asdfgzxcvb', 'asdzxc', 'asdfqwer', 'asdf!@#$', 'asdfghjkl', 'asp123', 'aspnet', 'aspidc', 'asdfghjklzxcvbnm', 'asdfghjklqwertyuiop', 'asdf', 'asdfg', 'asqw!@', 'asdfjkl;', 'asdfgh', 'asdf123', 'asdfzxcv', 'a', 'asd', 'asd123.0', 'as1234@sfqas.com', 'asd~!@#', ""asdfghjkl;'/.,mnbvcxz"", 'asdfghj', 'asdfghjk', 'asdfgqwert', 'asdfgzxcvb', 'asdzxc', 'asdfqwer', 'asdf!@#$', 'asdfghjkl', 'asp123', 'aspnet', 'aspidc', 'asdfghjklzxcvbnm', 'asdfghjklqwertyuiop', 'asdf', 'asdfg', 'asqw!@', 'asdfjkl;', 'asdfgqwert', 'asdfgzxcvb', 'asdzxc', 'asdfqwer', 'asdf!@#$', 'asdfghjkl', 'asp123', 'aspnet', 'aspidc', 'asdfgh', 'asdfghjklzxcvbnm', 'asdfghjklqwertyuiop', 'asdf123', 'asdfzxcv', 'a', 'asd', 'asd123.0', 'asqw!@', 'asdfjkl;', 'asdfghjkl', 'asdfghjkl', 'asdfg1234', 'as000123000', 'asdg156486982sdag', 'asdf0p9o8iA', 'aslhdwDSGEdaa&*%^#@#$%', 'asdf123', 'asdf123', 'asdf', 'asdfgh', 'asdfg', 'asdfzxcv', 'asd', 'asdfghjkl', 'asdfgh', 'asdfg', 'asdfghjkl', 'asdf!@#$', 'asdf', 'asdfgh', 'asd123.0', 'asdfghjkl', 'asdfg', 'asdfgzxcvb', 'asdf!@#$', 'asqw!@', 'asdfjkl;', 'asdfgh', 'asd123', 'asdfg', 'asp', 'aspadmin', 'aspxadmin', 'asdasd', 'asdd', 'asdf', 'asdfghjkl', 'asdqqq', 'ash7608', 'asdfghjk', 'asdf1234', 'asd123456', 'asdfasdf', 'asdasdasd', 'asdww', 'asp1314502', 'asdfzxc', 'ashuai', 'ASPNET', 'Ashley', 'Asshole', 'asdfjkl', 'asdfjkl;', 'aspen', 'aspx', 'ass', 'asterix', 'asd123!@#', 'asdfgh', 'asd123', 'asnm@vcxzi0b!', 'asdfghjkl!@#$%^&*()', 'asdasd', 'asd123456', 'asd123', 'asdfghjkl', 'as123456', 'asdfgzxcvb', 'asdf!@#$', 'asdfghjkl', 'asdf', 'asdfgh', 'asdfg', 'asdf', 'asdfgh', 'asdfg', 'asad', 'asaf', 'asd', 'ashfaq', 'ashripd', 'asif', 'asiftp', 'asis', 'asp', 'asterisk', 'asteriskpbx', 'asyst'],
'at',['at&t', 'atandt', 'atmosphere', 'at', 'atad', 'atarah', 'ataroth', 'atarothadar', 'atarothaddar', 'ate', 'ater', 'athach', 'athaiah', 'athaliah', 'athenians', 'athens', 'athirst', 'athlai', 'athos', 'atonement', 'atonements', 'atroth', 'attai', 'attain', 'attained', 'attalia', 'attempt', 'attempts', 'attend', 'attendance', 'attended', 'attending', 'attent', 'attentive', 'attentively', 'attire', 'attired', 'Atala', 'Atalante', 'Atami', 'Atanasoff', 'Ate', 'Aten', 'Athalia', 'Athamantis', 'Athanasia', 'Athene', 'Athor', 'Atkinson', 'Atlantis', 'Atossa', 'Atropos', 'Attica', 'Attila', 'atakpame', 'atchafalaya', 'atento', 'ater', 'ateroniveus', 'aterrimus', 'atherton', 'athinai', 'ati', 'atlan', 'atlanta', 'atlantae', 'atlantica', 'atlanticum', 'atopobium', 'atra', 'atramentaria', 'atratovinosa', 'atratus', 'atroaurantiacus', 'atrocyaneus', 'atrofaciens', 'atrolaccus', 'atroolivaceus', 'atrophaeus', 'atropurpurea', 'atroseptica', 'atrospectica', 'atroviolaceus', 'atrovirens', 'atypica', 'AT5V3987', 'attion.dnf.com177363**..', 'atninty', 'atengmu', 'ath', 'athena', 'attila', 'AT5V3987', 'ATvX)g}f', 'atie', 'atsuser'],
'au',['audience', 'augment', 'augustus', 'aul', 'aunt', 'austere', 'author', 'authorities', 'authority', 'authors', 'Augusta', 'Aunus', 'Aura', 'Auravictrix', 'Aurelia', 'Auricula', 'Aurora', 'Ausonia', 'Austrasia', 'Austria', 'Automedon', 'Autonoma', 'augustenborg', 'aurantia', 'aurantiac', 'aurantiaca', 'aurantiacogriseus', 'aurantiacum', 'aurantiacus', 'aurantibutyricum', 'auranticolor', 'auranticum', 'aurantiogriseus', 'aurea', 'aurebacterium', 'aureobacter', 'aureobacterium', 'aureochromogenes', 'aureocirculatus', 'aureofaciens', 'aureofacsiculus', 'aureofasciculus', 'aureomonopodiales', 'aureorectus', 'aureosegmentosus', 'aureoversales', 'aureoversile', 'aureoverticillatum', 'aureoverticillatus', 'aurescens', 'aureufaciens', 'aureum', 'aureus', 'auricularis', 'aurigineus', 'aurini', 'aurisina', 'aurum', 'austin', 'australicum', 'australiensis', 'australis', 'austroafricanum', 'autotrophica', 'autotrophicum', 'autotrophicus', 'autumnalis', 'auxiliaris', 'autoemar', 'autoemar', 'autoemar', 'auqf159!%(', 'au29to', 'aust1288', 'autolab', 'autumn', 'August', 'Austin', 'Author', 'audrey', 'auser'],
'av',['ava', 'available', 'availeth', 'aven', 'avenge', 'avenged', 'avenger', 'avengeth', 'avenging', 'averse', 'avim', 'avims', 'avites', 'avith', 'avoid', 'avoided', 'avoiding', 'avouched', 'Avicenna', 'avellanae', 'avellaneus', 'avenae', 'avermitilis', 'aviarius', 'avidinii', 'avidum', 'avignon', 'avium', 'avonmouth', 'avawebserver', 'avawebserver', 'avawebserver', 'Avatar', 'avalon', 'avconroot', 'avnish'],
'aw',['await', 'awake', 'awaked', 'awakest', 'awaketh', 'awaking', 'aware', 'away', 'awe', 'awoke', 'awajinensis', 'awen12', 'Aw..130119', 'aw..130119', 'awen12', 'awen570', 'Awesome', 'awdrgyjil153', 'AWDRGYJIL153', 'awa', 'awb', 'awc', 'awd', 'awe', 'awf', 'awg', 'awh', 'awi', 'awj', 'awk', 'awl', 'awm', 'awn', 'awo', 'awp', 'awq', 'awr', 'aws', 'awt', 'awu', 'awv', 'aww', 'awx', 'awy', 'awz'],
'ax',['axe', 'axes', 'axletrees', 'axonopodis', 'axiao', 'axiao'],
'ay',['ayinde', 'ayton', 'ayumi', 'aylmer', 'b'],
'az',['aztecs', 'azal', 'azaliah', 'azaniah', 'azarael', 'azareel', 'azariah', 'azaz', 'azaziah', 'azbuk', 'azekah', 'azel', 'azem', 'azgad', 'aziel', 'aziza', 'azmaveth', 'azmon', 'aznothtabor', 'azor', 'azotus', 'azriel', 'azrikam', 'azubah', 'azur', 'azzah', 'azzan', 'azzur', 'Azabu', 'Azalea', 'Azerbajdzhan', 'azacoluta', 'azadirachtae', 'azalomyceticus', 'azaserinus', 'azaticus', 'azelaica', 'azoarcus', 'azomonas', 'azomonotrichon', 'azorhizobium', 'azorhizophilus', 'azoricus', 'azospirillum', 'azosprillum', 'azostobacter', 'azotobacter', 'azotocolligans', 'azotofixans', 'azotoformans', 'azotogensis', 'azotomonas', 'azotum', 'azteca', 'azura', 'azurea', 'azureus', 'azurocolor', 'b', 'azsxdcfvgbhnjm,./', 'azsxdcfvgbhnjm,./', 'azhibb', 'azsxdcfvgbhnjm,./', 'azrael', 'azhi', 'azad', 'azc'],
'ba',['backrub', 'badboy', 'badboy', 'badtimes', 'baglady', 'bagwoman', 'bakedpotatoe', 'bananas', 'barf', 'barfer', 'barfing', 'bassoon', 'bastard', 'batcave', 'batcomputer', 'batman', 'batmobile', 'baystate', 'baal', 'baalah', 'baalath', 'baalathbeer', 'baalberith', 'baale', 'baalgad', 'baalhamon', 'baalhanan', 'baalhazor', 'baalhermon', 'baali', 'baalim', 'baalis', 'baalmeon', 'baalpeor', 'baalperazim', 'baalshalisha', 'baaltamar', 'baalzebub', 'baalzephon', 'baana', 'baanah', 'baara', 'baaseiah', 'baasha', 'babbler', 'babbling', 'babblings', 'babe', 'babel', 'babes', 'babylon', 'babylonians', 'babylonish', 'baca', 'bachrites', 'back', 'backbiters', 'backbiteth', 'backbiting', 'backbitings', 'backbone', 'backed', 'backs', 'backside', 'backslider', 'backsliding', 'backslidings', 'backward', 'bad', 'bade', 'badest', 'badgers', 'badness', 'bag', 'bags', 'baharumite', 'bahurim', 'bajith', 'bakbakkar', 'bakbuk', 'bakbukiah', 'bake', 'baked', 'bakemeats', 'baken', 'baker', 'bakers', 'baketh', 'balaam', 'balac', 'baladan', 'balah', 'balak', 'balance', 'balances', 'balancings', 'bald', 'baldness', 'ball', 'balm', 'bamah', 'bamoth', 'bamothbaal', 'band', 'banded', 'bands', 'bani', 'banished', 'banishment', 'bank', 'banks', 'banner', 'banners', 'banquet', 'banqueting', 'banquetings', 'baptism', 'baptisms', 'baptist', 'baptize', 'baptized', 'baptizest', 'baptizeth', 'baptizing', 'bar', 'barabbas', 'barachel', 'barachias', 'barak', 'barbarian', 'barbarians', 'barbarous', 'barbed', 'barber', 'bare', 'barefoot', 'barest', 'barhumite', 'bariah', 'barjesus', 'barjona', 'bark', 'barked', 'barkos', 'barley', 'barn', 'barnabas', 'barnfloor', 'barns', 'barr', 'barrel', 'barrels', 'barren', 'barrenness', 'bars', 'barsabas', 'bartholomew', 'bartimaeus', 'baruch', 'barzillai', 'base', 'based', 'baser', 'bases', 'basest', 'bashan', 'bashanhavothjair', 'bashemath', 'basis', 'basket', 'baskets', 'basmath', 'bason', 'basons', 'bastard', 'bastards', 'bat', 'bath', 'bathe', 'bathed', 'bathrabbim', 'baths', 'bathsheba', 'bathshua', 'bats', 'battered', 'battering', 'battle', 'battlement', 'battlements', 'battles', 'bavai', 'bay', 'bazlith', 'bazluth', 'Baade', 'Baboquivari', 'Bacchus', 'Bach', 'Backlunda', 'Bacon', 'Badenia', 'Baetsle', 'Bagration', 'Bahner', 'Baikal', 'Baikonur', 'Baillauda', 'Baily', 'Baize', 'Baker', 'Bakhchisaraj', 'Balam', 'Balduinus', 'Bali', 'BAM', 'Bamberga', 'Banachiewicza', 'Bancilhon', 'Bandusia', 'Baptistina', 'Barabashov', 'Barbara', 'Barbarossa', 'Barcelona', 'Bardwell', 'Barks', 'Barnardiana', 'Barringer', 'Barry', 'Barto', 'Barucci', 'Bashkiria', 'Basilea', 'Bateson', 'Bathilde', 'Bathseba', 'Batten', 'Baucis', 'Bauersfelda', 'Baumann', 'Baumeia', 'Bavaria', 'baarnensis', 'baarsii', 'babelsberg', 'babili', 'babudieri', 'bac', 'bacilius', 'bacillaris', 'bacilliformis', 'bacillosum', 'bacillus', 'bacongo', 'bacterionema', 'bacteriovorus', 'bacterium', 'bacteroidaceae', 'bacteroides', 'bactoclasticum', 'bactoderma', 'baculatus', 'badagry', 'badius', 'badjonegoro', 'badnii', 'badrii', 'bafani', 'baguida', 'baguirmi', 'bahati', 'bahrenfeld', 'baidokoum', 'baildon', 'baird', 'bajacaliforniensis', 'bakau', 'bakeri', 'balboa', 'balcanica', 'balcones', 'baldaccii', 'baldacii', 'ball', 'ballerup', 'ballerupensis', 'ballum', 'balneatrix', 'balnei', 'balsamivorum', 'baltazardii', 'baltica', 'balustinum', 'bama', 'bambergiensis', 'bambesa', 'bamboye', 'bambylor', 'banalia', 'banana', 'banco', 'bandia', 'bangkinang', 'bangkok', 'bangui', 'banjul', 'bantam', 'baragwanath', 'barati', 'barbareae', 'bardii', 'bardo', 'bareilly', 'bargny', 'barkeri', 'barmbek', 'barnesae', 'barranquilla', 'barry', 'bartonella', 'basel', 'basingstoke', 'basovizza', 'bassa', 'bassadji', 'batatae', 'batatas', 'batavia', 'bataviae', 'bathycetes', 'batonrouge', 'battey', 'battle', 'baudeti', 'bauer', 'bauhiniae', 'baumannii', 'bavaricum', 'bavaricus', 'bazenheid', 'baiclamp', 'baby', 'baby520', 'baofeng', 'baidu.com', 'baihuiling', 'baba', 'backup', 'bangxiang1983', 'BaBNRgKYR2Hc', 'barf1234', 'baker', 'baba656253', 'baolina100819', 'baby', 'baby520', 'baokang', 'baidu', 'baba', 'baba,./', 'baba1234', 'baby', 'baidu.com', 'baiyan', 'baiwvf2003', 'baiwvf2008', 'baba656253', 'baidu12', 'baidu11', 'baolina100815', 'baokang', 'baidu', 'baba', 'baba,./', 'baba1234', 'baby', 'baidu.com', 'baidu', 'BASICOM', 'bae8OMHyO%@SpmPJ4vuw...', 'bae80MHyO%@SpmPJ4vuw99)Cl', 'baoliandeng.com', 'baby5770536', 'baishi55', 'baishi44', 'baishi33', 'baishi22', 'baishi11', 'bacel520', 'bacel521', 'bacelabc', 'bacel123456', 'bacel123', 'baby', 'baidu.com', 'backup', 'backup', 'base', 'baidu', 'baiduadmin', 'baidusb', 'Baike', 'bai223', 'baikeq', 'baitao', 'bajyipkf', 'banshee', 'baogang', 'baotou', 'barbara', 'bat1323.', 'baidu19861113', 'baibai', 'bandit', 'backpc', 'baiyfkuk', 'Babies', 'Badboy', 'Bailey', 'Balls', 'Banana', 'Bananas', 'Barbie', 'Barney', 'Basebal', 'Basket', 'Basketb', 'Basketba', 'Bastard', 'Batman', 'baby', 'babylon5', 'bach', 'badger', 'bamboo', 'banane', 'barry', 'baseball', 'basf', 'basil', 'bai363002', 'baidu.com', 'baishayan10==', 'bailianzhi164398577', 'baiyu43153233', 'baijing43153233', 'baomi2882/.', 'baby2010wsx', 'BASICOM', 'backup', 'backuppc', 'bahrudin', 'bahrudin1', 'bakhtiar', 'bala', 'balaji', 'bankim', 'bao', 'bari', 'bash', 'bashupdata'],
'bb',['bbb', 'c', 'bbs2008', 'bbcast', 'bb123456', 'bb147258369', 'bb147258', 'bbs-hz0752-net', 'bbcodeoff', 'bbs-hz0752-net', 'bbcodeoff', 'bbb123', 'bb2000', 'bbbb', 'bbbbbb', 'bbs.77169.com', 'bbarden', 'bbb'],
'bc',['bcg', 'BC45A0540251', 'bcd111'],
'bd',['bdellium', 'bdellovibrio', 'bd123456', 'bd123445', 'bd123445', 'bd123456', 'bd123445', 'bd123456'],
'be',['beammeup', 'beatit', 'beatles', 'beloved', 'berlinwall', 'be', 'beacon', 'bealiah', 'bealoth', 'beam', 'beams', 'beans', 'bear', 'beard', 'beards', 'bearer', 'bearers', 'bearest', 'beareth', 'bearing', 'bears', 'beast', 'beasts', 'beat', 'beaten', 'beatest', 'beateth', 'beating', 'beauties', 'beautiful', 'beautify', 'beauty', 'bebai', 'became', 'becamest', 'because', 'becher', 'bechorath', 'beckoned', 'beckoning', 'become', 'becometh', 'bed', 'bedad', 'bedan', 'bedchamber', 'bedeiah', 'beds', 'bedstead', 'bee', 'beeliada', 'beelzebub', 'been', 'beer', 'beera', 'beerah', 'beerelim', 'beeri', 'beerlahairoi', 'beeroth', 'beerothite', 'beerothites', 'beersheba', 'bees', 'beeshterah', 'beetle', 'beeves', 'befall', 'befallen', 'befalleth', 'befell', 'before', 'beforehand', 'beforetime', 'beg', 'began', 'begat', 'beget', 'begettest', 'begetteth', 'beggar', 'beggarly', 'begged', 'begging', 'begin', 'beginnest', 'beginning', 'beginnings', 'begotten', 'beguile', 'beguiled', 'beguiling', 'begun', 'behalf', 'behave', 'behaved', 'behaveth', 'behaviour', 'beheaded', 'beheld', 'behemoth', 'behind', 'behold', 'beholdest', 'beholdeth', 'beholding', 'behoved', 'being', 'bekah', 'bel', 'bela', 'belah', 'belaites', 'belch', 'belial', 'belied', 'belief', 'beliefs', 'believable', 'believe', 'believed', 'believer', 'believers', 'believes', 'believest', 'believeth', 'believing', 'bell', 'bellies', 'bellow', 'bellows', 'bells', 'belly', 'belong', 'belonged', 'belongest', 'belongeth', 'belonging', 'beloved', 'belshazzar', 'belteshazzar', 'bemoan', 'bemoaned', 'bemoaning', 'ben', 'benaiah', 'benammi', 'benches', 'bend', 'bendeth', 'bending', 'beneath', 'beneberak', 'benefactors', 'benefit', 'benefits', 'benejaakan', 'benevolence', 'benhadad', 'benhail', 'benhanan', 'beninu', 'benjamin', 'benjamite', 'benjamites', 'beno', 'benoni', 'bent', 'benzoheth', 'beon', 'beor', 'bera', 'berachah', 'berachiah', 'beraiah', 'berea', 'bereave', 'bereaved', 'bereaveth', 'berechiah', 'bered', 'beri', 'beriah', 'beriites', 'berites', 'berith', 'bernice', 'berodachbaladan', 'berothah', 'berothai', 'berothite', 'berries', 'beryl', 'besai', 'beseech', 'beseeching', 'beset', 'beside', 'besides', 'besiege', 'besieged', 'besodeiah', 'besom', 'besor', 'besought', 'best', 'bestead', 'bestir', 'bestow', 'bestowed', 'betah', 'beten', 'bethabara', 'bethanath', 'bethanoth', 'bethany', 'betharabah', 'betharam', 'betharbel', 'bethaven', 'bethazmaveth', 'bethbaalmeon', 'bethbarah', 'bethbirei', 'bethcar', 'bethdagon', 'bethdiblathaim', 'bethel', 'bethelite', 'bethemek', 'bether', 'bethesda', 'bethezel', 'bethgader', 'bethgamul', 'bethhaccerem', 'bethharan', 'bethhogla', 'bethhoglah', 'bethhoron', 'bethink', 'bethjeshimoth', 'bethjesimoth', 'bethlebaoth', 'bethlehem', 'bethlehemite', 'bethlehemjudah', 'bethmaachah', 'bethmarcaboth', 'bethmeon', 'bethnimrah', 'bethpalet', 'bethpazzez', 'bethpeor', 'bethphage', 'bethphelet', 'bethrapha', 'bethrehob', 'bethsaida', 'bethshan', 'bethshean', 'bethshemesh', 'bethshemite', 'bethshittah', 'bethtappuah', 'bethuel', 'bethul', 'bethzur', 'betimes', 'betonim', 'betray', 'betrayed', 'betrayers', 'betrayest', 'betrayeth', 'betroth', 'betrothed', 'better', 'bettered', 'between', 'betwixt', 'beulah', 'bewail', 'bewailed', 'bewaileth', 'beware', 'bewitched', 'bewray', 'bewrayeth', 'beyond', 'bezai', 'bezaleel', 'bezek', 'bezer', 'Beadell', 'Beagle', 'Beals', 'Beate', 'BeatriceTinsley', 'BeatriceTinsley', 'Beatrice_Tinsley', 'Beatrix', 'Beatty', 'Bechuana', 'Beckman', 'Beer', 'Beethoven', 'Begonia', 'Behrens', 'Beira', 'Belgica', 'Belinskij', 'Belisana', 'Beljawskya', 'Bella', 'Bellerophon', 'Bellingshausen', 'Bellona', 'Belnika', 'Belopolskya', 'Beltrovata', 'Belyaev', 'BenMayer', 'Benda', 'Bengt', 'Benguella', 'Benjamina', 'Benkoela', 'BenMayer', 'Ben_Mayer', 'Bennett', 'Beograd', 'Berbericia', 'Berendeya', 'Berenike', 'Bergholz', 'Berkeley', 'Berna', 'Bernardina', 'Bernes', 'Bernheim', 'Bernoulli', 'Berolina', 'Bertha', 'Bertholda', 'Beryl', 'Bessel', 'Bethgea', 'Bettina', 'Betulia', 'Beyer', 'Bezovec', 'be', 'beaudesert', 'bebrich', 'bechuana', 'beddingii', 'bedford', 'beggiatoa', 'beggiatoides', 'begoniae', 'beijer', 'beijerinckia', 'beijerinckii', 'bekefii', 'belem', 'belfanti', 'belfast', 'bellii', 'bellus', 'bellville', 'beloha', 'belozerskii', 'beneckea', 'benfica', 'bengal', 'benguella', 'benihana', 'benin', 'benjamin', 'benthica', 'benue', 'benzodiazepinicus', 'benzoevorans', 'berberidis', 'bercovieri', 'bere', 'bergedorf', 'bergen', 'berkeley', 'berlin', 'berliner', 'bern', 'bernensis', 'berta', 'bessemans', 'bessi', 'betae', 'betavasculorum', 'bethesda', 'beti', 'beticky', 'beticola', 'betioky', 'betle', 'betlicola', 'bettii', 'bettyae', 'beye', 'BEIjin2008', 'beijing@2008', 'beijingbeijing', 'beijingwoaini', 'beijing@beijng', 'beijingbeijing2008', 'beijing2008', 'beijing!@#$', 'beijing', 'beijing_2008', 'benpaoouyang2008', 'beijing', 'benchi4', 'benchijiaoche', 'benchi', 'beijing2008', 'beijing', 'beijing2009', 'beijing2008', 'beijing', 'beijingIDC', 'beijing2008', 'bet021gf4jhpf', 'BEIjin2008', 'beijing_2008', 'beijingidc', 'beijingidc2008', 'beijing2008idc', 'beijing', 'beijingIDC', 'beijing', 'beijingIDC', 'beijing', 'beijing2009', 'beijing2010', 'better.165', 'benben18', 'BestUx123.com', 'beijing2009', 'beak155rose622', 'beijing$%414', 'beijing2008', 'beachboy', 'beauty', 'beijet', 'benj', 'benny', 'best_74120299', 'bestlove', 'best', 'besthomel', 'bendan', 'Beaner', 'Beatles', 'Beaver', 'Beavis', 'beagle', 'beanie', 'bear', 'bears', 'beautifu', 'beer', 'belle', 'benjamin', 'benoit', 'benson', 'bernard', 'bernie', 'bertha', 'betty', 'beijing', 'beijing2009', 'beijing2010', 'better.165', 'beijonab', 'ben', 'bengal', 'benny', 'benoit', 'beyond'],
'bf',['bfd', 'bfidc', 'bfidc2008', 'bfidc', 'bfidc2008', 'bfi'],
'bg',['bgfdl;hnr', 'bgfdl', 'bgfdl;hnr', 'bgfdl', 'bgfdl;hnr', 'bgfdl', 'bggdaa'],
'bh',['bhatnagar', 'bhl58212716', 'bhaskar', 'bhaskar1'],
'bi',['bigboy', 'bigbrother', 'bigbucks', 'bigcock', 'bigdeal', 'bigdude', 'bigguy', 'bighips', 'bighouse', 'bigjoke', 'bigmouth', 'bigroom', 'bigsecret', 'bigtits', 'bigtoe', 'bimbo', 'bimboe', 'bitchin', ""bitchin'"", 'bitching', 'bible', 'biblical', 'bichri', 'bid', 'bidden', 'biddeth', 'bidding', 'bidkar', 'bier', 'bigtha', 'bigthan', 'bigthana', 'bigvai', 'bildad', 'bileam', 'bilgah', 'bilgai', 'bilhah', 'bilhan', 'bill', 'billows', 'bilshan', 'bimhal', 'bin', 'bind', 'bindeth', 'binding', 'binea', 'binnui', 'biography', 'bird', 'birds', 'birsha', 'birth', 'birthday', 'birthright', 'birzavith', 'bishlam', 'bishop', 'bishoprick', 'bishops', 'bit', 'bite', 'biteth', 'bithiah', 'bithron', 'bithynia', 'bitnet', 'bits', 'bitten', 'bitter', 'bitterly', 'bittern', 'bitterness', 'bizjothjah', 'biztha', 'Bianca', 'Biarmia', 'Bilkis', 'Binomi', 'Binzel', 'Birch', 'Birgit', 'Birgitta', 'Biryukov', 'Bishop', 'Bistro', 'biacutus', 'biafra', 'biazotea', 'bibula', 'bicolor', 'bietri', 'bifermentans', 'bifidobacterium', 'bifidum', 'biflexa', 'biforme', 'bifurcus', 'biggis', 'bignona', 'bijlmer', 'bikiniensis', 'bilophila', 'bilthoven', 'bilu', 'bilvae', 'bindjei', 'bingerville', 'binningen', 'binns', 'binza', 'biogroup', 'biotype', 'biotypes', 'biovar', 'biprosthecium', 'biprosthecum', 'bipunctata', 'birken', 'birkenhead', 'birkini', 'birmingham', 'birminghamensis', 'bisgaard', 'bispebjerg', 'bispebjerk', 'bispora', 'biuns', 'bivalvii', 'biverticillatopsis', 'biverticillatum', 'biverticillatus', 'bivia', 'bivius', 'bizcee564335', 'bigtanzt', 'biejing2008', 'bingo', 'bitidc', 'bizcn.com', 'biff1234', 'BIT23TCH23', 'bielaimuma', 'bigtanzt', 'bingo', 'bieheilewuliaobu', 'binbin!@#', 'bingo', 'bingfeng911', 'bingfeng911', 'binglvcha171', 'binglvcha', 'binhuacomskey205', 'binbin!@#', 'bingo', 'bishaohua5210', 'big123', 'bill', 'billchris', 'billyjoy', 'bimmer', 'binbin', 'bindy', 'binny', 'bir725', 'birdonly', 'binzhanying', 'BigBird', 'Bigdog', 'Bigfoot', 'Biology', 'Biteme', 'bigmac', 'bigman', 'bigred', 'bilbo', 'billy', 'bingo', 'binky', 'bird', 'bird33', 'birdie', 'biscotte', 'bitch', 'biyi0791.com', 'biz.12.serve', 'bitidc', 'bitidc.com', 'bitidc2010', 'bitidc2011', 'bi20iQdwed', 'bin.wang', 'bin.li', 'bin.liu', 'bin.zhang', 'bing.li', 'bin.chen', 'bin.li', 'bin.wang', 'bing.wang', 'bing.liu', 'bin.yang', 'bijoy', 'bikash', 'bill', 'bingtian', 'bin.hou', 'biplob', 'biswajit', 'biswas'],
'bj',['bj@123456', 'bj1234567890', 'bjidc_123456', 'bjidczhan', 'bj123456!@#$%^', 'bj.gzidc.cn', 'bj123456', 'bjidczhan', 'bj2008', 'bj2008bj', 'bj123456', 'bjhost', 'bjidc', 'bj123456', 'bj123321', 'bj2008', 'bj123654', 'bj123445', 'bj1234567', 'bjidczhan', 'bjwangluo.net', 'bjwangluo', 'bj.gzidc.cn', 'bj2008idc', 'bjidc2008', 'bj!@#$%^', 'bj!@#', 'bj!@#$%', 'bjhost', 'bjidc', 'bj123456', 'bj123321', 'bj2008', 'bj123654', 'bj123445', 'bj1234567', 'bjidczhan', 'bjwangluo.net', 'bjwangluo', 'bjhost', 'bjidc', 'bj123456', 'bj123321', 'bj2008', 'bj123654', 'bj123445', 'bj1234567', 'bj731030', 'bjiugui', 'bjidc', 'bjcy_yms_09', 'bjjingtu'],
'bk',['bk1975', 'bkys4969'],
'bl',['blackboot', 'bleep', 'bleeping', 'bleeps', 'bloomcounty', 'blowjob', 'blowme', 'blowoff', 'blueline', 'black', 'blacker', 'blackish', 'blackness', 'blade', 'blains', 'blame', 'blamed', 'blameless', 'blaspheme', 'blasphemed', 'blasphemer', 'blasphemers', 'blasphemest', 'blasphemeth', 'blasphemies', 'blaspheming', 'blasphemous', 'blasphemously', 'blasphemy', 'blast', 'blasted', 'blasting', 'blastus', 'blaze', 'bleating', 'bleatings', 'blemish', 'blemishes', 'bless', 'blessed', 'blessedness', 'blessest', 'blesseth', 'blessing', 'blessings', 'blew', 'blind', 'blinded', 'blindeth', 'blindfolded', 'blindness', 'block', 'blocks', 'blood', 'bloodguiltiness', 'bloodthirsty', 'bloody', 'bloomed', 'blossom', 'blossomed', 'blossoms', 'blot', 'blotted', 'blotteth', 'blotting', 'blow', 'bloweth', 'blowing', 'blown', 'blue', 'blueness', 'blunt', 'blush', 'Blaauw', 'Blazhko', 'Blixen', 'Blok', 'blackwellii', 'blankenese', 'blastica', 'blastmyceticum', 'blastmyceticus', 'blastobacter', 'blastococcus', 'blatchfordae', 'blattabacterium', 'blattae', 'blayaisense', 'bleadon', 'blegdam', 'blepharidis', 'blijdorp', 'blitta', 'blockley', 'bloemfontein', 'bloomsbury', 'bluensis', 'blukwa', 'blogcn@fang', 'blog.sina.com.cn', 'blog.zjol.com.cn', 'blog.tom.com', 'bl.1q2w3e4r.29', 'blue', 'bloodogd.net', 'blog.zjol.com.cn', 'blog.tom.com', 'blackjack', 'blue22', 'bluemary', 'bluemoon', 'Blackie', 'Blaster', 'Blazer', 'Blondie', 'Blowme', 'black', 'blizzard', 'blonde', 'blowfish', 'blue', 'bluebird', 'bluesky', 'bl-kj@123', 'blue'],
'bm',['bmers', 'bmw528', 'bmw', 'bma', 'bmb', 'bmc', 'bmd', 'bme', 'bmf', 'bmg', 'bmh', 'bmi', 'bmj', 'bmk', 'bml', 'bmm', 'bmn', 'bmo', 'bmp', 'bmq', 'bmr', 'bms', 'bmt', 'bmu', 'bmv', 'bmw', 'bmx', 'bmy', 'bmz'],
'bn',['bnr', 'bnmbnm,./', 'bnmbnm,./', 'bni7kg', 'bnc'],
'bo',['bodyshop', 'boeing', 'bonkers', 'bonzai', 'bonzo', 'boobie', 'boobies', 'boobys', 'bookem', 'bookemdanno', 'boomer', 'bornagai', 'bourne', 'bourne-again', 'bourneagain', 'boywonder', 'boanerges', 'boar', 'board', 'boards', 'boast', 'boasted', 'boasters', 'boastest', 'boasteth', 'boasting', 'boastings', 'boat', 'boats', 'boaz', 'bocheru', 'bochim', 'bodies', 'bodily', 'body', 'bohan', 'boil', 'boiled', 'boiling', 'boils', 'boisterous', 'bold', 'boldly', 'boldness', 'bolled', 'bolster', 'bolt', 'bolted', 'bond', 'bondage', 'bondmaid', 'bondmaids', 'bondman', 'bondmen', 'bonds', 'bondservant', 'bondservice', 'bondwoman', 'bondwomen', 'bone', 'bones', 'bonnets', 'book', 'books', 'booth', 'booths', 'booties', 'booty', 'booz', 'border', 'borders', 'bore', 'bored', 'born', 'borne', 'borrow', 'borrowed', 'borrower', 'borroweth', 'boscath', 'bosom', 'bosor', 'bosses', 'botch', 'both', 'bottle', 'bottles', 'bottom', 'bottomless', 'bottoms', 'bough', 'boughs', 'bought', 'bound', 'bounds', 'bountiful', 'bountifully', 'bountifulness', 'bounty', 'bow', 'bowed', 'bowels', 'boweth', 'bowing', 'bowl', 'bowls', 'bowmen', 'bows', 'box', 'boy', 'boys', 'bozez', 'bozkath', 'bozrah', 'Bobone', 'Bobrovnikoff', 'Boda', 'Bodea', 'Bodil', 'Bohemia', 'Bohlinia', 'Bohmia', 'Bohrmann', 'Bojeva', 'Bok', 'Bokhan', 'Boksenberg', 'Boliviana', 'Bologna', 'Bolyai', 'Bolzano', 'Bondia', 'Bonestell', 'Bononia', 'Bonsdorffia', 'Boreas', 'Borngen', 'Bornmann', 'Borrelly', 'Botha', 'Botolphia', 'Bourgeois', 'Boury', 'Bouzareah', 'Bowell', 'Bowell', 'Boweller', 'Boyarchuk', 'Boyce', 'Boyer', 'bobili', 'bobo', 'bochum', 'bockenheim', 'bodjonegoro', 'boecker', 'bogvere', 'bokanjac', 'boksburg', 'boletus', 'bolombo', 'bolton', 'bonaire', 'bonames', 'bonariensis', 'bongor', 'bongori', 'bonn', 'bookeri', 'booni', 'bootle', 'borborokoites', 'bordetella', 'boreopolis', 'borgpetersenii', 'borincana', 'bornheim', 'bornum', 'borre', 'borrelia', 'borreze', 'borstelense', 'boryanum', 'bostroemi', 'botanica', 'botrytis', 'bottropensis', 'botuliacidofaciens', 'botulinum', 'bouake', 'boulders', 'boum', 'bourgense', 'bournemouth', 'bousso', 'bovedo', 'bovienii', 'bovigenitalium', 'bovimastitidis', 'bovirhinis', 'bovis', 'boviseptica', 'bovismorbificans', 'bovistum', 'bovoculi', 'boyd', 'boydii', 'bozemanae', 'bozemanii', 'Bobby', 'boluidc.com', 'Bobby', 'bolide_123445', 'bootchina', 'boyuha', 'bo188hgj5j9j', 'bofee', 'bohongserver', 'boluidc.com', 'bootchina', 'bootchina', 'boyuha', 'bolinom88', 'bolide_123445', 'bonnie88', 'bookbook', 'boyboy', 'boy', 'bobjsy851027', 'Bond007', 'Boner', 'Bonnie', 'Booboo', 'Booger', 'Bookit', 'Boomer', 'Boston', 'Bowling', 'bob', 'bobby', 'bobcat', 'bonjour', 'boogie', 'booster', 'boots', 'bootsie', 'boris', 'boss', 'bozo', 'bolong23', 'bo.li', 'bo.zhang', 'bo.wang', 'bo.liu', 'bo.yang', 'bo.chen', 'bo.wang', 'bo.zhang', 'bo.li', 'bok', 'book', 'boot', 'boris', 'bot', 'bove'],
'bp',[],
'bq',[],
'br',['braindead', 'bravenewworld', 'breakout', 'breastfeed', 'breasts', 'brickles', 'brickout', 'brokenheart', 'brothers', 'bracelet', 'bracelets', 'brake', 'brakest', 'bramble', 'brambles', 'branch', 'branches', 'brand', 'brandish', 'brands', 'brasen', 'brass', 'bravery', 'brawler', 'brawlers', 'brawling', 'bray', 'brayed', 'breach', 'breaches', 'bread', 'breadth', 'break', 'breaker', 'breakest', 'breaketh', 'breaking', 'breakings', 'breaks', 'breast', 'breastplate', 'breastplates', 'breasts', 'breath', 'breathe', 'breathed', 'breatheth', 'breathing', 'bred', 'breeches', 'breed', 'breeding', 'brethren', 'bribe', 'bribery', 'bribes', 'brick', 'brickkiln', 'bricks', 'bride', 'bridechamber', 'bridegroom', 'bridle', 'bridles', 'bridleth', 'briefly', 'brier', 'briers', 'brigandine', 'brigandines', 'bright', 'brightness', 'brim', 'brimstone', 'bring', 'bringers', 'bringest', 'bringeth', 'bringing', 'brings', 'brink', 'broad', 'broader', 'broadus', 'broided', 'broidered', 'broiled', 'broken', 'brokenfooted', 'brokenhanded', 'brokenhearted', 'brood', 'brook', 'brooks', 'broth', 'brother', 'brotherhood', 'brotherly', 'brothers', 'brought', 'broughtest', 'brow', 'brown', 'bruise', 'bruised', 'bruises', 'bruising', 'bruit', 'brute', 'brutish', 'Brabantia', 'Bradfield', 'Bradley', 'Brahic', 'Brahms', 'Brambilla', 'Brandia', 'Brangane', 'Brasilia', 'Brauna', 'Bredichina', 'Brel', 'Brenda', 'Brendelia', 'Bressole', 'Brest', 'Brian', 'Brigitta', 'Briseis', 'Brita', 'Britta', 'Brixia', 'Broederstroom', 'Bronislawa', 'Brorfelde', 'Brouwer', 'Brown', 'BruceHelin', 'BruceHelin', 'Bruce_Helin', 'Bruchsalia', 'Brucia', 'Bruckner', 'Bruna', 'Brunhild', 'Brunk', 'Brunonia', 'Brunsia', 'Bruwer', 'Bruxelles', 'Bryan', 'braakii', 'brachy', 'brachybacterium', 'brachyspira', 'brachysporum', 'bracknell', 'bradford', 'bradyrhizobium', 'braenderup', 'bragg', 'bran', 'brancaster', 'branchiophila', 'branchiophilum', 'brandenburg', 'branhamella', 'branhioseptica', 'brasilense', 'brasiliense', 'brasiliensis', 'bratislava', 'bravo', 'brazil', 'braziliensis', 'brazzaville', 'bredeney', 'brefet', 'bremen', 'breukelen', 'breve', 'brevibacteri', 'brevibacterium', 'brevicatena', 'brevik', 'brevis', 'brezany', 'briensis', 'brierleyi', 'brijbhumi', 'brikama', 'brisbane', 'bristol', 'brive', 'brochothrix', 'brockii', 'brocothrix', 'bromii', 'bron', 'bronchialis', 'bronchiseptica', 'bronchisepticus', 'bronx', 'brookfield', 'brooklyn', 'broomeae', 'broomi', 'broughton', 'broxbourne', 'brucella', 'bruck', 'brumae', 'brumalis', 'brunei', 'brunense', 'brunensis', 'brunescens', 'bruneus', 'brunflo', 'brunnea', 'brunneoaurantiacus', 'brunneogriseus', 'brunneorectus', 'brunnescens', 'brunswick', 'bryantii', 'bretange', 'bronzegoat597', 'brooddf', 'brooddf@', 'Bradley', 'Brandi', 'Brandon', 'Brandy', 'Brasil', 'Braves', 'Brazil', 'Brenda', 'Broncos', 'Browns', 'brewster', 'brian', 'bridge', 'bridges', 'bright', 'brooke', 'bruce', 'brutus', 'bran', 'brandi', 'brett', 'bromha', 'brutus', 'bryan'],
'bs',['bsd', 'bsd4', 'bsdunix', 'bsxiang84745334', 'bsbs'],
'bt',['btc-43477557', 'btc', 'btc123456', 'btc2008', 'btxminlion', 'btc-43477557', 'bta', 'btb', 'btc', 'btd', 'bte', 'btf', 'btg', 'bth', 'bti', 'btj', 'btk', 'btl', 'btm', 'btn', 'bto', 'btp', 'btq', 'btr', 'bts', 'btt', 'btu', 'btv', 'btw', 'btx', 'bty', 'btz'],
'bu',['bubba', 'bubbah', 'bubbahlah', 'bubbalah', 'buddah', 'buddha', 'buddhist', 'budlite', 'bugsbunny', 'bullshit', 'bumbling', 'bunnyrabbit', 'buttfuck', 'buttfucker', 'bucket', 'buckets', 'buckler', 'bucklers', 'bud', 'budded', 'buds', 'buffet', 'buffeted', 'build', 'builded', 'buildedst', 'builder', 'builders', 'buildest', 'buildeth', 'building', 'buildings', 'built', 'bukki', 'bukkiah', 'bul', 'bull', 'bullock', 'bullocks', 'bulls', 'bulrush', 'bulrushes', 'bulwarks', 'bunah', 'bunch', 'bunches', 'bundle', 'bundles', 'bunni', 'burden', 'burdened', 'burdens', 'burdensome', 'burial', 'buried', 'buriers', 'burn', 'burned', 'burneth', 'burning', 'burnings', 'burnished', 'burnt', 'burst', 'bursting', 'bury', 'burying', 'buryingplace', 'bush', 'bushel', 'bushes', 'bushy', 'busied', 'business', 'busy', 'busybodies', 'busybody', 'but', 'butler', 'butlers', 'butlership', 'butter', 'buttocks', 'buy', 'buyer', 'buyest', 'buyeth', 'buys', 'buz', 'buzi', 'buzite', 'Buchwald', 'Buda', 'Budovicium', 'Budrosa', 'Bulgakov', 'Bulgaria', 'Bunke', 'Burdett', 'Burdigala', 'Burgundia', 'Burnhamia', 'Burns', 'Buryatia', 'Bus', 'Bussolini', 'bubulus', 'buccae', 'buccale', 'buccalis', 'buchneri', 'buchnerii', 'budapest', 'budayi', 'buderi', 'budvicia', 'buenos', 'bukavu', 'bukuru', 'bulawayo', 'bulbay', 'bulgaria', 'bulgarica', 'bulgaricu', 'bulgaricus', 'bullata', 'bullosum', 'bulovka', 'bungoensis', 'bunnik', 'burgas', 'burgdorferi', 'burkholderia', 'burkinabensis', 'burnetii', 'burnetti', 'burtonii', 'buruli', 'bury', 'businga', 'buswellii', 'butanica', 'butanicum', 'butanologenum', 'butanovora', 'butantan', 'butare', 'butembo', 'buteonis', 'buttiauxella', 'buturicum', 'butylicum', 'butyri', 'butyribacterium', 'butyricum', 'butyrivibrio', 'butzleri', 'buzu', 'butterfly', 'builtin', 'builtin', 'builtin', 'bubble', 'buzhidao', 'Bubba', 'Bubbles', 'Buddha', 'Buffalo', 'Buster', 'Butthead', 'Button', 'Buttons', 'bubba1', 'buck', 'buddy', 'buffy', 'bull', 'bulldog', 'bullet', 'bullshit', 'bunny', 'business', 'butch', 'butler', 'buzz', 'buzhidao', 'buzhidao', 'bud', 'burhan', 'busan', 'business'],
'bv',['bv', 'c'],
'bw',['bwadmin'],
'bx',[],
'by',['by', 'byways', 'byword', 'Byblis', 'Byelorussia', 'Byron', 'byoochina', 'byteme'],
'bz',['bzidc', 'bzwd110@', 'bzwd@', 'bzwd110', 'bzwd520!!', 'bzidc', 'bzxyd', 'C', 'bzxyd'],
'ca',['cabernet', 'cabinboy', 'cadcam', 'caip', 'caipcad', 'caliban', 'californ', 'capfast', 'cascades', 'cashbox', 'caonima', 'cab', 'cabbon', 'cabins', 'cabul', 'caesar', 'caesarea', 'cage', 'caiaphas', 'cain', 'cainan', 'cake', 'cakes', 'calah', 'calamities', 'calamity', 'calamus', 'calcol', 'caldron', 'caldrons', 'caleb', 'calebephratah', 'calf', 'calkers', 'call', 'called', 'calledst', 'callest', 'calleth', 'calling', 'calm', 'calneh', 'calno', 'calvary', 'calve', 'calved', 'calves', 'calveth', 'calvin', 'came', 'camel', 'camels', 'camest', 'camon', 'camp', 'camped', 'camphire', 'camps', 'can', 'cana', 'canaan', 'canaanite', 'canaanites', 'canaanitess', 'canaanitish', 'candace', 'candle', 'candles', 'candlestick', 'candlesticks', 'cane', 'canker', 'cankered', 'cankerworm', 'canneh', 'cannot', 'canst', 'capernaum', 'caphthorim', 'caphtor', 'caphtorim', 'caphtorims', 'cappadocia', 'captain', 'captains', 'captive', 'captives', 'captivity', 'carbuncle', 'carbuncles', 'carcas', 'carcase', 'carcases', 'carchemish', 'care', 'careah', 'cared', 'career', 'careful', 'carefully', 'carefulness', 'careless', 'carelessly', 'cares', 'carest', 'careth', 'caring', 'carmel', 'carmelite', 'carmelitess', 'carmi', 'carmites', 'carnal', 'carnally', 'carpenter', 'carpenters', 'carpus', 'carriage', 'carriages', 'carried', 'carriest', 'carrieth', 'carry', 'carrying', 'carshena', 'cart', 'carved', 'carvingg', 'carvings', 'case', 'casement', 'cases', 'casiphia', 'casluhim', 'cassia', 'cast', 'castaway', 'castedst', 'castest', 'casteth', 'casting', 'castle', 'castles', 'castor', 'catch', 'catcheth', 'caterpiller', 'caterpillers', 'cattle', 'caught', 'caul', 'cauls', 'cause', 'caused', 'causeless', 'causes', 'causest', 'causeth', 'causeway', 'causing', 'cave', 'caves', 'Caecilia', 'Caia', 'Caldeira', 'California', 'Calpurnia', 'Caltech', 'Calvinia', 'Cambridge', 'Camelia', 'Camilla', 'Camillo', 'Campania', 'Campanula', 'Campbell', 'Campins', 'Candy', 'Cannonia', 'Cantabia', 'Caprera', 'Carelia', 'Carina', 'Carla', 'Carlospotter', 'Carlova', 'Carlvesely', 'Carmen', 'Carnegia', 'Carol', 'Carolina', 'Carpenter', 'Carr', 'Carrera', 'Castafiore', 'Catriona', 'Caubeta', 'Caupolican', 'Cava', 'ca', 'caballi', 'cacaoi', 'caccae', 'cacticida', 'cadaveris', 'cadiz', 'caedibacter', 'caelicus', 'caen', 'caeruleum', 'caeruleus', 'caesia', 'caesiolatus', 'caesius', 'caespitosum', 'caespitosus', 'cairina', 'cairns', 'cairo', 'cajani', 'calabar', 'calcarea', 'calcoacceticus', 'calcoaceticus', 'calderobacterium', 'caledon', 'calidolactis', 'california', 'californiae', 'californicum', 'californicus', 'callanderi', 'callidus', 'calligyrum', 'callunae', 'calotermitidis', 'calothrix', 'calvinia', 'calvum', 'calvus', 'calymmatobacterium', 'camargense', 'camberene', 'camberwell', 'cambridge', 'camdeni', 'camlo', 'campanulata', 'campanulatus', 'campbellii', 'campestris', 'campinense', 'campylobacter', 'canada', 'canadense', 'canadensis', 'canadiensis', 'canalzonae', 'canastel', 'cancerogena', 'cancerogenus', 'candicans', 'candida', 'candidus', 'caneris', 'canescens', 'canescus', 'canicola', 'canicruria', 'caniferus', 'canigenitalium', 'canimorsus', 'canis', 'cannabina', 'cannabis', 'cannae', 'cannocereus', 'cannonhill', 'cannstatt', 'canofumeus', 'canoga', 'canori', 'canosus', 'cantharicola', 'canton', 'canulus', 'cape', 'capillispiralis', 'capillosus', 'capillus', 'capitis', 'capitovale', 'capitovalis', 'capnocytophaga', 'capoamus', 'caprae', 'capreola', 'capreolus', 'capri', 'capricolum', 'capripneumoni', 'caproicum', 'capsici', 'capsular', 'capsularis', 'capsulata', 'capsulatum', 'capsulatus', 'capuensis', 'caracas', 'carbinolicum', 'carbinolicus', 'carbonace', 'carbonacea', 'carbophilus', 'carboxidovorans', 'carboxidus', 'carboxydoflava', 'carboxydohydrogena', 'carboxydothermus', 'carboxydovorans', 'carchariae', 'cardiff', 'cardioarthritidis', 'cardiobacterium', 'cariaci', 'caribe', 'caricapapayae', 'caridis', 'carimagua', 'cariniformis', 'carissae', 'carletonville', 'carlos', 'carmel', 'carminata', 'carminatus', 'carnac', 'carnea', 'carnegieana', 'carneum', 'carneus', 'carnis', 'carno', 'carnobacterium', 'carnosum', 'carnosus', 'carnus', 'carotae', 'carotarum', 'carotovora', 'carotovorum', 'carpaticus', 'carpinense', 'carpinensis', 'carrageenovora', 'carrau', 'carswell', 'cartae', 'cartobacterium', 'caryocyanea', 'caryophanon', 'caryophila', 'caryophylli', 'casablanca', 'casamance', 'casei', 'caseolyticus', 'cassavae', 'casseliflavus', 'casseriflavus', 'cassiae', 'castaneoglobisporus', 'castaneoglobosus', 'castaneu', 'castaneum', 'castelare', 'castelarense', 'castelarensis', 'castellonis', 'castelonis', 'cat', 'catalase', 'catalasicus', 'catalatica', 'catalaticus', 'catanzaro', 'catarrhalis', 'catecholicum', 'catellatospora', 'catenaforme', 'catenaformis', 'catenula', 'catenulae', 'catenulatum', 'catenulatus', 'catenuloplanes', 'cati', 'catonella', 'catoniae', 'cattarhalis', 'cattelya', 'cattleya', 'cattleyae', 'catus', 'cau', 'caucasica', 'caucasicus', 'caudatum', 'cauliformis', 'caulinodans', 'caulobacter', 'caviae', 'caviarum', 'cavigenitalium', 'cavipharyngis', 'cavourensi', 'cavourensis', 'cayar', 'CAIRENo123', 'caonimaheike', 'capcom', 'caonima', 'caonimahacker', 'caonimacaonima', 'caoniba', 'caoniyeye', 'caoninana', 'caoniye', 'caonima123', 'caiwei', 'caonima', 'cangnan25', 'caihua', 'cabal!@#$', 'calwbs9090', 'caonimab520', 'cable-docsis', 'cascade', 'caonima', 'caopanshou', 'caonima', 'cangnan25', 'caihua', 'camdadmin', 'cabalqswlidc', 'caonimab520', 'cat', 'caonima', 'caonimahacker', 'caonimab520', 'cat', 'caonima', 'caonimab520', 'cat', 'caonima', 'caiwu#163ns.com', 'caonimabi', 'caonimagebi', 'caonima!@#', 'caixia1314521', 'caixia1314520', 'caodanwbd', 'caodanwbd', 'caonima', 'caodan', 'caonima', 'caonimade', 'caonimadebi', 'caonimei', 'camille', 'canada', 'cancel', 'candy', 'caodi', 'caoligang', 'caoni', 'caowei', 'capp190166', 'cash5188', 'cassie', 'cat123', 'caobingnan1314', 'caoyingwu', 'carven', 'caidi1224', 'caijunhao', 'Calvin', 'Camaro', 'Cancer', 'Carlos', 'Carol', 'Carrie', 'Casio', 'Casper', 'cactus', 'caesar', 'caitlin', 'californ', 'camera', 'campbell', 'camping', 'canced', 'canela', 'cannon', 'cannonda', 'canon', 'cao', 'captain', 'cardinal', 'carl', 'carmen', 'carole', 'carolina', 'caroline', 'cascade', 'casey', 'castle', 'cat', 'catalog', 'catfish', 'cats', 'caony8530468', 'caonima', 'caonima123', 'ca_liaocheng_0635', 'caocaonima', 'caiwu#163ns.com', 'caonimabi', 'caonimagebi', 'ca8dIPXB!', 'caonima', 'caonima', 'caonima', 'cat', 'cacti', 'cacti1', 'cactiuser', 'cafe', 'cafe24', 'cap', 'careuat', 'cat', 'catadmin', 'catering'],
'cb',['cbidc', 'cbidc2008', 'cbm168', 'cbm2008', 'cbm168MRMHW', 'cb193833', 'cb193833', 'cb3833', 'cb198333', 'cbl760208', 'cbs', 'cb', 'cb'],
'cc',['ccfeng66131421', 'cctv123456', 'cc185.59.cn', 'ccc', 'cccnet^%^', 'cccnet114!!@', 'cccnet&*()', 'cctv163', 'cctv163163', 'cccnet', 'ccm760110', 'cc!!**', 'cccnet#', 'ccmove123qweasdzxc', 'cc222hj1013', 'ccm760110', 'cc@htxg.net', 'cccnet', 'cctv2', 'cctv3', 'cctv123456', 'cccnet#', 'cc185.59.cn', 'cc222hj1013', 'ccm760110', 'cc@htxg.net', 'cccnet', 'ccm760110', 'cc@htxg.net', 'cctv2', 'cctv3', 'cctv123456', 'cc123456', 'cc123456', 'ccc123', 'Ccb%#)**.a9r8e4V)', 'cctv2', 'cctv3', 'cctv123456', 'cc', 'cccc', 'cck3cc8d', 'ccrong', 'cctv', 'cctv123', 'cccccc', 'ccxcinfo!@#', 'cc123456', 'ccfeng66131421', 'ccfeng66131421', 'cc', 'cc'],
'cd',['cdc', 'cdq238888', 'cdnlive', 'cde3@WSXzaq1', 'cdy123', 'cdnlive', 'cdnlive114', 'cdexswzaq', 'cdnlive198', 'cdnlive', 'cdnlive114', 'cde3', 'cdcl', 'cdcl123445', 'cdkjvac4n', 'cdexswzaq', 'cdnlive198', 'cdnlive', 'cdnlive114', 'cdexswzaq', 'cdnlive198', 'cdnlive', 'cdnlive114', 'cde3', 'cdcl', 'cdcl123445', 'cdN&*21v@#', 'cdcws1234yxk', 'cde3', 'cdma1gsm', 'cde3', 'cdr'],
'ce',['cerebus', 'cease', 'ceased', 'ceaseth', 'ceasing', 'cedar', 'cedars', 'cedron', 'ceiling', 'celebrate', 'celestial', 'cellars', 'cemetery', 'cenchrea', 'censer', 'censers', 'centurion', 'centurions', 'cephas', 'ceremonies', 'certain', 'certainly', 'certainty', 'certified', 'certify', 'Cebriones', 'Celestia', 'Cellino', 'Celuta', 'Centenaria', 'Centesima', 'Ceplecha', 'Ceraskia', 'Cerberus', 'Ceres', 'CERGA', 'Cesco', 'Cetacea', 'Cevenola', 'cecicola', 'cecorum', 'cedecea', 'celatum', 'celebensis', 'celer', 'celerecrescens', 'celinoensis', 'cellasea', 'celledoni', 'cellobioparum', 'cellobiosus', 'cellostaticus', 'cellulans', 'cellulitis', 'cellulofermentans', 'celluloflavus', 'cellulolytica', 'cellulolyticum', 'cellulolyticus', 'cellulomonas', 'cellulophilum', 'cellulosa', 'cellulosae', 'cellulose', 'cellulosi', 'cellulosolvens', 'cellulosum', 'cellulovorans', 'cellvibrio', 'cenereus', 'centellae', 'centenaria', 'centenum', 'centipeda', 'centrale', 'centrosporus', 'cepacia', 'cephalomyceticus', 'cerealis', 'cerebrosus', 'ceres', 'cereus', 'cerevisiae', 'cerevisiiphilus', 'cerinum', 'cerinus', 'cernesial', 'cerratus', 'cerro', 'cervicalis', 'cervicis', 'cervo', 'cetonicum', 'ceyco', 'ceylonica', 'ceodns', 'ceodns218', 'Ceshichina35', 'Ceshichina35', 'ceshi2009', 'ceibs', 'Celtics', 'Center', 'cedic', 'celica', 'celine', 'cesar', 'ceshi2009', 'centos', 'ceo', 'ces'],
'cf',['cfq518324', 'cfq518324', 'cfdymtq', 'cfi', 'cfj', 'cf', 'cf', 'cfs1', 'cfs2', 'cfs3'],
'cg',['cgf731', 'cgj', 'cg', 'cgy', 'cgl', 'cgc-admin', 'cgi'],
'ch','ci',['cic', 'cieled', 'cilicia', 'cinnamon', 'cinneroth', 'circle', 'circuit', 'circuits', 'circumcise', 'circumcised', 'circumcising', 'circumcision', 'circumspect', 'circumspectly', 'cis', 'cistern', 'cisterns', 'citations', 'cities', 'citizen', 'citizens', 'city', 'Cimbria', 'Cimmeria', 'Cincinnati', 'Cindijon', 'Circe', 'ciccaronei', 'cichorii', 'cillobacterium', 'cinaedi', 'cincinnatiensis', 'cineraceus', 'cinerea', 'cinereocoelicolar', 'cinereofuscus', 'cinereogriseus', 'cinereohygroscopicus', 'cinereorectus', 'cinereoru', 'cinereoruber', 'cinereospinus', 'cinereoverticillatum', 'cinereus', 'cinerochromogenes', 'cinerosus', 'cinnabareus', 'cinnabarinum', 'cinnabarinus', 'cinnamocastaneus', 'cinnamofuscus', 'cinnamonensis', 'cinnamoneum', 'cinnamoneus', 'circulans', 'circulatus', 'circumdentaria', 'cirolerosus', 'cirratus', 'cirroflagellosus', 'ciscaucasicus', 'cissicola', 'citelli', 'citrea', 'citreoflavescens', 'citreofluorescens', 'citres', 'citreu', 'citreum', 'citreus', 'citri', 'citricolor', 'citricus', 'citriofluorescens', 'citroalcaligenes', 'citrobacter', 'citronellolis', 'citrophila', 'citrovorum', 'citru', 'citrulli', 'citrumelo', 'citrus', 'cisco', 'CISCONX!@#', 'cisco2008', 'Ciscorouter', 'cisco', 'cisco', 'CISCONX!@#', 'cisco3560', 'cisco', 'CISCONX!@#', 'CISCONX!@#', 'cisc0!@#', 'cih123', 'cipher', 'cissy', 'Cindi', 'cinder', 'cindy', 'cinternet', 'cinternet2010', 'cinternetsql', 'cinternetroot', 'cinternetftp', 'cinternetidc', 'cinternet_yzh', 'cinternet_yhm', 'cinternet_yhj', 'cisco123', 'cinternet_yzm'],
'cj',['cjj19841016', 'cjj19841016', 'cj1394', 'cjs962129', 'cjmljy881001', 'cj', 'cj', 'cj', 'cj', 'cj', 'cjh', 'cj', 'cja', 'cjb', 'cjc', 'cjd', 'cje', 'cjf', 'cjg', 'cjh', 'cji', 'cjj', 'cjk', 'cjl', 'cjm', 'cjn', 'cjo', 'cjohnson', 'cjp', 'cjq', 'cjr', 'cjs', 'cjt', 'cju', 'cjv', 'cjw', 'cjx', 'cjy', 'cjz'],
'ck',['ck123456', 'ckck', 'ck13805568', 'ck13805568', 'ckpdh', 'ckuelker'],
'cl',['clambake', 'cleanfight', 'cleanroom', 'clitoris', 'closefriend', 'clusters', 'clad', 'claim', 'claimed', 'claiming', 'claims', 'clamorous', 'clamour', 'clap', 'clapped', 'clappeth', 'clauda', 'claudia', 'claudius', 'clave', 'claws', 'clay', 'clean', 'cleanness', 'cleanse', 'cleansed', 'cleanses', 'cleanseth', 'cleansing', 'clear', 'clearer', 'clearing', 'clearly', 'clearness', 'cleave', 'cleaved', 'cleaveth', 'cleft', 'clefts', 'clemency', 'clement', 'cleopas', 'cleophas', 'clh', 'cliff', 'cliffs', 'clift', 'clifts', 'climb', 'climbed', 'climbeth', 'clipped', 'cloak', 'clods', 'cloke', 'close', 'closed', 'closer', 'closest', 'closet', 'closets', 'cloth', 'clothe', 'clothed', 'clothes', 'clothest', 'clothing', 'cloths', 'cloud', 'clouds', 'cloudy', 'clouted', 'clouts', 'cloven', 'clovenfooted', 'cluster', 'clusters', 'Clara', 'Clarissa', 'Claudia', 'Clematis', 'Clemence', 'Clementina', 'Climenhaga', 'Cline', 'Clivia', 'Cloelia', 'Clorinde', 'clackamas', 'claibornei', 'claidornei', 'clara', 'clarensis', 'clarkii', 'clathratiforme', 'clausa', 'clavibacter', 'clavifer', 'claviforme', 'clavuligerus', 'claytoni', 'clerkenwell', 'clerodendri', 'clerodendroni', 'cleveland', 'clevelandensis', 'clevelandina', 'clichy', 'clifton', 'clitoriae', 'clivatosporus', 'clo', 'cloaca', 'cloacae', 'cloacale', 'clostr', 'clostridiiforme', 'clostridium', 'clovelly', 'clf507146', 'clyj352021314', 'clyj#520@1314', 'clyj20313142', 'clare', 'clever', 'cly812512', 'Cleaner', 'Clover', 'claire', 'clancy', 'clark', 'class', 'classroo', 'claude', 'claudia', 'clipper', 'cloclo', 'Cloud123!@#', 'Cloud123', 'clidc', 'clidc2010', 'clidc.com', 'clidc2009', 'cl', 'cl', 'cl', 'cl', 'cl', 'cl', 'cl', 'clarus2', 'clcheng', 'clcheng1', 'clickfes', 'clone%2520cn_api', 'club'],
'cm',['cmu', 'cmw6488553@!~', 'cmdshell', 'cms', 'cmd', 'cmidc.com', 'cm', 'cm.li', 'cm', 'cm.wang', 'cm', 'cm.zhang', 'cm', 'cma', 'cmb', 'cmc', 'cmd', 'cme', 'cmf', 'cmg', 'cmgauser', 'cmh', 'cmi', 'cmj', 'cmk', 'cmkodak', 'cml', 'cmm', 'cmn', 'cmo', 'cmp', 'cmq', 'cmr', 'cms', 'cmsftp', 'cmsuser', 'cmt', 'cmu', 'cmv', 'cmw', 'cmx', 'cmy', 'cmz'],
'cn',['cnidus', 'cncidc', 'cnstock', 'cnidc', 'cncidc', 'cncnet.com.cn', 'cndns', 'cndnsvps', 'cndnsidc', 'CN$$2007typ', 'cnk:inzj.', 'cnktu', 'cnktu2008', 'cnz588', 'cncidc', 'cncidc2008', 'cnz58888', 'cndns', 'cncidc', 'cncidc2008', 'cndns', 'cnktu', 'cnktu123445', 'cnktu123654', 'cnktu654321', 'cnktu123321', 'cnki,cnki.', 'cnk:inzj.', 'cnktu123456', 'cnforex', 'cndns2008', 'cn193833', 'cncnet.com.cn', 'cnktu.com', 'cndns', 'cnktu', 'cnktu123445', 'cnktu123654', 'cnktu654321', 'cnktu123321', 'cndns', 'cnki,cnki.', 'cnk:inzj.', 'cnktu', 'cnktu123445', 'cnktu123654', 'cnktu654321', 'cnktu123321', 'cndns', 'cnktu123456', 'cnforex', 'cncidc', 'cnidc.hk!@##@!', 'cnidc.hk123', 'cndns2008', 'cndxidc', 'cnot', 'cnland', 'cn0hack', 'cnkc:inzj', 'cncidc', 'cna', 'cnb', 'cnc', 'cnd', 'cne', 'cnf', 'cng', 'cnh', 'cni', 'cnj', 'cnk', 'cnl', 'cnm', 'cnn', 'cno', 'cnp', 'cnq', 'cnr', 'cnred', 'cns', 'cnt', 'cnu', 'cnv', 'cnw', 'cnx', 'cny', 'cnz'],
'co',['coatamundi', 'coatimundi', 'cocacola', 'cocakola', 'codename', 'cokacola', 'coke', 'cokeisit', 'coldcuts', 'coldshoulder', 'coldwar', 'comedienne', 'comeon', 'communication', 'computer', 'comrades', 'condo', 'condom', 'condoms', 'confiden', 'conspiritu', 'consulta', 'consulti', 'convex', 'cooper', 'cosmic', 'cosmos', 'coal', 'coals', 'coast', 'coasts', 'coat', 'coats', 'cock', 'cockatrice', 'cockatrices', 'cockcrowing', 'cockle', 'coffer', 'coffin', 'cogitations', 'cold', 'colhozeh', 'collar', 'collars', 'collection', 'college', 'collops', 'colony', 'colosse', 'colossians', 'colour', 'coloured', 'colours', 'colt', 'colts', 'com', 'combine', 'combined', 'combines', 'combining', 'come', 'comeliness', 'comely', 'comers', 'comes', 'comest', 'cometh', 'comfort', 'comfortable', 'comfortably', 'comforted', 'comfortedst', 'comforter', 'comforters', 'comforteth', 'comfortless', 'comforts', 'coming', 'comings', 'command', 'commanded', 'commandedst', 'commander', 'commandest', 'commandeth', 'commanding', 'commandment', 'commandments', 'commend', 'commendation', 'commended', 'commendeth', 'commending', 'comment', 'commented', 'comments', 'commission', 'commissions', 'commit', 'committed', 'committest', 'committeth', 'committing', 'commodious', 'common', 'commonly', 'commonwealth', 'commotion', 'commotions', 'commune', 'communed', 'communicate', 'communicated', 'communication', 'communications', 'communing', 'communion', 'community', 'compact', 'compacted', 'companied', 'companies', 'companion', 'companions', 'company', 'comparable', 'compare', 'compared', 'comparing', 'comparison', 'compass', 'compassed', 'compassest', 'compasseth', 'compassing', 'compassion', 'compassions', 'compel', 'compelled', 'compellest', 'complain', 'complained', 'complainers', 'complaining', 'complaint', 'complaints', 'complete', 'completely', 'complicates', 'composition', 'compound', 'compoundeth', 'comprehend', 'comprehended', 'compressed', 'computer', 'conaniah', 'conceal', 'concealed', 'concealeth', 'conceit', 'conceits', 'conceive', 'conceived', 'conceiving', 'conception', 'concern', 'concerneth', 'concerning', 'concision', 'conclude', 'concluded', 'concluding', 'conclusion', 'conclusive', 'concord', 'concourse', 'concubine', 'concubines', 'concupiscence', 'condemn', 'condemnation', 'condemned', 'condemnest', 'condemneth', 'condemning', 'condescend', 'condition', 'conditions', 'conduct', 'conducted', 'conduit', 'coney', 'confection', 'confectionaries', 'confederacy', 'confederate', 'conference', 'conferred', 'confess', 'confessed', 'confesseth', 'confessing', 'confession', 'confidence', 'confidences', 'confident', 'confidently', 'confirm', 'confirmation', 'confirmed', 'confirmeth', 'confirming', 'confiscation', 'conflict', 'conflicting', 'conformable', 'conformed', 'confound', 'confounded', 'confused', 'confusing', 'confusion', 'congealed', 'congratulate', 'congregation', 'congregations', 'coniah', 'conies', 'connected', 'connection', 'cononiah', 'conquer', 'conquering', 'conquerors', 'conscience', 'consciences', 'consecrate', 'consecrated', 'consecration', 'consecrations', 'consent', 'consented', 'consentedst', 'consenting', 'consequence', 'consider', 'considerably', 'considered', 'considerest', 'considereth', 'considering', 'consist', 'consistency', 'consistent', 'consisteth', 'consolation', 'consolations', 'consorted', 'conspiracy', 'conspirators', 'conspired', 'constant', 'constantly', 'constellations', 'constrain', 'constrained', 'constraineth', 'constraint', 'constructs', 'consult', 'consultation', 'consulted', 'consulter', 'consulteth', 'consume', 'consumed', 'consumeth', 'consuming', 'consummation', 'consumption', 'contain', 'contained', 'containeth', 'containing', 'contemn', 'contemned', 'contemneth', 'contempt', 'contemptible', 'contemptuously', 'contend', 'contended', 'contendest', 'contendeth', 'contending', 'content', 'contention', 'contentions', 'contentious', 'contentment', 'continual', 'continually', 'continuance', 'continue', 'continued', 'continues', 'continueth', 'continuing', 'contradicting', 'contradiction', 'contradictions', 'contradictory', 'contrariwise', 'contrary', 'contribution', 'contrite', 'controversies', 'controversy', 'convenient', 'conveniently', 'conversant', 'conversation', 'conversion', 'convert', 'converted', 'converteth', 'converting', 'converts', 'convey', 'conveyed', 'convicted', 'convince', 'convinced', 'convinceth', 'convincing', 'convocation', 'convocations', 'cook', 'cooks', 'cool', 'coos', 'copied', 'coping', 'copper', 'coppersmith', 'copulation', 'copy', 'cor', 'coral', 'corban', 'cord', 'cords', 'core', 'coriander', 'corinth', 'corinthians', 'cormorant', 'corn', 'cornelius', 'corner', 'corners', 'cornet', 'cornets', 'cornfloor', 'corpse', 'corpses', 'correct', 'corrected', 'correcteth', 'correction', 'corrupt', 'corrupted', 'corrupters', 'corrupteth', 'corruptible', 'corrupting', 'corruption', 'corruptly', 'cosam', 'cost', 'costliness', 'costly', 'cotes', 'cottage', 'cottages', 'couch', 'couched', 'couches', 'coucheth', 'couching', 'could', 'couldest', 'coulter', 'coulters', 'council', 'councils', 'counsel', 'counselled', 'counsellor', 'counsellors', 'counsels', 'count', 'counted', 'countenance', 'countenances', 'counterpart', 'countervail', 'counteth', 'counting', 'countries', 'country', 'countrymen', 'couple', 'coupled', 'coupleth', 'coupling', 'couplings', 'courage', 'courageous', 'courageously', 'course', 'courses', 'court', 'courteous', 'courteously', 'courts', 'cousin', 'cousins', 'covenant', 'covenantbreakers', 'covenanted', 'covenants', 'cover', 'covered', 'coveredst', 'coverest', 'covereth', 'covering', 'coverings', 'covers', 'covert', 'covet', 'coveted', 'coveteth', 'covetous', 'covetousness', 'cow', 'coz', 'cozbi', 'Coconino', 'Coelestina', 'Cogshall', 'Cohnia', 'Colchagua', 'Colchis', 'Colocolo', 'Columbia', 'Comacina', 'ComasSola', 'ComasSola', 'Comas_Sola', 'Concordia', 'Conrada', 'Constantia', 'Cook', 'Coonabarabran', 'Coppelia', 'Coppernicus', 'Cora', 'Corbett', 'Cordelia', 'Corduba', 'Cornelia', 'Cortusa', 'Corvina', 'Cosette', 'Cosicosi', 'Cosima', 'Cottrell', 'Coubertin', 'Coventry', 'Cowell', 'Cox', 'coagulans', 'coagulase', 'coaqulans', 'cocci', 'coccineum', 'coccobacillus', 'coccoides', 'cochin', 'cochlearium', 'cochleatus', 'cocleatum', 'cocody', 'cocovenenans', 'codice', 'coelescens', 'coeliaca', 'coeliatus', 'coelicoferus', 'coelicoflavus', 'coelicolor', 'coelicovarians', 'coelistus', 'coeln', 'coenobios', 'coerulatus', 'coerulea', 'coeruleoaurantiacus', 'coeruleoflavus', 'coeruleofusca', 'coeruleofusco', 'coeruleofuscus', 'coeruleoprunus', 'coeruleorubidus', 'coeruleoviolacea', 'coerulescens', 'coeruleum', 'coffecolor', 'cohaerens', 'cohnii', 'coleimyceticus', 'coleyperk', 'coli', 'colindale', 'colinum', 'collagenovorans', 'collinoides', 'collinus', 'collis', 'colobane', 'colombiensis', 'colombo', 'colomdo', 'colorado', 'columbae', 'columbensis', 'columbinasale', 'columbinum', 'columborale', 'columellife', 'columellifera', 'columnaris', 'colwellia', 'colwelliana', 'comamonadace', 'comamonadaceae', 'comamonas', 'comanonas', 'combesii', 'comes', 'comma', 'commune', 'communis', 'compacta', 'complejo', 'compransoris', 'con', 'concilii', 'concisus', 'concord', 'concretivorus', 'confinus', 'confluentis', 'confusa', 'confusus', 'congensis', 'conglobatus', 'conglomeratus', 'conglomeromonas', 'congo', 'congolensis', 'conjuctivae', 'conjugatus', 'conjunctivae', 'conoidales', 'conori', 'consettensis', 'constantia', 'constellatus', 'contortum', 'convexa', 'convoluta', 'convolvuli', 'coogee', 'cook', 'cookii', 'copenhagen', 'copenhageni', 'copepodarum', 'coprococcus', 'coprophilus', 'coprostanoligenes', 'coquilhatville', 'cor', 'coracanae', 'coralineus', 'coralium', 'corallina', 'corallinus', 'coralloides', 'coralus', 'corchorusii', 'corchrusii', 'cordiae', 'coremialis', 'coriaceae', 'coriandri', 'coriobacterium', 'coriofaciens', 'corogypsi', 'coronafaciens', 'corporis', 'corrodens', 'corrugata', 'corrugatum', 'corvallis', 'corylina', 'corynebacterium', 'corynebacteroides', 'corynefor', 'coryneform', 'coryneforme', 'coryneformis', 'coryniformis', 'coryzae', 'cosmosicola', 'costicola', 'cotham', 'cotia', 'couchioplanes', 'cowdria', 'cowpea', 'coxi', 'coxiella', 'computer', 'config', 'config0422', 'COMYS2007', 'co1234kr', 'config2008', 'config123456', 'config123', 'community', 'comcomcom', 'comfox123', 'computer', 'comfox123', 'co1234kr', 'corporation1', 'corporation', 'computer', 'colorray', 'co.ltd', 'console', 'console123445', 'console123456', 'co1234kr', 'corporation1', 'corporation', 'computer', 'co1234kr', 'corporation1', 'corporation', 'colorray', 'co.ltd', 'console', 'console123445', 'console123456', 'computer', 'coco', 'comein', 'condor', 'cony', 'coolfan', 'coolgirl', 'coolman', 'codefc', 'computer', 'code8925', 'cool', 'comber', 'COWBOY', 'Coffee', 'Colleen', 'Compaq', 'Compute', 'Connie', 'Cookie', 'Cooper', 'Copper', 'Cougar', 'Country', 'Cowboys', 'cobra', 'cocacola', 'coke', 'college', 'colorado', 'coltrane', 'columbia', 'compton', 'concept', 'connect', 'conrad', 'control', 'cookies', 'corona', 'corrado', 'corwin', 'cosmos', 'cougars', 'courtney', 'coyote', 'coba', 'com', 'commando', 'common', 'complain', 'copy', 'coupon'],
'cp',['cpfcpf', 'cp', 'cp', 'cp'],
'cq',['cqindex', 'cqidc', 'cqidc123', 'cqidc123456', 'cqidc!@#', 'cqidc2008', 'cqidc2008!@#', 'cqidc!@#2008', 'CQrzgs159357!@#', 'cqindex197', 'cq123456', 'cq88888888', 'cq159357456', 'cq258369', 'cq12', 'cqidc.com', 'cqindex', 'cqidc2000', 'cqwy', 'cq-idc', 'cqxpfidc', 'cqindex2008', 'cqidc2008', 'cqidc2007', 'cqzmhdxgjy', 'cq123456', 'cq123456', 'cq88888888', 'cq159357456', 'cq258369', 'cq12', 'cqdfcTIME2008998', 'cqidc', 'cq2008', 'cqzr', 'cqindzr', 'cqzr2008', 'cqzr123456', 'cqidc123', 'cqidc123456', 'cqidc789456', 'cqidc654321', 'cqhost', 'cqsdw', 'cqsdw@htxg.net', 'cqlanyan', 'cqlanyanwl', 'cqly', 'cqidc2008', 'cq-idc', 'cq-idc.com', 'cqidc2007', 'cqindex', 'CQrzgs159357!@#', 'cqidc2004', 'cqidc2003', 'cqidc2002', 'cqidc2001', 'cqidc2009', 'cqidc.com', 'cqidc', 'cq2008', 'cqzr', 'cqindzr', 'cqzr2008', 'cqzr123456', 'cqidc123', 'cqidc123456', 'cqidc789456', 'cqidc654321', 'cqhost', 'cqsdw', 'cqsdw@htxg.net', 'cqlanyan', 'cqlanyanwl', 'cqly', 'cqidc2008', 'cqidc', 'cq2008', 'cqzr', 'cqindzr', 'cqzr2008', 'cqzr123456', 'cq-idc', 'cq-idc.com', 'cqidc2007', 'cqidc123', 'cqidc123456', 'cqidc789456', 'cqidc654321', 'cqhost', 'cqindex', 'cqsdw', 'cqsdw@htxg.net', 'cqlanyan', 'cqlanyanwl', 'cqly', 'cqcq.kxso.com,.', 'cq-idc2009', 'cq123456', 'cqidc123456', 'cqidc', 'cqisp', 'cqjk_100116$1892', 'cqqn~_87442998', 'cqcq.kxso.com', 'cq35sw73#', 'cq-idc2009', 'cq123456', 'cqidc123456', 'cqcq.kxso.com,.', 'cq', 'cqidc'],
'cr',['crashcourse', 'creation', 'crackling', 'cracknels', 'craft', 'craftiness', 'craftsman', 'craftsmen', 'crafty', 'crag', 'crane', 'crashing', 'craved', 'craveth', 'create', 'created', 'creates', 'createth', 'creation', 'creator', 'creature', 'creatures', 'credible', 'creditor', 'creditors', 'creek', 'creep', 'creepeth', 'creeping', 'crept', 'crescens', 'crete', 'cretes', 'cretians', 'crew', 'crib', 'cried', 'cries', 'criest', 'crieth', 'crime', 'crimes', 'crimson', 'cripple', 'crisping', 'crispus', 'crookbackt', 'crooked', 'crop', 'cropped', 'cross', 'crossway', 'crouch', 'croucheth', 'crow', 'crown', 'crowned', 'crownedst', 'crownest', 'crowneth', 'crowning', 'crowns', 'crucified', 'crucify', 'crude', 'cruel', 'cruelly', 'cruelty', 'crumbs', 'cruse', 'crush', 'crushed', 'cry', 'crying', 'crystal', 'CrAO', 'Cremona', 'Crescentia', 'Crimea', 'Crisser', 'Croatia', 'Crocus', 'Crommelin', 'Cruikshank', 'crassa', 'craterifer', 'crateriformis', 'crawle', 'cremea', 'cremeus', 'cremieu', 'cremoris', 'crenatum', 'crenothrix', 'creosotensis', 'crescentus', 'cretacea', 'cretaceus', 'cretosus', 'criceti', 'criceticus', 'cricetuli', 'cricetus', 'crinalium', 'crispa', 'crispatus', 'crista', 'cristispira', 'cristobali', 'crocatus', 'croceus', 'crocidurae', 'croft', 'crossness', 'crossotus', 'crotolaria', 'cruciviae', 'crunogena', 'cryaerophila', 'cryaerophilus', 'cryocrescens', 'cryophilis', 'cryophilus', 'cryptic', 'cryptococcus', 'cryptum', 'crystallinus', 'crystallogenes', 'crystallopoietes', 'crythraeus', 'cr7ve6dj0d', 'crsky', 'crsky', 'crespo', 'crystal', 'crhcxl520', 'Cracker', 'Cricket', 'craig', 'crapp', 'crawford', 'creative', 'crow', 'cruise', 'cristina', 'cron', 'crystal', 'crystalrangel'],
'cs',['cs-ee', 'csc298', 'csc412', 'cscie-ci', 'csee', 'csf666', 'cs2008', 'csjhj7^^gdsghwq222199JKJKNdwsdw^&%()', 'cs2008', 'cs2008', 'csjhj7^^gdsghwq222199JKJKNdwsdw^&%()', 'csgx!@#', 'csjhj7^^gdsghwq222199JKJKNdwsdw^&%()', 'csh6t6', 'csongyubo', 'csdncsdn', 'csnet.cc', 'csgxrom!@#$%', 'csgx!@#', 'csnet.!', 'cs', 'csa', 'csb', 'csc', 'csd', 'cse', 'csf', 'csg', 'csh', 'csi', 'csj', 'csk', 'csl', 'csm', 'csn', 'cso', 'csp', 'csq', 'csr', 'css', 'cst', 'cstrike', 'csu', 'csv', 'csw', 'csx', 'csy', 'csz'],
'ct',['ct_admin', 'ctdn6345000', 'cteman', 'cteman1101', 'ctnt', 'ctnt2008', 'ctnt123', 'ct_admin', 'ctnt', 'ctnt2008', 'ctnt0668idc', 'ctnt123', 'ctyily', 'ctnt0668idc', 'ctnt123', 'ct', 'cta', 'ctb', 'ctc', 'ctd', 'cte', 'ctf', 'ctg', 'cth', 'cti', 'ctj', 'ctk', 'ctl', 'ctm', 'ctn', 'cto', 'ctp', 'ctq', 'ctr', 'cts', 'ctt', 'ctu', 'ctv', 'ctw', 'ctx', 'cty', 'ctz'],
'cu',['cuddles', 'cunt', 'curmudgeon', 'customer', 'cutdown', 'cutiepie', 'cubit', 'cubits', 'cuckow', 'cucumbers', 'cud', 'cumbered', 'cumbereth', 'cumbrance', 'cumi', 'cummin', 'cumulative', 'cunning', 'cunningly', 'cup', 'cupbearer', 'cupbearers', 'cups', 'curdled', 'cure', 'cured', 'cures', 'curious', 'curiously', 'current', 'curse', 'cursed', 'cursedst', 'curses', 'cursest', 'curseth', 'cursing', 'cursings', 'cursor', 'curtain', 'curtains', 'cush', 'cushan', 'cushi', 'custody', 'custom', 'customs', 'cut', 'cuth', 'cuthah', 'cuttest', 'cutteth', 'cutting', 'cuttings', 'Cucula', 'Cuffey', 'Cunitza', 'Cunningham', 'Cupido', 'Cuyo', 'cubana', 'cuckmere', 'cucurbitae', 'cuenoti', 'culicicola', 'culicidicus', 'cullingworth', 'cumfaciens', 'cuneatus', 'cuniculi', 'cunninghamiae', 'cupida', 'cupidus', 'cupriavidus', 'cuprinus', 'curacao', 'curacoi', 'curtisii', 'curtobacterium', 'curva', 'curvata', 'curvatus', 'curved', 'curvus', 'cuspidosporus', 'cutirubrum', 'cutis', 'cuwlk', 'cuiyanfeng', 'cusiycun8281896', 'cuktu123', 'cuktu123', 'cuktu123', 'Curtis', 'cuddles', 'cutie', 'cubrid', 'customercare'],
'cv',['cvs', 'cvsadmin'],
'cw',['cwq791020#', 'cw', 'cwh'],
'cx',['cx0000', 'cx8888', 'cxkj$$4500$$', 'cxkj$$4500$$', 'cxf831118', 'cxzasdewq', 'cxzasdewq!@#', 'cxzasdewq123', 'cxwl', 'cxwlidc', 'cxwlidc78', 'cxooo', 'cxzasdewq', 'cxzasdewq!@#', 'cxzasdewq123', 'cxzasdewq', 'cxzasdewq!@#', 'cxzasdewq123', 'cx0123456', 'cxzdsa', 'cxzasdewq', 'cxzasdewq!@#', 'cxzasdewq123', 'cxgps', 'cxl12', 'cxcx0258258', 'cx12345', 'cxchina', 'cx0258', 'CXMONITOR', 'cxy', 'cx', 'cxl', 'cx', 'cxz'],
'cy',['cyber', 'cyberpunk', 'cycle', 'cymbal', 'cymbals', 'cypress', 'cyprus', 'cyrene', 'cyrenian', 'cyrenians', 'cyrenius', 'cyrus', 'Cyane', 'Cybele', 'Cydonia', 'Cyrene', 'cyamophagus', 'cyamopsidis', 'cyanea', 'cyaneofuscatus', 'cyaneogriseus', 'cyaneoviridis', 'cyaneus', 'cyanoalbus', 'cyanocolor', 'cyanofetus', 'cyanoflavus', 'cyanogena', 'cyanogenes', 'cyanogenus', 'cyanoglomerus', 'cyanogriseus', 'cyanolatus', 'cyclobacterium', 'cycloclastes', 'cycloheptanicus', 'cyclosites', 'cylindosporus', 'cylindrica', 'cylindroides', 'cylindrospermum', 'cylindrosporum', 'cylindrosporus', 'cymarogenes', 'cynodegmi', 'cynodon', 'cynodontis', 'cynopteri', 'cynos', 'cyondontis', 'cypripedii', 'cyprus', 'cystarginea', 'cystargineus', 'cystinovorum', 'cystitidis', 'cystobacter', 'cytolytica', 'cytophaga', 'cytovirinus', 'd', 'cyhyjq0571', 'cyhyiq', 'cyplove', 'cyrzxl123456', 'cyberkai123', 'cyclone', 'cynthia', 'cyrano', 'cy', 'cy', 'cy', 'cy', 'cyl', 'cy', 'cyy', 'cyborg', 'cyclone', 'cyrus'],
'cz',['Czechoslovakia', 'czwx15989828281', 'cznut9527!@#$', 'czidc', 'czidc2008', 'czb', 'czb@hrxg.net', 'cznut9527!@#$', 'czwx15989828281', 'czb', 'czb@hrxg.net', 'czb', 'czb@hrxg.net', 'cznut9527!@#$', 'czwx15989828281', 'cznut9527!@#$', 'czj200', 'czj!@#', 'cz123-789', 'czidc', 'czidc.com', 'czidc2010'],
'da',['daemon', 'daemonic', 'daemons', 'daltry', 'dancer', 'dangermouse', 'dahouzi110', 'dabareh', 'dabbasheth', 'daberath', 'dagger', 'dagon', 'daily', 'dainties', 'dainty', 'dalaiah', 'dale', 'dalmanutha', 'dalmatia', 'dalphon', 'dam', 'damage', 'damaris', 'damascenes', 'damascus', 'damnable', 'damnation', 'damned', 'damsel', 'damsels', 'dan', 'dance', 'danced', 'dances', 'dancing', 'dandled', 'danger', 'dangerous', 'daniel', 'danites', 'danjaan', 'dannah', 'dara', 'darda', 'dare', 'darius', 'dark', 'darken', 'darkened', 'darkeneth', 'darkish', 'darkly', 'darkness', 'darkon', 'darling', 'dart', 'darts', 'dash', 'dashed', 'dasheth', 'date', 'dathan', 'daub', 'daubed', 'daubing', 'daughers', 'daughter', 'daughters', 'dave', 'davem', 'david', 'dawn', 'dawning', 'day', 'days', 'daysman', 'dayspring', 'daytime', 'Daedalus', 'Daghestan', 'Dagmar', 'Daguerre', 'Dalera', 'Dali', 'Daliya', 'Danae', 'Danby', 'Dangrania', 'Dangreen', 'Daniel', 'Danjon', 'Danmark', 'Dante', 'Danubia', 'Danzig', 'Daphne', 'DaphnePlane', 'DaphnePlane', 'Daphne_Plane', 'Darwin', 'Dasha', 'Dato', 'Datura', 'DavidBender', 'Davida', 'DavidBender', 'David_Bender', 'Davidweilla', 'Davis', 'Davy', 'Davydov', 'Dawn', 'Dawson', 'daboo', 'dactylosporangium', 'dacunhae', 'dadzie', 'daghestanicus', 'dagmatis', 'dahlem', 'dahlen', 'dahomey', 'dahra', 'dakar', 'dakata', 'dakota', 'dalat', 'dallgow', 'damnosus', 'damsela', 'dan', 'danubiensis', 'danysz', 'danzig', 'dapango', 'daptobacter', 'daressalaam', 'darien', 'darmastadtiensis', 'dassei', 'dassonvillei', 'dassovillei', 'daucus', 'davawensis', 'davessallaam', 'davisae', 'daytona', 'data', 'data123', 'database', 'dajiba', 'datazx.com', 'datouwawa', 'dajiji', 'daren', 'daqiao', 'dajiu123,./', 'daynet2008', 'dajia', 'dahexiangdongliu', 'daiming', 'da54.0502', 'dazhihui', 'data', 'data123', 'database', 'dajiba', 'daiming!@#', 'daiming!@#321', 'daiming868789', 'daiming*^*&*(', 'daiming!@#', 'database', 'dashuai', 'data', 'data123', 'darran0308', 'datazx.com', 'database', 'dashuai', 'database', 'dashuai', 'data', 'data123', 'daughter0407', 'dahaiwins', 'dAsaqQezadd', 'daishudai951', 'dafei8024888', 'danagerous155204508', 'data', 'data123', 'database', 'dangdang', 'danteng', 'dantong', 'daohao', 'daoke', 'daoker', 'daokers', 'daoqq', 'darkst', 'daijin1998', 'daiy223', 'dalang', 'dasanlin', 'dave', 'david', 'danyanpi612', 'dandan', 'dan520', 'Dakota', 'Dallas', 'Daniel', 'Darwin', 'da', 'daddy', 'daisy', 'dama', 'dan', 'dance', 'dancer', 'danielle', 'danny', 'darren', 'dasha', 'database', 'david1', 'dawn', 'daytek', 'dajiangda', 'dabao55555', 'da132321', 'daughter0407', 'dahaiwins', 'dAsaqQezadd', 'dangerous', 'dahouzi110', 'dahouzi110', 'dan.wang', 'dan.li', 'dan.liu', 'dan.zhang', 'dandan.wang', 'dandan.li', 'database', 'dacx', 'daniel', 'danny', 'danrents', 'dasusr1', 'data', 'daula', 'dave2dave', 'david', 'david1'],
'db',['dbtztour', 'dbtztour', 'dbtztour', 'dby_030718', 'dby_030718lwj', 'dby_030718', 'dby_030718lwj', 'db811103', 'dba**wz##msa1', 'dba#5dm#xnwk', 'db2admin', 'db2fenc', 'db2fenc1', 'db2fenc2', 'db2inst', 'db2inst1', 'db2inst2', 'db2inst3', 'dbmaker', 'dbuser'],
'dc',[],
'dd',['dday', 'DD-100199-DONG-MING', 'DD-1001G', 'DD-100199-DDA', 'dddddd', 'DDIF#bw998', 'dddddd', 'dddabc123', 'DDIF#bw998', 'ddos^)@!!0', 'ddos119!!0', 'ddd123', 'ddos^)@!!0', 'ddos119!!0', 'dddddd', 'ddlddl', 'dd11', 'dddd', 'dddddddd', 'ddtt', 'ddd', 'ddok123789', 'dd', 'dd.wang', 'dd.li'],
'de',['dead-head', 'deadahead', 'deadhead', 'deadhed', 'dedhead', 'dedhed', 'deepfreeze', 'deepsea', 'deepsix', 'deepspace', 'deepthroat', 'demon', 'demonic', 'demons', 'desktop', 'devilinside', 'dewydecimal', 'deacon', 'deacons', 'dead', 'deadly', 'deadness', 'deaf', 'deal', 'dealer', 'dealers', 'dealest', 'dealeth', 'dealing', 'dealings', 'deals', 'dealt', 'dear', 'dearly', 'dearth', 'death', 'deaths', 'debase', 'debate', 'debates', 'debir', 'deborah', 'debt', 'debtor', 'debtors', 'debts', 'dec', 'decapolis', 'decay', 'decayed', 'decayeth', 'decease', 'deceased', 'deceit', 'deceitful', 'deceitfully', 'deceitfulness', 'deceits', 'deceivableness', 'deceive', 'deceived', 'deceiver', 'deceivers', 'deceiveth', 'deceiving', 'deceivings', 'decently', 'decide', 'decided', 'decision', 'deck', 'decked', 'deckedst', 'deckest', 'decketh', 'declaration', 'declare', 'declared', 'declareth', 'declaring', 'decline', 'declined', 'declineth', 'decrease', 'decreased', 'decree', 'decreed', 'decrees', 'dedan', 'dedanim', 'dedicate', 'dedicated', 'dedicating', 'dedication', 'deed', 'deeds', 'deemed', 'deep', 'deeper', 'deeply', 'deepness', 'deeps', 'deer', 'defamed', 'defaming', 'defeat', 'defence', 'defenced', 'defend', 'defended', 'defendest', 'defending', 'defer', 'deferred', 'deferreth', 'defied', 'defile', 'defiled', 'defiledst', 'defilers', 'defileth', 'defraud', 'defrauded', 'defy', 'degenerate', 'degree', 'degrees', 'dehavites', 'dekar', 'delaiah', 'delay', 'delayed', 'delayeth', 'delectable', 'delicacies', 'delicate', 'delicately', 'delicateness', 'delicates', 'deliciously', 'delight', 'delighted', 'delightest', 'delighteth', 'delights', 'delightsome', 'delilah', 'deliver', 'deliverance', 'deliverances', 'delivered', 'deliveredst', 'deliverer', 'deliverest', 'delivereth', 'delivering', 'delivery', 'delusion', 'delusions', 'demand', 'demanded', 'demas', 'demetrius', 'demonstration', 'den', 'denial', 'denials', 'denied', 'denieth', 'denounce', 'dens', 'deny', 'denying', 'depart', 'departed', 'departeth', 'departing', 'department', 'departure', 'deposed', 'deprived', 'depth', 'depths', 'deputed', 'deputies', 'deputy', 'derbe', 'deride', 'derided', 'derision', 'descend', 'descended', 'descendeth', 'descending', 'descent', 'describe', 'described', 'describes', 'describeth', 'description', 'descriptions', 'descry', 'desert', 'deserts', 'deserve', 'deserveth', 'deserving', 'desirable', 'desire', 'desired', 'desiredst', 'desires', 'desirest', 'desireth', 'desiring', 'desirous', 'desolate', 'desolation', 'desolations', 'despair', 'despaired', 'desperate', 'desperately', 'despise', 'despised', 'despisers', 'despisest', 'despiseth', 'despising', 'despite', 'despiteful', 'despitefully', 'destitute', 'destroy', 'destroyed', 'destroyer', 'destroyers', 'destroyest', 'destroyeth', 'destroying', 'destruction', 'destructions', 'detail', 'detailed', 'details', 'detain', 'detained', 'determinate', 'determination', 'determine', 'determined', 'detest', 'detestable', 'deuel', 'deuteronomy', 'device', 'devices', 'devil', 'devilish', 'devils', 'devise', 'devised', 'deviseth', 'devote', 'devoted', 'devotions', 'devour', 'devoured', 'devourer', 'devourest', 'devoureth', 'devouring', 'devout', 'dew', 'DeSanctis', 'DeSitter', 'Debehogne', 'Deborah', 'Decabrina', 'Deflotte', 'Deiphobus', 'Deira', 'Dejan', 'Dejanira', 'Dejopeja', 'Delia', 'Delila', 'Delmary', 'Delores', 'Delphine', 'Delporte', 'Delportia', 'Delsemme', 'Delvaux', 'Dembowska', 'Demeter', 'Demiddelaer', 'Demoulina', 'Denise', 'Dennispalm', 'Derevskaya', 'Derice', 'Dermott', 'Desagneauxa', 'DeSanctis', 'De_Sanctis', 'Descamisada', 'Desdemona', 'Desiderata', 'DeSitter', 'De_Sitter', 'Detre', 'Devine', 'Devosa', 'Devota', 'decatur', 'deccanensis', 'deckstein', 'decoyicu', 'decoyicus', 'defectivus', 'degania', 'dehalogenans', 'dehydrogenans', 'deinobacter', 'deinococcus', 'delafieldii', 'delbruckii', 'delbrueck', 'delbrueckii', 'deleya', 'deleyianum', 'delfluvii', 'delicatulus', 'delicatus', 'delmarvae', 'delphini', 'delphinii', 'delplata', 'delta', 'deltae', 'demde', 'demerara', 'dendrolimus', 'denitrificans', 'dentalis', 'denticola', 'denticolens', 'dentium', 'dentocariosa', 'denver', 'derby', 'derdy', 'derkle', 'dermabacter', 'dermatomonas', 'dermatonomus', 'dermatophilus', 'dermobacter', 'dermocarpa', 'dermocarpella', 'derwentensis', 'derxia', 'derxii', 'desideus', 'desmodii', 'desmodiigangetici', 'desmodiilaxiflori', 'desmodiirotundifolii', 'desmolans', 'desmolytica', 'dessau', 'desulfobacter', 'desulfobacterium', 'desulfobulbus', 'desulfococcus', 'desulfohalobium', 'desulfomicrobium', 'desulfomonas', 'desulfomonile', 'desulfonema', 'desulfosarcina', 'desulfotomaculum', 'desulfovibrio', 'desulfu', 'desulfurella', 'desulfuricans', 'desulfurococcus', 'desulfurolobus', 'desulfuromonas', 'detroit', 'deva', 'deversoir', 'devorans', 'dextranic', 'dextranicum', 'dextranolyticum', 'dextranolyticus', 'dextrinicus', 'dextrinosolvens', 'dell1950=hdsms', 'deppon(*', 'dengluftpmima1392781', 'del123456', 'dell!@#$', 'delldell', 'deng521', 'deng520', 'dengqizz', 'DeZhou(*&ght', 'de3', 'dezhou!!)69', 'deDda34s3D6f', 'de3', 'de3', 'dengkeylbjjjj', 'dengmincong8322', 'dengddlddl', 'dear', 'dekai', 'dell', 'dengfeng', 'dengjuan', 'denise', 'derrydry', 'dexilcar', 'dearbook', 'DEE', 'devilblf', 'despair', 'Death', 'Defense', 'Dennis', 'Denver', 'Detroit', 'Dexter', 'dead', 'deadhead', 'dean', 'debbie', 'december', 'deedee', 'deliver', 'delta', 'demo', 'denali', 'depeche', 'derek', 'design', 'deutsch', 'dejunaaa', 'dejun888', 'Den8g2ndeS', 'dec2009mjc@2000', 'deoogulhk', 'de3', 'debasmita', 'debian', 'dede', 'dede_lia', 'deepak', 'default', 'deme', 'demo', 'dendy', 'denied', 'deploy', 'deploy1', 'deployer', 'design', 'desktop', 'deutch', 'dev', 'devdata', 'developer'],
'df',['df', 'dfdfdf', 'dfdfdf', 'DFGHJKLRTYU', 'dfghjklrtyu', 'dfwcp', 'DFGHJKLRTYU', 'dfghjklrtyu', 'dfwcp', 'DF#%sdfg457FDGYJ', 'df457', 'df', 'dff'],
'dg',['dgidc', 'dgidc123456', 'dgidc2008', 'dgidc!@#', 'dgidc.9126.com', 'dgdxidc.cn', 'dgdg', 'DGIDC', 'dgidc.9126.com', 'dgdxidc.cn', 'dg123456', 'dgidc123', 'dgidc123789', 'dg_dy&&173eg@idc', 'dg#@JHK46g34', 'DG#@JHK46g34', 'dgyl!!', 'dgj', 'dgidc', 'dgidc2009', 'dgidc2010', 'dg123456'],
'dh',['dHotel', 'dhwdgx2010)%)&', 'dhisp', 'dhisp.com', 'dhisp.com', 'dhlxm83840309~', 'dhlxm83840309~!', 'dhisp.com'],
'di',['dial-in', 'dial-up', 'dialin', 'dialup', 'diamonds', 'dickhead', 'dicktracy', 'digital', 'dimwit', 'diplomacy', 'dipstick', 'director', 'discbrakes', 'discjockey', 'diadem', 'dial', 'diamond', 'diana', 'diblaim', 'diblath', 'dibon', 'dibongad', 'dibri', 'did', 'diddest', 'didst', 'didymus', 'die', 'died', 'dies', 'diest', 'diet', 'dieth', 'differ', 'difference', 'differences', 'different', 'differeth', 'differing', 'dig', 'digest', 'digged', 'diggedst', 'diggeth', 'dignities', 'dignity', 'diklah', 'dilean', 'diligence', 'diligent', 'diligently', 'dim', 'diminish', 'diminished', 'diminishing', 'dimnah', 'dimness', 'dimon', 'dimonah', 'dinah', 'dinaites', 'dine', 'dined', 'dinhabah', 'dinner', 'dionysius', 'diotrephes', 'dip', 'dipped', 'dippeth', 'direct', 'directed', 'directeth', 'direction', 'directly', 'dirt', 'disallow', 'disallowed', 'disannul', 'disannulled', 'disannulleth', 'disannulling', 'disappoint', 'disappointed', 'disappointeth', 'disbelieved', 'discern', 'discerned', 'discerner', 'discerneth', 'discerning', 'discharge', 'discharged', 'disciple', 'disciples', 'discipline', 'disclose', 'discomfited', 'discomfiture', 'discontented', 'discontinue', 'discord', 'discourage', 'discouraged', 'discover', 'discovered', 'discovereth', 'discovering', 'discreet', 'discreetly', 'discrepancies', 'discretion', 'discuss', 'discussion', 'discussions', 'disdained', 'disease', 'diseased', 'diseases', 'disfigure', 'disgrace', 'disguise', 'disguised', 'disguiseth', 'dish', 'dishan', 'dishes', 'dishon', 'dishonest', 'dishonesty', 'dishonour', 'dishonourest', 'dishonoureth', 'disinherit', 'dismayed', 'dismaying', 'dismissed', 'disobedience', 'disobedient', 'disobeyed', 'disorderly', 'dispatch', 'dispensation', 'disperse', 'dispersed', 'dispersions', 'displayed', 'displease', 'displeased', 'displeasure', 'disposed', 'disposing', 'disposition', 'dispossess', 'dispossessed', 'disprove', 'disputation', 'disputations', 'dispute', 'disputed', 'disputer', 'disputing', 'disputings', 'disquiet', 'disquieted', 'disquietness', 'dissembled', 'dissemblers', 'dissembleth', 'dissension', 'dissimulation', 'dissolve', 'dissolved', 'dissolvest', 'dissolving', 'distaff', 'distant', 'distil', 'distinction', 'distinctly', 'distracted', 'distraction', 'distress', 'distressed', 'distresses', 'distribute', 'distributed', 'distributeth', 'distributing', 'distribution', 'ditch', 'ditches', 'divers', 'diverse', 'diversities', 'divide', 'divided', 'divider', 'divideth', 'dividing', 'divination', 'divinations', 'divine', 'diviners', 'divineth', 'divining', 'division', 'divisions', 'divorce', 'divorced', 'divorcement', 'dizahab', 'DiMartino', 'Diana', 'Dibaj', 'Dido', 'Dieckvoss', ""Dikan'ka"", 'Dikanka', 'Dike', 'DiMartino', 'Di_Martino', 'Dimitrov', 'Diomedes', 'Dione', 'Dionysius', 'Diotima', 'Dirikis', 'Disa', 'diacetilactis', 'diacetylactis', 'dialister', 'dianae', 'dianthi', 'dianthicola', 'diaphanozonaria', 'diarizonae', 'diastatica', 'diastaticu', 'diastaticus', 'diastatochromogenes', 'diazotrophicus', 'dicarboxylicus', 'dichelobacter', 'dichotomica', 'dichotomicrobium', 'dichotomicus', 'dictyoglomus', 'dictyosporus', 'didemni', 'dieffenbachiae', 'diego', 'diernhoferi', 'dieuppeul', 'difficile', 'diffluens', 'digitata', 'digitatis', 'diguel', 'dikkeni', 'diminuta', 'dimorpha', 'dimorphogenes', 'dindio', 'diogoye', 'diourbel', 'dioxydans', 'diphasique', 'diphteriae', 'diphtheriae', 'diplocalyx', 'diplococcus', 'diplospora', 'diptheriae', 'disciformis', 'discophora', 'disgalactiae', 'disiens', 'dispar', 'dispersa', 'disporicum', 'dissolvens', 'distallicum', 'distallicus', 'distasonis', 'distaticus', 'distributum', 'divaricatum', 'divergens', 'diversum', 'diversus', 'dianbolquzzwsx', 'dings', 'diligent', 'diannao', 'diannao2008', 'dizhen', 'diaxiaofang001429', 'dingkai110', 'dingkai258', 'dingkai321', 'dingkai', 'dinglan', 'dingkai112', 'dingkai118', 'dianxin', 'dieting', 'dianxinHUAWEI8505', 'dingming', 'dingmingidc', 'dingmingidc.cn', 'dianbo1qaz2wsx', 'dilian', 'diydiy', 'dingming', 'dingming', 'dingmingidc', 'dingmingidc.cn', 'dizi1211', 'diao00a', 'dirdir9989', 'dirdir771023', 'dirdir77', 'dianbo1qaz2wsx', 'diamondmu', 'dirdir1986', 'diablo', 'diablo10', 'ding123', 'dingdike', 'dinglei', 'dingwei', 'dingwen', 'dinking', 'dir1999', 'dirrid', 'discovery', 'ditto8', 'dianshij', 'diaoni', 'd', 'diannaodaxia', 'Digger', 'Digital', 'Disney', 'diamond', 'diana', 'diane', 'dickhead', 'digital1', 'dilbert', 'direct1', 'director', 'dirk', 'disco', 'dixie', 'dingdang', 'dinghao~!830313', 'diki711', 'dizi1211', 'dingfulan', 'diao00a', 'dias', 'digital', 'digital1', 'dima'],
'dj',['djakarta', 'djakartensis', 'djama', 'djasiman', 'djatzi', 'djelfa', 'djermaia', 'djibouti', 'djugu', 'djd8831010@831010', 'djvvdjvv', 'djs95399yww', 'DJ118', 'djd8831010', 'djboy', 'DJ168'],
'dk',['dkw0110', 'dk110', 'dk112', 'dk118', 'dkw654321', 'dkw123123', 'dkw112233', 'dkw456789', 'dkw789789', 'dkw.com.cn', 'dkw.com', 'dkw2008', 'dkw2007', 'dkw123456', 'dkw1234567', 'dkw123', 'dkw1234', 'dkw12345', 'dkw12345678', 'dkw123456789', 'dkw1234567890', 'dkw0.123', 'dkw147258', 'dkw1314520', 'dkwidc', 'dkwidc2008', 'dkw0912', 'dkw654321', 'dkw123123', 'dkw112233', 'dkw456789', 'dkw789789', 'dkw.com.cn', 'dkw.com', 'dkw2008', 'dkw2007', 'dkw123456', 'dkw1234567', 'dkw123', 'dkw1234', 'dkw12345', 'dkw12345678', 'dkw123456789', 'dkw1234567890', 'dkw0.123', 'dkw147258', 'dkw1314520', 'dkwidc', 'dkwidc2008', 'dkw0912', 'dkwidc2010', 'dkwidc'],
'dl',['dl123456', 'dlcnc_idc', 'dlwidcenter2008', 'dlwidcenter2008', 'dlh001'],
'dm',['dmin888', 'dm123445', 'dm123456', 'dm147258', 'dm1234567', 'dm123445', 'dm123445', 'dm123456', 'dm147258', 'dm1234567', 'dmge!@#SDFF32213', 'dmxily', 'dm.li', 'dm.wang'],
'dn',['dns99+588', 'dn', 'dna', 'dns021idcidc', 'dns021idc', 'dns021.com', 'dns2008', 'dns021idc2008', 'dns021idc', 'dns021.com', 'dns021idc', 'dnion', 'dnion-sh', 'dnion123', 'dnion123456', 'dns110.com', 'dns110', 'dns1102008', 'dns021idcidc', 'dns021idc', 'dns021idc', 'dnion', 'dnion-sh', 'dns-01', 'dns110.com.net', 'dns021', 'dns99+588', 'dns-e.com', 'dns110.com.net', 'dns-01', 'dns021', 'dns65.com', 'dns99+588'],
'do',['document', 'dogcatcher', 'dogfight', 'doit', 'doofus', 'dopey', 'do', 'doctor', 'doctors', 'doctrine', 'doctrines', 'document', 'documentary', 'dodai', 'dodanim', 'dodavah', 'dodo', 'doeg', 'doer', 'doers', 'does', 'doesn', 'doest', 'doeth', 'dog', 'dogs', 'doing', 'doings', 'doleful', 'dominion', 'dominions', 'don', 'done', 'door', 'doorkeeper', 'doorkeepers', 'doors', 'dophkah', 'dor', 'dorcas', 'dost', 'dote', 'doted', 'doth', 'dothan', 'doting', 'double', 'doubled', 'doubletongued', 'doubt', 'doubted', 'doubteth', 'doubtful', 'doubting', 'doubtless', 'doubts', 'dough', 'dove', 'doves', 'down', 'downsitting', 'downward', 'dowry', 'Dobronravin', 'Dobrovoleva', 'Dobrovolsky', 'Dodona', 'Dollfus', 'Dolores', 'Domeyko', 'Donar', 'Donnera', 'Dora', 'Dorffel', 'Doris', 'Dornburg', 'Dorothea', 'Dorrit', 'Dorsey', 'Dostojevsky', 'Douglas', 'doba', 'doberdo', 'doderdo', 'doii', 'doliceus', 'dolichum', 'doliolum', 'dolosigranulum', 'doncaster', 'donna', 'doon', 'dorotheae', 'douala', 'doudoroffii', 'dougi', 'doulassame', 'downei', 'downeii', 'downeyi', 'dongfang', 'doidc.com', 'dongguan', 'DONKEY0825', 'dongdong123', 'dongdong', 'dongwan1688', 'dosnipe', 'dong858835', 'doubletong', 'dongwan1688', 'dong!@#456', 'doidc.com', 'dongbeihu', 'dosnipe', 'dong858835', 'dosnipe', 'doubletong', 'donghaiidc', 'donghaiidc.com', 'dongguanidc', 'dongguanidc.cn', 'donghai87203371', 'dongwan1688', 'dong!@#456', 'dongbeihu', 'dobest', 'dobetter', 'dog008', 'dogshit', 'dongbao8', 'dongdong', 'doudou', 'dongfangniu', 'donqee', 'dos', 'dongjiashell', 'Doctor', 'Doggie', 'Doggy', 'Dolphin', 'Doobie', 'Dookie', 'Dorothy', 'doc', 'dodger', 'dodgers', 'dog', 'dogbert', 'dollars', 'dolphins', 'dominic', 'domino', 'don', 'donald', 'donkey', 'donna', 'doogie', 'doom', 'doom2', 'doug', 'dougie', 'douglas', 'dowser8846', 'donahueyan', 'donglin88', 'donglin888', 'dongmei.li', 'dong.wang', 'dongmei.wang', 'dofir', 'doktor', 'domain', 'dong'],
'dp',[],
'dq',[],
'dr',['dr.demento', 'dragons', 'drillpress', 'dropdead', 'dropdead', 'drag', 'dragging', 'dragon', 'dragons', 'drams', 'drank', 'draught', 'drave', 'draw', 'drawer', 'drawers', 'draweth', 'drawing', 'drawn', 'dread', 'dreadful', 'dream', 'dreamed', 'dreamer', 'dreamers', 'dreameth', 'dreams', 'dregs', 'dress', 'dressed', 'dresser', 'dressers', 'dresseth', 'drew', 'drewest', 'dried', 'driedst', 'drieth', 'drink', 'drinkers', 'drinketh', 'drinking', 'drinks', 'drive', 'driven', 'driver', 'driveth', 'driving', 'dromedaries', 'dromedary', 'drop', 'dropped', 'droppeth', 'dropping', 'drops', 'dropsy', 'dross', 'drought', 'drove', 'droves', 'drown', 'drowned', 'drowsiness', 'drunk', 'drunkard', 'drunkards', 'drunken', 'drunkenness', 'drusilla', 'dry', 'dryshod', 'Drakonia', 'Dresda', 'Dresden', 'Drukar', 'Druzhba', 'drappus', 'dresden', 'driffield', 'drogana', 'drypool', 'drowssap', 'dragoon', 'dreawave', 'dreawave', 'dragoon', 'dreamh', 'dragonxu', 'dream', 'dreamsea', 'drmfslcd', 'dreamway', 'DRAGON', 'Dreams', 'Drizzt', 'Drums', 'dragon1', 'dragonfl', 'dreamer', 'dragoon', 'drishti'],
'ds',['dskjf', 'dsfd%&', 'dstx#^0', 'ds123123', 'ds123', 'dstx##^0', 'ds#^0tx', 'dserver', 'dsr3x', 'dsr3xidc', 'dsr3x123445', 'dsr3x147258', 'dsr3x456789', 'dsr3x778899', 'dsr3x1234457', 'dserveridc', 'dserver123', 'dserver123445', 'dserver456789', 'dsr3x123456', 'dsr3x1234567', 'dserver123456', 'dserver', 'dsr3x', 'dsr3xidc', 'dsr3x123445', 'dsr3x147258', 'dsr3x456789', 'dsr3x778899', 'dsr3x1234457', 'dserver', 'dserveridc', 'dserver123', 'dserver123445', 'dserver456789', 'dsr3x123456', 'dsr3x1234567', 'dserver123456', 'dsazxcdsazxc', 'dsfdskjlg���khlfkg', 'dsaewq', 'dsmw', 'dsddl1ddd23321', 'ds.dw587~!@dd..', 'ds', 'dspace'],
'dt',['dt()()(*4444ff8130', 'dt()()(*4444ff8130', 'dtc123456'],
'du',['ducksbreath', 'dude', 'dungeons', 'due', 'dues', 'duke', 'dukes', 'dulcimer', 'dull', 'dumah', 'dumb', 'dumping', 'dung', 'dungeon', 'dunghill', 'dunghills', 'dura', 'durable', 'dureth', 'during', 'durst', 'dust', 'duties', 'duty', 'Dubiago', 'Duboshin', 'Ducrosa', 'Dudley', 'Dudu', 'Dufour', 'Dugan', 'Dulcinea', 'Dunant', 'Dunbar', 'Duncan', 'Duncombe', 'Dunham', 'Dunlap', 'Duponta', 'Durer', 'Durrell', 'duamyceticus', 'dublin', 'dubrovnik', 'ducreyi', 'duesseldorf', 'dugbe', 'dugesii', 'duisburg', 'duivenhoks', 'dumfries', 'dumoffii', 'duodecadis', 'duplex', 'durans', 'durantae', 'durazzo', 'durban', 'durbanville', 'durham', 'durhamensis', 'durum', 'duttoni', 'duttonii', 'duvalii', 'duriel@123', 'duoyi2006999', 'duanpingqufeng', 'ducx_2008_@#$', 'duriel@123', 'duote.com', 'duote2008', 'duji888mamami888', 'Dustin', 'duck', 'duckie', 'dude', 'duke', 'dundee', 'dusty', 'dujuan', 'dulap', 'dummy', 'dutaftup'],
'dv',['dvlinside', 'Dvorak', 'DVD777rmvb'],
'dw',['dwarf', 'dwell', 'dwelled', 'dwellers', 'dwellest', 'dwelleth', 'dwelling', 'dwellingplace', 'dwellingplaces', 'dwellings', 'dwelt', 'Dwornik', 'DWORD', 'dwadwa', 'DWORD', 'DWORD', 'dwadwa', 'dw@258258', 'dw_#opensim_194_785401_$', 'dw8FO9er', 'Dwight', 'dw@258258', 'dwang', 'dwang1'],
'dx',['dxidc.net.cn', 'dxidc', 'dxidc2008', 'dxidc.net.cn', 'dxycgs693', 'dxhx123456'],
'dy',['dyed', 'dying', 'Dynamene', 'Dysona', 'dysenteriae', 'dysgalactiae', 'dysoxyli', 'e', 'dycjm2..14', 'dynamic', 'dy8848ERT&@#', 'dy&&', 'dyj1', 'dynax', 'dylan', 'e'],
'dz',['Dzhalil', 'Dzhangar', 'Dzhanibekov', 'Dzus', 'dzxcncidc.com', 'dzhhome'],
'ea',['easier', 'easton', 'easycome', 'easygo', 'easylay', 'eatme', 'eatshit', 'eatshitand', 'each', 'eagle', 'eagles', 'ear', 'eared', 'earing', 'early', 'earnest', 'earnestly', 'earneth', 'earring', 'earrings', 'ears', 'earth', 'earthen', 'earthly', 'earthquake', 'earthquakes', 'earthy', 'ease', 'eased', 'easier', 'easily', 'east', 'easter', 'eastward', 'easy', 'eat', 'eaten', 'eater', 'eaters', 'eatest', 'eateth', 'eating', 'ealing', 'eastbourne', 'easyidc', 'easyidc2008', 'easytimeweb', 'eachost.com', 'earthdog', 'Eagles', 'Eatme', 'eagle', 'eagle1', 'easter', 'eachost.com'],
'eb',['ebal', 'ebed', 'ebedmelech', 'ebenezer', 'eber', 'ebiasaph', 'ebony', 'ebronah', 'Ebella', 'eberswalde', 'eboko', 'ebony', 'ebrie', 'eburosporeus', 'ebochai517', 'ebaduidc', 'ebadu', 'ebadu.net', 'eb.com.cn', 'ebaduyang', 'ebadu319', 'eb.com.cn', 'eb.com', 'ebadu', 'ebadu319.net', 'ebadu2008', 'ebadu.com', 'ebadu133', 'EbmDAcqBunpuTr5d', 'eb.com.cn', 'eb.com', 'ebadu319', 'ebadu2011', 'ebadu.net', 'ebadu.com', 'ebadu133', 'eb.com.cn', 'eb.com.cn2010', 'ebay', 'ebiz', 'ebroder'],
'ec',['ecclesiastes', 'echo', 'Echo', 'Eckert', 'echa', 'echinatus', 'echinoaurantiaca', 'echinobrunnea', 'echinoides', 'echinoruber', 'echinosp', 'echinospora', 'ectothiorhodospira', 'echina0228', 'eclipse', 'eclipse', 'eclipse', 'echo0622', 'echo1224', 'eclipse', 'ec2-user'],
'ed',['edges', 'ed', 'edar', 'eden', 'eder', 'edge', 'edged', 'edges', 'edification', 'edified', 'edifieth', 'edify', 'edifying', 'edition', 'editors', 'edmund', 'edom', 'edomite', 'edomites', 'edrei', 'Edburga', 'Edda', 'Eddington', 'Edisona', 'Edith', 'Edmee', 'Edmondson', 'Edna', 'Eduarda', 'Educatio', 'Edwin', 'ederensis', 'edinburg', 'edinburgh', 'edmonton', 'edwardiella', 'edwardii', 'edwardsiella', 'edwardsii', 'edongidc!@#', 'edong', 'edongidc', 'edongidcjy', 'edong@@@', 'edongidc@@@', 'edongidc@123', 'edongidcjy', 'edong', 'edong123', 'edong123456', 'edong!@#', 'edong@@@', 'edongidc', 'edongidc123', 'edongidc@123', 'edongidc@@@', 'edongidc!@#', 'edongidc123456', 'edongidc2008', 'edongidc2008!@#', 'edongidc!@#2008', 'edong123456789.0', 'edong123456789', 'edongidc123456', 'edongidc123456789', 'edongidc123456789.0', 'edong.com', 'edongidc.com', 'edong.cn', 'edong.net', '1', 'edonghl1127', 'edong&%', 'edongidcabc', 'edong@', 'edong1234%^&*', 'edong0.123456789', 'edongidc!@#', 'edongidc', 'edongidc@))*', 'edc', 'edongoweb', 'edong555', 'edong666', 'edong777', 'edong888', 'edong999', 'edong!!!', 'edong!@#', 'edongidc12', 'edongidc123', 'edongidc1234', 'edongidc12345', 'edongidc123556', 'edongidc1234567', 'edongidc12345678', 'edongidc123456789', 'EDONG', 'EDONGIDC', 'edongidc111', 'edongidc222', 'edongidc000', 'edongidc333', 'edongidc444', 'edongidc555', 'edongidc666', 'edongidc777', 'edongidc888', 'edongidc999', 'edongidc987654321', 'edongidc87654321', 'edongidc7654321', 'edongidc0123', 'edongidc012', 'edongidc012345', 'edongidc0123456', 'edongidc0.123', 'edongidc0.12', 'edongidc0.1234', 'edongidc0.123456', 'edongidc0.1234567', 'edongidc0.11', 'edongidc0.22', 'edong000', 'edong111', 'edong222', 'edong333', 'edong444', 'edong', 'edong123', 'edong.com', 'EDONG.COM', 'edongidc.com', 'edong1234', 'edong12', 'edong12345', 'edong123456', 'edong1234567', 'edong123456789', 'edongidc0668', 'edc123', 'edong2008', 'edong', 'edw123445', 'edongwang123445', 'edongwang', 'edong123', 'edong147258', 'edongidc', 'edongidc.cn', 'edw123456', 'edongwang123456', 'edong1', 'edong2', 'edong111', 'edongadmin', 'edonguser', 'edong123456', 'edong520', 'edong1314', 'edong654321', 'edong123123123', 'edong123123', 'edonghl1127', 'edc123', 'edong2008', 'edong', 'edc123', 'edong2008', 'edong', 'edw123445', 'edongwang123445', 'edongwang', 'edong123', 'edong147258', 'edongidc', 'edongidc.cn', 'edw123456', 'edongwang123456', 'edong1', 'edong2', 'edong111', 'edongadmin', 'edonguser', 'edong123456', 'edong520', 'edong1314', 'edong654321', 'edong123123123', 'edong123123', 'edong', 'edongidc', 'edong.com', 'Edong%#)**.a9r8e4V)0171)#^!', 'edongidc!@#', 'edong@@@', 'edongidc@@@', 'edongidc', 'edongidc!@#!@#', 'Edong%#)**.a9r8e4V)', 'edcwsxqaz', 'eddyxuxing', 'edifier', 'edith', 'ed2008', 'edc', 'q', 'Edward', 'eddie', 'edong', 'edongidc', 'edong.com', 'edong.comqweasdzxc123', 'edong.com2009', 'edong.com2010', 'edong.com!@#', 'edong.com#@!', 'edong.com123', 'edong.com321', 'edong.com123321', 'edong.com123465', 'edong.comidc', 'edc123', 'edcwsxqaz', 'eddy_djatmiko'],
'ee',['ee-cs', 'eecs', 'ee123456', 'ee123', 'ee123456', 'eeddcc', 'ee123', 'ee123456', 'eeddcc', 'ee123', 'ee123456', 'eeddcc', 'eee123', 'eewidc123123', 'eewidc', 'ee0668', 'eeddcc', 'ee123456', 'eeee', 'eeyore', 'ee123', 'ee123456', 'eeddcc', 'eemon'],
'ef',['effect', 'effected', 'effectual', 'effectually', 'effeminate', 'Efimov', 'Efremiana', 'ef', 'effusa', 'ef126MLKM69136116', 'ef126MLKM69136116'],
'eg',['egg', 'eggs', 'eglah', 'eglaim', 'eglon', 'egypt', 'egyptian', 'egyptians', 'Egeria', 'eggerthii', 'egusi', 'egypt31', 'egg', 'ega', 'egami', 'egb', 'egc', 'egd', 'ege', 'egf', 'egg', 'eggdrop', 'egh', 'egi', 'egj', 'egk', 'egl', 'egm', 'egn', 'ego', 'egp', 'egq', 'egr', 'egs', 'egt', 'egu', 'egv', 'egw', 'egx', 'egy', 'egz'],
'eh',['ehi', 'ehud', 'Ehrdni', 'Ehrsson', 'ehimense', 'ehimensis', 'ehrlichia'],
'ei',['einstein', 'eight', 'eighteen', 'eighteenth', 'eighth', 'eightieth', 'eighty', 'either', 'Eichsfeldia', 'Einstein', 'eikenella', 'eilbek', 'eimsbuettel', 'eingedi', 'eisenbergii', 'einstein', 'eity'],
'ej',['ejeda'],
'ek',['eker', 'ekron', 'ekronites', 'Ekard', 'eko', 'ekotedo', 'ekpoui', 'ekidc2008', 'eka_maulana', 'eko', 'ekoprasetyo'],
'el',['elephant', 'elmstree', 'eladah', 'elah', 'elam', 'elamites', 'elasah', 'elath', 'elbethel', 'eldaah', 'eldad', 'elder', 'elders', 'eldest', 'elead', 'elealeh', 'eleasah', 'eleazar', 'elect', 'elected', 'election', 'elegant', 'eleloheisrael', 'elements', 'eleph', 'eleven', 'eleventh', 'elhanan', 'eli', 'eliab', 'eliada', 'eliadah', 'eliah', 'eliahba', 'eliakim', 'eliam', 'elias', 'eliasaph', 'eliashib', 'eliathah', 'elidad', 'eliel', 'elienai', 'eliezer', 'elihoenai', 'elihoreph', 'elihu', 'elijah', 'elika', 'elim', 'elimelech', 'elioenai', 'eliphal', 'eliphalet', 'eliphaz', 'elipheleh', 'eliphelet', 'elisabeth', 'eliseus', 'elisha', 'elishah', 'elishama', 'elishaphat', 'elisheba', 'elishua', 'eliud', 'elizaphan', 'elizur', 'elkanah', 'elkoshite', 'ellasar', 'elmodam', 'elms', 'elnaam', 'elnathan', 'eloi', 'elon', 'elonbethhanan', 'elonites', 'eloquent', 'eloth', 'elpaal', 'elpalet', 'elparan', 'else', 'eltekeh', 'eltekon', 'eltolad', 'elul', 'eluzai', 'elymas', 'elzabad', 'elzaphan', 'ElDjezair', 'ElLeoncito', 'Elba', 'ElDjezair', 'El_Djezair', 'Elektra', 'Eleonora', 'Eleutheria', 'Elfriede', 'Eliane', 'Elinor', 'Elisa', 'Elisabetha', 'Ella', 'Ellen', 'ElLeoncito', 'El_Leoncito', 'Ellicott', 'Elliot', 'Elly', 'Elmer', 'Elpis', 'Elsa', 'Eltigen', 'Elvira', 'Elyna', 'elegans', 'eleusineae', 'elgreteus', 'eligens', 'elisabethville', 'elizabethae', 'elizabethii', 'elizabethville', 'elkanii', 'ellychniae', 'elodea', 'elokate', 'elongata', 'elongatus', 'elsdenii', 'elsiesrivier', 'eltor', 'elytrosporangium', 'elale307', 'elephan', 'ellacat', 'Elaine', 'Elvis', 'Elwood', 'electric', 'elephant', 'elizabet', 'ellen', 'elliot', 'elsie', 'elmatador'],
'em',['email', 'emptyhanded', 'emptyheaded', 'embalm', 'embalmed', 'emboldened', 'emboldeneth', 'embrace', 'embraced', 'embracing', 'embroider', 'embroiderer', 'emerald', 'emeralds', 'emerods', 'emims', 'eminent', 'emins', 'emmanuel', 'emmaus', 'emmor', 'empire', 'employ', 'employed', 'employment', 'emptied', 'emptiers', 'emptiness', 'empty', 'emulation', 'emulations', 'Emanuela', 'Emita', 'Emma', 'emek', 'emisbuettal', 'emmastad', 'emmerich', 'empedobacter', 'Emmitt', 'emily', 'emon', 'emon1', 'emon2', 'emon9', 'emran', 'ems'],
'en',['enabled', 'enam', 'enan', 'encamp', 'encamped', 'encampeth', 'encamping', 'encapsulated', 'enchanter', 'enchanters', 'enchantment', 'enchantments', 'encountered', 'encourage', 'encouraged', 'end', 'endamage', 'endanger', 'endangered', 'endeavour', 'endeavoured', 'endeavouring', 'endeavours', 'ended', 'endeth', 'endif', 'ending', 'endless', 'endor', 'endow', 'ends', 'endued', 'endure', 'endured', 'endureth', 'enduring', 'eneglaim', 'enemies', 'enemy', 'enflaming', 'engaged', 'engannim', 'engedi', 'engines', 'engrafted', 'engrave', 'engraven', 'engraver', 'engravings', 'enhaddah', 'enhakkore', 'enhazor', 'enjoin', 'enjoined', 'enjoy', 'enjoyed', 'enlarge', 'enlarged', 'enlargement', 'enlargeth', 'enlarging', 'enlighten', 'enlightened', 'enlightening', 'enmishpat', 'enmity', 'enoch', 'enos', 'enosh', 'enough', 'enquire', 'enquired', 'enquirest', 'enquiry', 'enrich', 'enriched', 'enrichest', 'enrimmon', 'enrogel', 'ensample', 'ensamples', 'enshemesh', 'ensign', 'ensigns', 'ensnared', 'ensue', 'entangle', 'entangled', 'entangleth', 'entappuah', 'enter', 'entered', 'entereth', 'entering', 'enterprise', 'entertain', 'entertained', 'entice', 'enticed', 'enticeth', 'enticing', 'entire', 'entirely', 'entities', 'entrance', 'entrances', 'entreat', 'entreated', 'entreateth', 'entries', 'entry', 'envied', 'envies', 'enviest', 'envieth', 'envious', 'environ', 'envy', 'envying', 'envyings', 'Endymion', 'Ensor', 'encino', 'endodontalis', 'endosymbiosus', 'endus', 'enek', 'engbaekii', 'enhydrobacter', 'enhydrum', 'enhygrus', 'enissocaesilis', 'enissogriseus', 'enissus', 'enschede', 'ensifer', 'entebbe', 'enter', 'enterica', 'enteriditis', 'enteritidis', 'enterobacter', 'enterobacteriaceae', 'enterococcus', 'enterococuus', 'enterocolitica', 'enteropelogenes', 'enterophila', 'entomocidus', 'entomophila', 'entomophilia', 'entomophilum', 'entomoplasma', 'enugu', 'enwinia', 'enzymicum', 'enzymogenes', 'Enrqorlgowkdrnr!@#', 'endend', 'end123', 'enterprise', 'enkj.com', 'enidc.com', 'enidc', 'enidc.com', 'enidc', 'enkjcom', 'enidccom', 'enjsb.com', 'enkj', 'enkj123', 'enkj.com', 'envonhack', 'energy', 'enigma', 'enter', 'entropy', 'enkjidc', 'enkjidc2010', 'enkjcom', 'enidccom', 'enjsb.com', 'enkj.com', 'enkj', 'enkj123', 'enidc.com', 'enam', 'enamul', 'endang', 'endra', 'energy', 'engineeringexpo'],
'eo',['Eos', 'eo', 'eoobo123', 'eoobo21', 'eoobo213015', 'eoobo123456', 'eoobo213015', 'eoobo123', 'eoobo123456', 'eoobo213015', 'eon#90hWhq'],
'ep',['epaenetus', 'epaphras', 'epaphroditus', 'ephah', 'ephai', 'epher', 'ephesdammim', 'ephesian', 'ephesians', 'ephesus', 'ephlal', 'ephod', 'ephphatha', 'ephraim', 'ephraimite', 'ephraimites', 'ephratah', 'ephrath', 'ephrathite', 'ephrathites', 'ephron', 'epicureans', 'episodes', 'epistle', 'epistles', 'Epeios', 'Epimetheus', 'Epstein', 'Epyaxa', 'eperythrozoon', 'ephemerocyanea', 'epicrates', 'epidermidis', 'epidermitis', 'epidermophyton', 'epiphytus', 'epipsammum', 'eppendorf', 'epping', 'eppingeri', 'epsteinii', 'epg'],
'eq',['equal', 'equality', 'equally', 'equals', 'equity', 'equi', 'equifetale', 'equigenitalis', 'equigenitalium', 'equinus', 'equirhinis', 'equirulis', 'equisimilis', 'equorum', 'equuli'],
'er',['er', 'eran', 'eranites', 'erastus', 'ere', 'erech', 'erected', 'eri', 'erites', 'err', 'errand', 'erred', 'erreth', 'error', 'errors', 'Erato', 'Erbisbuhl', 'Ercilla', 'Erda', 'Erfordia', 'Eri', 'Erida', 'Eriepa', 'Erigone', 'Erika', 'Erin', 'Eriphyla', 'Erminia', 'Erna', 'Ernestina', 'Eros', 'Erynia', 'erecta', 'eridani', 'eriksonii', 'erinacei', 'eriobotryae', 'eritreus', 'erizensis', 'erlangen', 'erlanger', 'erumpens', 'erwinia', 'erysipelatis', 'erysipelothrix', 'erythalus', 'erythra', 'erythraea', 'erythraeus', 'erythreae', 'erythreum', 'erythreus', 'erythrinae', 'erythrobacter', 'erythrochromogenes', 'erythrogenes', 'erythrogriseus', 'erythromyxa', 'erythropolis', 'eric@py98.net', 'erenb.com', 'erenb.com6688', 'erlong0528', 'erenb.com6688', 'erenb.com', 'erenb.net6688', 'eric@py98.net', 'erqian13605288311', 'erenb.com6688', 'erenb.com', 'erenb.net6688', 'erqian13605288311', 'erase', 'eric', 'erenb.com6688', 'eric', 'ericftup', 'erlin', 'erna', 'ershad', 'erwianto'],
'es',['esin888', 'esincs', 'esaias', 'esarhaddon', 'esau', 'escape', 'escaped', 'escapeth', 'escaping', 'eschew', 'eschewed', 'escheweth', 'esek', 'eshbaal', 'eshban', 'eshcol', 'eshean', 'eshek', 'eshkalonites', 'eshtaol', 'eshtaulites', 'eshtemoa', 'eshtemoh', 'eshton', 'esli', 'especially', 'espied', 'espousals', 'espoused', 'espy', 'esrom', 'est', 'establish', 'established', 'establisheth', 'establishment', 'estate', 'estates', 'esteem', 'esteemed', 'esteemeth', 'esteeming', 'esther', 'estimate', 'estimation', 'estimations', 'estranged', 'Esclangona', 'Esperanto', 'Espinette', 'Esther', 'Estonia', 'escanaba', 'esch', 'eschberg', 'escherichi', 'escherichia', 'eschersheim', 'eschweiler', 'esculenti', 'espanaensis', 'espanolae', 'espejiana', 'espinomyceticus', 'espinosus', 'essen', 'esseyanum', 'esteraromaticum', 'esteroaromaticum', 'estertheticum', 'estuensis', 'estunensis', 'esin123', 'esinidc', 'esin123654', 'esdns028', 'esin1988', 'esin123456', 'esinkeji', 'esin', 'esinidc', 'esinidc2008', 'espnstar', 'espnstar.com.cn', 'esinserver', 'esdns028', 'esinidc', 'esinkeji', 'esin', 'esin2008', 'esin1988', 'esin123', 'esin123', 'Espanol', 'esin888', 'esinidc', 'esin123', 'esinidc', 'esincs', 'esin.com', 'esin888', 'esincs', 'eshop'],
'et',['etaoin', 'etaoinshrdlu', 'etaoinshrdlu', 'etam', 'etc', 'eternal', 'eternity', 'etham', 'ethan', 'ethanim', 'ethbaal', 'ether', 'ethiopia', 'ethiopian', 'ethiopians', 'ethnan', 'ethni', 'Ethel', 'Etheridgea', 'Ethiopia', 'ethanolgignens', 'ethanolicus', 'etli', 'etousae', 'etterbeck', 'ettx-idc', 'eta_server-101', 'eting1027', 'eta_server-101', 'et520', 'etoile', 'eternity', 'eth', 'etherpad', 'etho', 'etihad'],
'eu',['eubulus', 'eunice', 'eunuch', 'eunuchs', 'euodias', 'euphrates', 'euroclydon', 'eutychus', 'Euboea', 'Eucharis', 'Eudora', 'Eugenia', 'Eugenisis', 'Eukrate', 'Eulalia', 'Euler', 'Eunike', 'Eunomia', 'Euphemia', 'Euphrosyne', 'Eupraksia', 'Euripides', 'Europa', 'Euryanthe', 'Eurydike', 'Eurykleia', 'Eurynome', 'Euterpe', 'eubacterium', 'eucalypti', 'eucinetus', 'eucrenophila', 'eumimyceticus', 'eurihalina', 'eurocidicum', 'eurocidicus', 'europaea', 'europaeus', 'europeae', 'eurydice', 'euryhalinum', 'euryhalinus', 'eurythermus', 'eutactus', 'eutrophus', 'eugene', 'europe'],
'ev',['everafter', 'evangelist', 'evangelists', 'eve', 'even', 'evening', 'evenings', 'eveningtide', 'event', 'eventide', 'ever', 'everlasting', 'evermore', 'every', 'everything', 'evi', 'evidence', 'evidences', 'evident', 'evidently', 'evil', 'evildoer', 'evildoers', 'evilfavouredness', 'evilmerodach', 'evils', 'Eva', 'Evans', 'Evdokiya', 'Evelyn', 'Evenkia', 'Everhart', 'Evita', 'evansi', 'everleigh', 'evestigatus', 'evolutus', 'Even11154010083111', 'Evav', 'evil', 'evilhack', 'evilhacker', 'evilhk', 'evirgo', 'eventos'],
'ew',['ewe', 'ewes', 'ewingella', 'ewingii', 'ewqdsacxz', 'ewaydns', 'ewaydns', 'ewww6zj168229', 'ewqdsacxz', 'ewaydns', 'ewaydns.com', 'ewaydns123', 'ewww6zj168229', 'ewqdsacxz', 'ewaydns', 'ewaydns.com', 'ewaydns123', 'ewqdsacxz', 'ewww6!QAZ', 'ewqdsacxz', 'ewww6!QAZ'],
'ex',['excaliber', 'excalibur', 'exponent', 'ex', 'exact', 'exacted', 'exacteth', 'exaction', 'exactions', 'exactly', 'exactors', 'exalt', 'exalted', 'exaltest', 'exalteth', 'examination', 'examine', 'examined', 'examining', 'example', 'examples', 'exceed', 'exceeded', 'exceedest', 'exceedeth', 'exceeding', 'exceedingly', 'excel', 'excelled', 'excellency', 'excellent', 'excellest', 'excelleth', 'except', 'excepted', 'excess', 'exchange', 'exchangers', 'exclude', 'excluded', 'excuse', 'excused', 'excusing', 'execration', 'execute', 'executed', 'executedst', 'executest', 'executeth', 'executing', 'execution', 'executioner', 'exempted', 'exercise', 'exercised', 'exerciseth', 'exhaustive', 'exhort', 'exhortation', 'exhorted', 'exhorteth', 'exhorting', 'exile', 'exodus', 'exorcists', 'expect', 'expectation', 'expected', 'expecting', 'expedient', 'expel', 'expelled', 'expenses', 'experience', 'experiment', 'expert', 'expired', 'explain', 'explains', 'explanation', 'explanatory', 'exploits', 'expound', 'expounded', 'express', 'expressed', 'expressly', 'extend', 'extended', 'extendeth', 'extensive', 'extenso', 'extinct', 'extol', 'extolled', 'extortion', 'extortioner', 'extortioners', 'extreme', 'extremely', 'extremity', 'excathedrus', 'excellospora', 'excentricus', 'excibis', 'exedens', 'exfoliatus', 'exiguobacterium', 'extarquens', 'extorquens', 'exeexe', 'explorer', 'explorer', 'explorer', 'EXFLASH', 'exflash', 'explorer', 'EXFLASH', 'exflash', 'explorer', 'explorer', 'Except', 'excalibu', 'explorer', 'export', 'express', 'Exit'],
'ey',['eye', 'eyebrows', 'eyed', 'eyelids', 'eyes', 'eyesalve', 'eyeservice', 'eyesight', 'eyewitnesses', 'eyidc-server', 'eyidc', 'eyidc-server', 'eyidc', 'eyidc-server', 'eyidc'],
'ez',['ezar', 'ezbai', 'ezbon', 'ezekias', 'ezekiel', 'ezel', 'ezem', 'ezer', 'eziongaber', 'eziongeber', 'eznite', 'ezra', 'ezrahite', 'ezri', 'ezra', 'f'],
'fa',['fairyring', 'falsestart', 'faretheewell', 'farflung', 'fargone', 'farout', 'fastbreak', 'fastlane', 'fatcat', 'fables', 'face', 'faces', 'fact', 'facts', 'fade', 'fadeth', 'fading', 'fail', 'failed', 'faileth', 'failing', 'fain', 'faint', 'fainted', 'faintest', 'fainteth', 'fainthearted', 'faintness', 'fair', 'fairer', 'fairest', 'fairly', 'fairs', 'faith', 'faithful', 'faithfully', 'faithfulness', 'faithless', 'fall', 'fallen', 'fallest', 'falleth', 'falling', 'fallow', 'fallowdeer', 'falls', 'false', 'falsehood', 'falsely', 'falsifying', 'fame', 'familiar', 'familiars', 'families', 'family', 'famine', 'famines', 'famish', 'famished', 'famous', 'fan', 'fanners', 'far', 'fare', 'fared', 'farewell', 'farm', 'farther', 'farthing', 'farthings', 'fashion', 'fashioned', 'fashioneth', 'fashioning', 'fashions', 'fast', 'fasted', 'fasten', 'fastened', 'fastening', 'fastest', 'fasting', 'fastings', 'fat', 'fatfleshed', 'father', 'fatherless', 'fathers', 'fathoms', 'fatling', 'fatlings', 'fatness', 'fats', 'fatted', 'fatter', 'fattest', 'fault', 'faultless', 'faults', 'faulty', 'favour', 'favourable', 'favoured', 'favourest', 'favoureth', 'Fabiola', 'Fabre', 'Fagnes', 'Faina', 'Fama', 'Fanale', 'Fanatica', 'Fanny', 'Fantasia', 'Farinella', 'Fatme', 'Fatyanov', 'Fayeta', 'fac', 'faciens', 'facilis', 'faecalis', 'faeccalis', 'faecitabidus', 'faecium', 'faeni', 'faenia', 'fairfieldensis', 'fajara', 'faji', 'falcivibrio', 'falconis', 'falkensee', 'fallax', 'fallowfield', 'falotolerans', 'falsosporangiferus', 'falsus', 'fandran', 'fann', 'fanti', 'farakan', 'farcha', 'farciminis', 'farcinica', 'farcinogenes', 'fareham', 'farinofermentans', 'farinosus', 'farmeri', 'farmsen', 'fascians', 'fasciculus', 'fascifera', 'fasicularis', 'fasiculatus', 'fass', 'fast', 'fastidiosa', 'fastidiosum', 'fastidiosus', 'fastidious', 'faucium', 'faure', 'fauriae', 'favillaceus', 'fayed', 'fang@lock', 'facai', 'father', 'fangfang20+-~', 'fangfang521~', 'FANS323FAN23', 'fansite', 'fangfang', 'family', 'fangyejun', 'facai', 'family', 'father', 'fafa94189418fafa', 'fangyuan', 'fastmedia)(*&poiu', 'fastmedia', 'family', 'father', 'family', 'father', 'fanrongwy2307', 'FangTao##&%(', 'fanzq8298897', 'fafa94189418fafa', 'fanrongwy2307', 'father', 'faint', 'fangshi', 'fangya', 'father', 'fahaosinianzhuanyong', 'fanxiaolong', 'Fang2001', 'Falcon', 'Family', 'Farmer', 'Farming', 'faith', 'fang.wang', 'fang.liu', 'fang.li', 'fan.yang', 'fang.chen', 'fang.yang', 'fang.zhang', 'fan.zhang', 'father', 'facebook', 'faisal', 'faizul', 'farid', 'faruque', 'farzana', 'fauzrif', 'fazlu'],
'fb',['fbi818', 'fbi123', 'fbbmalta'],
'fc',['fcgidc.com', 'fcgidc.com', 'fchy101307', 'fclshark', 'fcwang', 'fchy101307'],
'fd',['fdhd2008', 'fdqfdq', 'fdfdrere', 'fdqfdq', 'fdslfds', 'fdsajkl', 'fdsazxcvqwer', 'fdsarewq', 'fdsavcxz', 'fdfdrere', 'fdsajkl', 'fdsazxcvqwer', 'fdsajkl', 'fdsazxcvqwer', 'fdsarewq', 'fdsavcxz', 'fdfdrere', 'fdiort65596rttre', 'fdfdrere', 'fdjll', 'fdsajkl'],
'fe','ff',['fff123', 'fff123', 'fff123', 'ffcq753159', 'fff123', 'ff6m8ns8', 'ffffff', 'ffffffff', 'ffpganh'],
'fg',['fgrep', 'fgfgh', 'fgfgh', 'fghj', 'fghj', 'fghj', 'fgh', 'fghj'],
'fh',['fhh3141', 'fhups2'],
'fi',['figleaf', 'filesyst', 'firebird', 'fishers', 'fictional', 'fidelity', 'field', 'fields', 'fierce', 'fierceness', 'fiercer', 'fiery', 'fifteen', 'fifteenth', 'fifth', 'fifties', 'fiftieth', 'fifty', 'fig', 'fight', 'fighteth', 'fighting', 'fightings', 'figs', 'figure', 'figures', 'file', 'files', 'fill', 'filled', 'filledst', 'fillest', 'fillet', 'filleted', 'filleth', 'fillets', 'filling', 'filth', 'filthiness', 'filthy', 'final', 'finally', 'find', 'findest', 'findeth', 'finding', 'fine', 'finer', 'finest', 'finger', 'fingers', 'fining', 'finish', 'finished', 'finisher', 'finland', 'fins', 'fir', 'fire', 'firebrand', 'firebrands', 'firepans', 'fires', 'firkins', 'firm', 'firmament', 'first', 'firstbegotten', 'firstborn', 'firstfruit', 'firstfruits', 'firstling', 'firstlings', 'firstripe', 'firth', 'fish', 'fisher', 'fisherman', 'fishermen', 'fishers', 'fishes', 'fishhooks', 'fishing', 'fishpools', 'fist', 'fists', 'fit', 'fitches', 'fitly', 'fitted', 'fitteth', 'five', 'fixed', 'Fidelio', 'Fides', 'Fiducia', 'Field', 'Figneria', 'Filipenko', 'Filipoff', 'Fini', 'Finsen', 'fibrisolvens', 'fibrobacter', 'fibrosa', 'ficaria', 'ficellus', 'fici', 'ficuserectae', 'filamentosum', 'filamentosus', 'filarius', 'filibacter', 'filicolonicus', 'filiformis', 'filipinensis', 'filomicrobium', 'fimbriatus', 'fimi', 'fimicarius', 'finaghy', 'finchley', 'findorff', 'finitimus', 'finkenwerder', 'finlayi', 'finnii', 'firmus', 'fischerella', 'fischerhuette', 'fischeri', 'fischerkietz', 'fischerstrasse', 'fissicatena', 'fitzroy', 'fish', 'fiyegdsk', 'finally', 'firebird', 'finally', 'fileserver', 'FILESERVER', 'firebird', 'fiyegdsk', 'fileserver', 'fileserver', 'FILESERVER', 'firebird', 'fiyegdsk', 'fiberhome', 'firebird', 'fight', 'fifaa', 'fige@919', 'finish', 'first1', 'Firebird', 'Fisher', 'Fishing', 'fiction', 'fiona', 'fire', 'fireball', 'fireman', 'first', 'fish', 'fish1', 'file'],
'fj',['fj163.com', 'fjidc.com.cn', 'fjjcdfwang', 'fjfj123456', 'fjfj123', 'fjfjfj', 'fjhost', 'fjaslkj', 'fjfj123456', 'fj163.com', 'fjidc.com.cn', 'fjfjfj', 'fjhost', 'fjaslkj', 'fjfjfj', 'fjhost', 'fjfj123456', 'fjfj123456', 'fjfjfj', 'fjghz', 'fjfjfj'],
'fk',['fkjhjkds', 'fkjhjkds', 'fkjhjkds'],
'fl',['flakes', 'flophouse', 'flower', 'flowers', 'flyaway', 'flyingfuck', 'flyingleap', 'flag', 'flagon', 'flagons', 'flags', 'flakes', 'flame', 'flames', 'flaming', 'flanks', 'flash', 'flat', 'flatter', 'flattereth', 'flatteries', 'flattering', 'flattery', 'flax', 'flay', 'flayed', 'flea', 'fled', 'fleddest', 'flee', 'fleece', 'fleeing', 'fleeth', 'flesh', 'fleshhook', 'fleshhooks', 'fleshly', 'fleshy', 'flew', 'flies', 'flieth', 'flight', 'flint', 'flinty', 'floats', 'flock', 'flocks', 'flood', 'floods', 'floor', 'floors', 'flour', 'flourish', 'flourished', 'flourisheth', 'flourishing', 'flow', 'flowed', 'flower', 'flowers', 'floweth', 'flowing', 'flute', 'fluttereth', 'flux', 'fly', 'flying', 'Flagstaff', 'Flammario', 'Flavia', 'Floirac', 'Flora', 'Florentina', 'Floris-Jan', 'Florya', 'flaccumfaciens', 'flagellatum', 'flava', 'flavea', 'flavefaciens', 'flaveolus', 'flavescens', 'flaveus', 'flavida', 'flavidovirens', 'flavidum', 'flavigena', 'flavigenum', 'flavimonas', 'flaviridis', 'flavisceroticus', 'flaviscleroticus', 'flavobacterium', 'flavochromogenes', 'flavocyaneus', 'flavofungini', 'flavofuscu', 'flavofuscus', 'flavogriseus', 'flavopersicum', 'flavopersicus', 'flavorecticuli', 'flavorectus', 'flavorosea', 'flavosolubibis', 'flavospinosporus', 'flavotricini', 'flavovariabilis', 'flavoverrucosus', 'flavoverticillotus', 'flavovirens', 'flavoviridis', 'flavum', 'flavus', 'flectens', 'flectobacillus', 'flevensis', 'flexibacter', 'flexibilis', 'flexilis', 'flexispira', 'flexithrix', 'flexneri', 'flexuofradiae', 'flexuosa', 'flexus', 'flint', 'floccosum', 'flocculare', 'flocculiformis', 'flocculus', 'florian', 'floricola', 'florida', 'floridae', 'floridana', 'floridensis', 'florum', 'flos', 'flottbeck', 'flueggei', 'flueggeii', 'fluminense', 'fluminensis', 'fluntern', 'fluorebacter', 'fluores', 'fluorescens', 'fluoribacter', 'fluvialis', 'fluviatile', 'fljwserver01admin', 'flfthdxk', 'FLADVERT', 'fladvert', 'flh19810219', 'flashteam.51.net', 'flfthdxk', 'FLADVERT', 'fladvert', 'flguc.com!@#', 'flavor', 'flower', 'fluid', 'flystar', 'flash', 'flczlifu', 'Flipper', 'Florida', 'Flowers', 'Fluffy', 'Flyers', 'flamingo', 'fletch', 'fletcher', 'flight', 'flip', 'floyd', 'fl.wang', 'flopy', 'fls', 'fluffy'],
'fm',['fm365.com'],
'fn',[],
'fo',['foghorn', 'foo', 'foobar', 'foobaz', 'forearm', 'foresight', 'forkedtounge', 'fourwheel', 'fouryears', 'foxtrot', 'foxylady', 'foal', 'foals', 'foam', 'foameth', 'foaming', 'fodder', 'foes', 'fold', 'folden', 'foldeth', 'folding', 'folds', 'folk', 'folks', 'follow', 'followed', 'followedst', 'followers', 'followeth', 'following', 'follows', 'folly', 'food', 'fool', 'foolish', 'foolishly', 'foolishness', 'fools', 'foot', 'footmen', 'footnotes', 'footsteps', 'footstool', 'for', 'forasmuch', 'forbad', 'forbare', 'forbear', 'forbearance', 'forbeareth', 'forbearing', 'forbid', 'forbidden', 'forbiddeth', 'forbidding', 'forborn', 'force', 'forced', 'forces', 'forcible', 'forcing', 'ford', 'fords', 'forecast', 'forefathers', 'forefront', 'forehead', 'foreheads', 'foreigner', 'foreigners', 'foreknew', 'foreknow', 'foreknowledge', 'foremost', 'foreordained', 'forepart', 'forerunner', 'foresaw', 'foreseeing', 'foreseeth', 'foreship', 'foreskin', 'foreskins', 'forest', 'forests', 'foretell', 'foretold', 'forewarn', 'forewarned', 'forfeited', 'forgat', 'forgave', 'forgavest', 'forged', 'forgers', 'forget', 'forgetful', 'forgetfulness', 'forgettest', 'forgetteth', 'forgetting', 'forgive', 'forgiven', 'forgiveness', 'forgivenesses', 'forgiveth', 'forgiving', 'forgot', 'forgotten', 'forks', 'form', 'formed', 'former', 'formeth', 'forms', 'fornication', 'fornications', 'fornicator', 'fornicators', 'forsake', 'forsaken', 'forsaketh', 'forsaking', 'forsomuch', 'forsook', 'forsookest', 'forswear', 'fort', 'forth', 'forthwith', 'fortieth', 'fortified', 'fortify', 'fortress', 'fortresses', 'forts', 'fortunatus', 'forty', 'forum', 'forward', 'forwarded', 'forwardness', 'fos', 'fought', 'foul', 'fouled', 'fouledst', 'found', 'foundation', 'foundations', 'founded', 'founder', 'foundest', 'fountain', 'fountains', 'four', 'fourfold', 'fourfooted', 'fourscore', 'foursquare', 'fourteen', 'fourteenth', 'fourth', 'fowl', 'fowler', 'fowlers', 'fowls', 'fox', 'foxes', 'Fogelin', 'Forsytia', 'Fortuna', 'Fowler', 'fodinarum', 'foetidium', 'foetoris', 'folium', 'fomeco', 'fonticola', 'fontinalis', 'fontium', 'forma', 'formicans', 'formicicum', 'formicigenerans', 'formicilis', 'formicoaceticum', 'formicus', 'formigenes', 'formivibrio', 'formosensis', 'forsmanii', 'forsythus', 'fort', 'forte', 'fortlamy', 'fortuit', 'fortuitum', 'fortune', 'fossor', 'fosteri', 'fostreus', 'foulpointe', 'founder', 'foxbase', 'foxbase', 'forest', 'forrest', 'foryou', 'fours', 'foxroger', 'Footbal', 'Football', 'foobar', 'fool', 'ford', 'fountain', 'fox', 'foxtrot', 'fozzie', 'fofel', 'foobar', 'foot', 'forex', 'foyzul'],
'fp',['fptuser'],
'fq',[],
'fr',['framemaker', 'frat', 'freakbrothers', 'frenchfries', 'freshbread', 'freshmeat', 'friends', 'froshmeat', 'fragments', 'frail', 'frame', 'framed', 'frameth', 'frankincense', 'frankly', 'fraud', 'fray', 'freckled', 'free', 'freed', 'freedom', 'freely', 'freeman', 'freewill', 'freewoman', 'frequent', 'fresh', 'fresher', 'fret', 'fretted', 'fretteth', 'fretting', 'fried', 'friend', 'friendly', 'friends', 'friendship', 'fringe', 'fringes', 'fro', 'frogs', 'from', 'front', 'frontiers', 'frontlets', 'frost', 'froward', 'frowardly', 'frowardness', 'frozen', 'fruit', 'fruitful', 'fruits', 'frustrate', 'frustrateth', 'fryingpan', 'Fracastoro', 'Fragaria', 'Franceswright', 'Francette', 'Francis', 'Franke', 'FranklinAdams', 'Franklina', 'Franklin-Adams', 'FranklinAdams', 'Franklinken', 'FranzSchubert', 'Franzia', 'Franziska', 'FranzSchubert', 'Franz_Schubert', 'Fraternitas', 'Freda', 'Fredegundis', 'Freia', 'French', 'Freuchen', 'Fricke', 'Frieda', 'Frieden', 'Friederike', 'Friedman', 'Frigga', 'Fringilla', 'Frisia', 'Frostia', 'fradiae', 'fradioverticillatum', 'fragariae', 'fragi', 'fragile', 'fragili', 'fragilis', 'fragmentans', 'fragmentosporus', 'francisella', 'frankfurt', 'frankia', 'fraseri', 'frateuria', 'frateurii', 'fraxini', 'frederiksenii', 'fredii', 'freetown', 'freiburg', 'freidenreich', 'fremantle', 'fresno', 'freudenrei', 'freudenreichii', 'freundenreichii', 'freundii', 'fribiergensis', 'friburgensis', 'friedenau', 'friedericiana', 'friedrichsfelde', 'frigidus', 'frigoritolerans', 'frintrop', 'frisia', 'frisingensis', 'frisius', 'frittonii', 'fructivorans', 'fructofer', 'fructofermentans', 'fructoseoxidans', 'fructosovorans', 'fructosus', 'freekevin', 'franktang', 'franky', 'freedom', 'freeman', 'friend', 'Francis', 'Frankie', 'Friday', 'Friends', 'Froggy', 'Frosty', 'france', 'francois', 'frank', 'franklin', 'freak1', 'fred', 'freddy', 'frederic', 'french1', 'frodo', 'frog', 'frog1', 'frogs', 'front242', 'francisco', 'franciscocarbajal', 'frank', 'freddy', 'free', 'from', 'frontdesk', 'frontdsk'],
'fs',['fst'],
'ft',['ftp', 'ftpzjwh', 'ftpzjwh', 'ftp123', 'ftp1', 'ftpd', 'ftptest', 'ftpuser', 'ftpuser1', 'ftpusr'],
'fu',['fubar', 'fuck', 'fuck-off', 'fuck-you', 'fuckaduck', 'fuckit', 'fuckoff', 'fuckyou', 'funky', 'furball', 'fuzbat', 'fuzzball', 'fuzzbat', 'fuel', 'fugitive', 'fugitives', 'fulfil', 'fulfill', 'fulfilled', 'fulfilling', 'full', 'fuller', 'fullers', 'fully', 'fulness', 'fun', 'furbish', 'furbished', 'furious', 'furiously', 'furlongs', 'furnace', 'furnaces', 'furnish', 'furnished', 'furniture', 'furrow', 'furrows', 'further', 'furtherance', 'furthered', 'furthermore', 'fury', 'Fucik', 'Fuji', 'Fujian', 'Fukushima', 'Fulchignoni', 'Fulvia', 'fua', 'fucosus', 'fufu', 'fugis', 'fuhlsbuettel', 'fujiokense', 'fujisawaense', 'fukayae', 'fulda', 'fulgidus', 'fulica', 'fulva', 'fulvescens', 'fulvesens', 'fulvissimus', 'fulvopurpurea', 'fulvorobeus', 'fulvostreptomycini', 'fulvoviolacea', 'fulvoviolaceus', 'fulvoviridis', 'fulvum', 'fulvus', 'fumanus', 'fumigatiscleroticus', 'fumigatu', 'fumigatus', 'fumobadius', 'fumosum', 'fumosus', 'funditum', 'fundulifo', 'fungicidicus', 'fungilyticus', 'fungus', 'furcosus', 'furfuralis', 'furiosus', 'furlongus', 'furnissii', 'further', 'furvescens', 'fusca', 'fuscans', 'fuscovaginae', 'fuscum', 'fuscus', 'fusiforme', 'fusiformis', 'fusobacterium', 'fustidiasus', 'fuckyou', 'future', 'fujian', 'fuzhou', 'fuckadmin', 'fuckyou2008', 'fuckyoukwgjjx', 'FuZhou', 'fuckyou', 'future', 'fuck', 'fuckyou', 'fuwuqiguanli', 'fuckyou123', 'fuckall', 'fuckyoukwgjjx', 'fuckyoukwgjjxbbx', 'fuck', 'fuckyou', 'fuck', 'fuckyou', 'fuwuqiguanli', 'fuckyou123', 'fugeone<>?123', 'fuqiang@wanglinlin..++..++', 'fuckall', 'fuwugm1405', 'fuwugm1405', 'fuckyou123', 'fuckyou', 'fuckyou', 'fuck', 'fucker', 'fuckhack', 'fuckhacker', 'fuckit', 'FuckYou', 'fujingwen', 'furui15', 'fuyujie', 'fuckyous', 'Fubar', 'Fuckme', 'fuckoff', 'fugazi', 'fun', 'future', 'g', 'fucktlfuck49', 'fuckfuckyou', 'fuckfuck93', 'fugeone<>?123', 'fuckcaonima', 'fuck', 'fuckyou', 'fuad'],
'fv',[],
'fw',['fwe123456', 'fwe123456'],
'fx',['fxq5201314', 'fxq9988', 'fx666666', 'fx66666', 'FXLIHAO1', 'fxlihao1', 'fxh@7802', 'fxj00', 'fxue', 'fxkj_47'],
'fy',['fyris', 'g', 'fyts', 'fyts', 'fywingpzf137', 'fywingpzf137', 'fyzq92xkwllio011', 'Fyto$!^wmzdh87', 'fy.zhang', 'fy.li', 'fy.wang', 'fy.liu'],
'fz',[],
'ga',[],
'gb',['gbadago', 'gbx529100'],
'gc',['gcyidong008sky', 'gcyidong008sky', 'Gcoge2009', 'Gcoge2009'],
'gd',['gdansk', 'gd741852963', 'gd@123456', 'gd123$%^', 'gd.ct10000.com', 'gdcn00286', 'Gd6eETkg2qoY', 'gdcyc1688', 'Gd6eETkg2qoY', 'gdcn_sjl/xkjsyy@))&', 'gd.ct10000.com', 'Gd6eETkg2qoY', 'gdllidc', 'gd.vnet.cn', 'gddc.com.cn', 'GDCN-iptv2008', 'gdm', 'gdnslog'],
'ge',['getfucked', 'getlaid', 'getlost', 'getstuffed', 'getfucked', 'getlaid', 'getlost', 'getlost!', 'getlucky', 'getstuffed', 'gedingfeng1102888', '', 'geba', 'gebal', 'geber', 'gebim', 'gedaliah', 'gedeon', 'geder', 'gederah', 'gederathite', 'gederite', 'gederoth', 'gederothaim', 'gedor', 'gehazi', 'geliloth', 'gem', 'gemalli', 'gemariah', 'gen', 'gender', 'gendered', 'gendereth', 'genealogies', 'genealogy', 'general', 'generally', 'generate', 'generation', 'generations', 'genesis', 'geneva', 'genius', 'gennesaret', 'gentile', 'gentiles', 'gentle', 'gentleness', 'gently', 'genubath', 'gera', 'gerahs', 'gerar', 'gergesenes', 'gerizim', 'gershom', 'gershon', 'gershonite', 'gershonites', 'gesham', 'geshem', 'geshur', 'geshuri', 'geshurites', 'get', 'gether', 'gethsemane', 'getteth', 'getting', 'geuel', 'gezer', 'gezrites', 'Gedania', 'Geertruida', 'Gefion', 'Gehrels', 'Geisei', 'Geisha', 'Geldonia', 'Gellivara', 'Gelria', 'Genevieve', 'Genichesk', 'Genoveva', 'Gentelec', 'Genua', 'Geographos', 'Geometria', 'Georgia', 'Geowilliams', 'Geraldina', 'Geramtina', 'Geranium', 'Gerarda', 'Gerasimovich', 'Gerda', 'Gerlinde', 'Germania', 'Gershberg', 'Gersuind', 'Gerti', 'Gertrud', 'Gezelle', 'gedanensis', 'geestiana', 'gege', 'gelaticus', 'gelatinorum', 'gelatinosa', 'gelatinosus', 'gelatinovorum', 'geldanus', 'gelida', 'gelidicola', 'gelidum', 'gelsenkirchen', 'gem', 'gemella', 'gemmata', 'gemmela', 'gemmiger', 'gemmobacter', 'genavense', 'geniculata', 'genitalium', 'genomospecies', 'genospecies', 'geodermatophilus', 'georgia', 'georgiae', 'geothermicum', 'geotoga', 'gephyra', 'gera', 'geraldton', 'gerencseriae', 'gergoviae', 'germiston', 'geyaweera', 'geysiriensis', 'geislz', 'geisnic', 'geisnic.com', 'geisnic', 'geiscctv', 'geisidc', 'geisnic.com', 'geisnic', 'geiscctv', 'geis', 'geisidc', 'geisidc123456', 'geisnetwork', 'geiscctv48.209', 'geiscctv', 'geisnic.com', 'geis', 'geisidc', 'geisidc123456', 'geda1989', 'geisnetwork', 'ge51869', 'gea598', 'gema', 'georjoejour', 'gexing', 'Gemini', 'George', 'German', 'general', 'genesis', 'genius', 'georgia', 'gerald', 'geda1989', 'geisidc', 'geisidc2009', 'geisidc2010', 'gedingfeng1102888', 'gedingfeng1102888', 'gede_ekalesmana', 'gene', 'george', 'german', 'gerrit2', 'get', 'getmail'],
'gf',['gfgfgf', 'gfd', 'gfdsahjkl', 'gfdsa', 'gfdsahjkl', 'gfdsa', 'gfdsahjkl', 'gfdsa', 'gfteiskkkk', 'gfjatgeq', 'gf', 'gf.li', 'gf.zhang', 'gf.wang', 'gfdsahjkl', 'gfdsa', 'gfdsa', 'gfep', 'gflatlantic'],
'gg',['ggserver125603401', 'ggghhh', 'gg123456', 'gggggg', 'ggzzpp', 'gg123456', 'gggggg', 'gg123456', 'gg123456', 'ggg123', 'GGGMTD@QQ@COM', 'GGGMTD@QQ@COM', 'gg123456', 'ggwgij', 'gg123456'],
'gh',['ghost', 'ghana', 'ghanaensis', 'ghoni', 'ghghjkl', 'ghitr', 'Ghitr', 'ghitr', 'Ghitr', 'ghitr', 'ghostrickmyiee.com', 'ghostsrv.qy', 'ghost', 'gh9581', 'ghost', 'gh0st', 'ghostsys123', 'ghostrickmyiee.com', 'gh.wang', 'gh.li', 'ghan', 'ghan1', 'ghazi', 'gheghe', 'ghost', 'ghzhang', 'ghzhang1'],
'gi',['giah', 'giant', 'giants', 'gibbar', 'gibbethon', 'gibea', 'gibeah', 'gibeath', 'gibeathite', 'gibeon', 'gibeonite', 'gibeonites', 'giblites', 'giddalti', 'giddel', 'gideon', 'gideoni', 'gidom', 'gier', 'gift', 'gifts', 'gihon', 'gilalai', 'gilboa', 'gilead', 'gileadite', 'gileadites', 'gilgal', 'giloh', 'gilonite', 'gimzo', 'gin', 'ginath', 'ginnetho', 'ginnethon', 'gins', 'girdd', 'girded', 'girdest', 'girdeth', 'girding', 'girdle', 'girdles', 'girgashite', 'girgashites', 'girgasite', 'girl', 'girls', 'girt', 'gispa', 'gittahhepher', 'gittaim', 'gittite', 'gittites', 'give', 'given', 'giver', 'gives', 'givest', 'giveth', 'giving', 'gizonite', 'Giacobini', 'Gibbs', 'Gibson', 'Giclas', 'Gilgamesh', 'Gilmore', 'Ginevra', 'Gingerich', 'Giomus', 'Gisela', 'Gismonda', 'gibbonsii', 'gibsonii', 'giesbergeri', 'giessen', 'giganteum', 'giganteus', 'gigas', 'gilardi', 'gilardii', 'gilbert', 'gilvosporeus', 'gilvum', 'gilvus', 'gingeri', 'gingivalis', 'girans', 'give', 'giza', 'gigabyte', 'giaantvps', 'GIGA', 'GIGA001', 'giantvps', 'giaantvps', 'giaantvps', 'Giants', 'Ginger', 'Gizmo', 'gibson', 'gilles', 'gigabyte', 'gigabyte.com', 'gigabytea', 'gilbert', 'gis', 'git', 'git1', 'git%2520clone%2520cn_api', 'gitadmin', 'gittest'],
'gj',['gjidc', 'gj123456', 'gjidc', 'gj123456', 'gj790701', 'gjgj'],
'gk',['GKwok82d', 'GKwok82d'],
'gl',['glad', 'gladly', 'gladness', 'glass', 'glasses', 'glean', 'gleaned', 'gleaning', 'gleanings', 'glede', 'glistering', 'glitter', 'glittering', 'gloominess', 'gloriest', 'glorieth', 'glorified', 'glorifieth', 'glorify', 'glorifying', 'glorious', 'gloriously', 'glory', 'glorying', 'glutton', 'gluttonous', 'Glarona', 'Glasenappia', 'Glauke', 'Glaukos', 'Gliese', 'Glinka', 'Glo', 'gladioli', 'glanders', 'glasgow', 'glathei', 'glauca', 'glaucescens', 'glaucoflavus', 'glaucohygroscopicus', 'glaucopis', 'glaucosporus', 'glaucovioatratus', 'glaucoviolaceus', 'glaucus', 'glebosus', 'glencairn', 'gleum', 'glidji', 'globerula', 'globerulus', 'globifer', 'globiformis', 'globigii', 'globispororoseus', 'globisporu', 'globisporum', 'globisporus', 'globivulgaris', 'globophilum', 'globos', 'globosa', 'globosum', 'globosus', 'globrata', 'gloeobacter', 'gloeocapsa', 'glomerans', 'glomeratus', 'glomeroaurantiacus', 'glomerochromogenes', 'glostrup', 'gloucester', 'glucanolytica', 'glucanolyticus', 'glucidolytica', 'glucofermentans', 'gluconicus', 'gluconobacter', 'glucoseoxidans', 'glucosotrophus', 'glumae', 'glutamicum', 'glutamicus', 'glutamigenes', 'glutaris', 'glutinosus', 'glycerini', 'glycinea', 'glycines', 'glycinophilum', 'glycinophilus', 'glycogenes', 'glycolicum', 'glycolium', 'glycolytica', 'glycomyces', 'glycophilum', 'gl0235', 'glay', 'gloria', 'Global', 'glenn', 'glordboy.com', 'gl.wang', 'gl.zhang', 'gl.li', 'gl.liu', 'gl.chen', 'global'],
'gm',['gmt', 'gmidc.com', 'gmeee520', 'gmeee555', 'gmidc', 'gmaj', 'gmaj123', 'gmaj123#123', 'gmaj123#123#123', 'gmidc', 'gmcom', 'gmeee520', 'gmeee168', 'gmidc', 'gmaj123', 'gmaj123#123', 'gmaj123#123#123', 'GM001', 'GM110', 'gm888', 'gmidc.com', 'gmcom', 'gmeee520', 'gmeee168', 'gmidc', 'gmcom', 'gmaj123', 'gmaj123#123', 'gmaj123#123#123', 'GM001', 'GM110', 'gm888', 'gmidc', 'gmidc', 'gmidc.com', 'gmtindex8', 'gm5180gm518', 'gmeee123456', 'gmeee321', 'gmaj123', 'gmaj123#123', 'gmaj123#123#123', 'gmidc', 'gmjiaguizu', 'gmidc.com', 'gm853'],
'gn',['gnu', 'gnuemacs', 'gnus', 'gnash', 'gnashed', 'gnasheth', 'gnashing', 'gnat', 'gnaw', 'gnawed', 'gnavus', 'gnesta', 'gnserver619527aaa', 'gnef'],
'go',['goaway', 'goaway!', 'gofuckyourself', 'gojumpinalake', 'gotohell', 'goahead', 'goaway', 'goaway!', 'goforit', 'gofuckyourself', 'gohome', 'gojumpinalake', 'golfer', 'gonorrhea', 'gonzo', 'goodafternoon', 'goodevening', 'goodfight', 'goodgrief', 'goodjob', 'goodmorning', 'goodtimes', 'goodwife', 'goofus', 'goonight', 'gostraight', 'gotohell', 'gotohell', 'gowest', 'go', 'goad', 'goads', 'goat', 'goath', 'goats', 'goatskins', 'gob', 'goblet', 'god', 'goddess', 'godhead', 'godliness', 'godly', 'gods', 'goes', 'goest', 'goeth', 'gog', 'going', 'goings', 'golan', 'gold', 'golden', 'goldsmith', 'goldsmiths', 'golgotha', 'goliath', 'gomer', 'gomorrah', 'gomorrha', 'gone', 'good', 'goodlier', 'goodliest', 'goodliness', 'goodly', 'goodman', 'goodness', 'goods', 'gopher', 'gore', 'gored', 'gorgeous', 'gorgeously', 'goshen', 'gospel', 'gospels', 'got', 'gotten', 'gourd', 'gourds', 'govern', 'government', 'governments', 'governor', 'governors', 'gozan', 'Goberta', 'Godiva', 'Goethe', 'GoetheLink', 'GoetheLink', 'Goethe_Link', 'Goffin', 'Gogol', 'Goldberger', 'Goldschmidt', 'Golia', 'Golson', 'Gondola', 'Gondolatsch', 'Gonnessia', 'Goodricke', 'Gordonia', 'Gorgo', 'Gorky', 'Gorshkov', 'Gostin', 'Gotard', 'Gotha', 'Gothlandia', 'Gotho', 'Goto', 'gobitricini', 'godesberg', 'godesburg', 'goelzau', 'goerlitz', 'goeteborg', 'goettingen', 'goiano', 'gojenberg', 'gokul', 'goldcoast', 'goma', 'gombe', 'gondwanense', 'gonidiaformans', 'gonorrhoeae', 'good', 'goodwood', 'gordona', 'gordonae', 'gordonii', 'gorgas', 'gori', 'gormanii', 'goshikiensis', 'gougeroti', 'gougerotii', 'goulfey', 'gouloumbo', 'goverdhan', 'godismm0', 'gogo1212', 'gosht', 'gongxifacai', 'gotogoto', 'gogo', 'google.cn', 'gotonets.com', 'gohome', 'gouxiong', 'goodstudy1988', 'goodstudy1982', 'google', 'godblessyou', 'goto', 'goodbye', 'google576cd6fab584a010', 'google576cd6fab584a010.html', 'go2holley633', 'good7lw.com', 'gongxifacai777', 'goodidc.net', 'goodidc', 'goodidc2008', 'google.cn', 'gotonets.com', 'google', 'godblessyou', 'goto', 'goodbye', 'godblessyou', 'goto', 'goodbye', 'google576cd6fab584a010', 'google576cd6fab584a010.html', 'goodboy', 'gotonets', 'goodidc', 'goodidc123', 'Goodidc', 'Goodidc123', 'Goodidc789', 'gO7^Ms@4JX*pzAJjO$j', 'gongxifacai', 'Google', 'Google_12#', 'gO7^Ms@4JX*pzAJjO$j', 'goodcqmovie', 'go2holley633', 'good7lw.com', 'goodbye', 'godpan', 'gong951388', 'gongyan', 'goodme', 'gotousa', 'google250', 'goodhk', 'good', 'goodwang7', 'Goalie', 'Golden', 'Goldie', 'Golfer', 'Golfing', 'Goober', 'Gopher', 'Gordon', 'go', 'goat', 'goblue', 'gocougs', 'godzilla', 'gofish', 'goforit', 'gold', 'golf', 'gone', 'goofy', 'GOODCDN.COM', 'goodcdn.com', 'gotoidc', 'gongxifacai518598586', 'gongxifacai', 'gotoidc2010', 'goodboy', 'gotonets', 'goodbye', 'good7lw.com', 'goodbye', 'good', 'gopal'],
'gp',['gpadmin', 'gpmon'],
'gq',[],
'gr',['graphics', 'gratefuldead', 'greasyspoon', 'greenline', 'greeting', 'grace', 'gracious', 'graciously', 'graff', 'graffed', 'grain', 'grandmother', 'grant', 'granted', 'grape', 'grapegatherer', 'grapegatherers', 'grapegleanings', 'grapes', 'grass', 'grasshopper', 'grasshoppers', 'grate', 'grave', 'graveclothes', 'graved', 'gravel', 'graven', 'graves', 'graveth', 'graving', 'gravings', 'gravity', 'gray', 'grayheaded', 'grease', 'great', 'greater', 'greatest', 'greatly', 'greatness', 'greaves', 'grecia', 'grecians', 'greece', 'greedily', 'greediness', 'greedy', 'greek', 'greeks', 'green', 'greenish', 'greenness', 'greet', 'greeteth', 'greeting', 'greetings', 'grew', 'grey', 'greyheaded', 'greyhound', 'grief', 'griefs', 'grievance', 'grieve', 'grieved', 'grieveth', 'grieving', 'grievous', 'grievously', 'grievousness', 'grind', 'grinders', 'grinding', 'grisled', 'groan', 'groaned', 'groaneth', 'groaning', 'groanings', 'grope', 'gropeth', 'gross', 'ground', 'grounded', 'group', 'grove', 'groves', 'grow', 'groweth', 'grown', 'growth', 'grudge', 'grudging', 'grudgingly', 'Gradie', 'Gramme', 'Granada', 'Grano', 'Granule', 'Gratia', 'Grechko', 'Greenberg', 'Greenwich', 'Gregory', 'Gretia', 'Gretry', 'Griboedov', 'Grietje', 'Grinevia', 'Griqua', 'Griseldis', 'Grissom', 'Groeneveld', 'Grubba', 'Gryphia', 'gra', 'grabouw', 'gracile', 'gracilis', 'graf', 'grahamella', 'grain', 'gram', 'graminearus', 'graminis', 'graminofaciens', 'grampian', 'grandhaven', 'grandis', 'granlo', 'granularum', 'granulomatis', 'granulosa', 'granulosis', 'granulosum', 'grasserius', 'gratiana', 'graveolens', 'gravesensis', 'gravis', 'grayi', 'grayii', 'graz', 'greenside', 'gregorii', 'gregoryi', 'gregoryii', 'greiz', 'grimesii', 'grimontii', 'grippotyphosa', 'grisea', 'griseinus', 'griseo', 'griseoalba', 'griseoaurantiacum', 'griseoaurantiacus', 'griseobrunneus', 'griseocarneum', 'griseocarneus', 'griseocarnus', 'griseocastaneus', 'griseochromogenes', 'griseocitreus', 'griseofaciens', 'griseofavillus', 'griseoflavus', 'griseofuscus', 'griseoincarnatus', 'griseola', 'griseolavendus', 'griseoloalbus', 'griseolosporeus', 'griseolosuffuscus', 'griseolus', 'griseoluteus', 'griseomacrosporus', 'griseomycini', 'griseoplanus', 'griseoroseus', 'griseorubens', 'griseoruber', 'griseorubiginosus', 'griseosegmentosus', 'griseospinosus', 'griseospiralis', 'griseosporeus', 'griseostramineus', 'griseoverticillatu', 'griseoverticillatum', 'griseoverticillatus', 'griseoviridis', 'griseus', 'groenekan', 'grou', 'group', 'grumpensis', 'grunty', 'grylli', 'gryphiswaldense', 'GreatDream_Test_', 'GreatDream_Test_01', 'GreatDreams_Test_01', 'grace75', 'grassy888', 'greatester', 'green', 'Grandma', 'Griffey', 'Groovy', 'Grover', 'grace', 'grant', 'graphic', 'grateful', 'gray', 'graymail', 'greenday', 'greg', 'gregory', 'gretchen', 'gretzky', 'grumpy', 'gr.wang', 'gr.li', 'gr.zhang', 'greg', 'grid'],
'gs',['gs123456', 'gsidc', 'gs123456', 'gs123445', 'gs123456', 'gs126116', 'gsm99', 'gst5927g', 'gsa', 'gsb', 'gsc', 'gsd', 'gse', 'gsf', 'gsg', 'gsh', 'gsi', 'gsj', 'gsk', 'gsl', 'gsm', 'gsn', 'gso', 'gsp', 'gsq', 'gsr', 'gss', 'gst', 'gsu', 'gsv', 'gsw', 'gsx', 'gsy', 'gsz'],
'gt',['gtxjm3218146', 'gt520', 'gtkejicai!', 'gtxp2.com', 'gtig_newtech**##'],
'gu',[],
'gv',[],
'gw',['gwaai', 'gwale', 'gwaza', 'gwoza', 'gwbking'],
'gx',['gxhost', 'GXHOUSE-SQL', 'GXHOUSE123445', 'gxhouse', 'gx123445', 'gx123654', 'gx123445789', 'gx147258', 'gx123456', 'gx123456789', 'gxhost', 'gxhost', 'GXHOUSE-SQL', 'GXHOUSE123445', 'gxhouse', 'gx123445', 'gx123654', 'gx123445789', 'gx147258', 'gx123456', 'gx123456789', 'gxp', 'gxfc', 'gx.wang', 'gx.li', 'gxshen', 'gxshen1'],
'gy',['Gyldenia', 'Gyptis', 'gypseum', 'gypseus', 'gypsis', 'gypsoides', 'gypsophilae', 'gypsophillae', 'h', 'gyingidc', 'gy', 'Gymnast', 'gy.li', 'gy.wang', 'gy.zhang', 'gy.liu', 'gy.chen', 'gy.yang'],
'gz',['gzidc.cn', 'gzidc', 'gzidc2008', 'GzTh(*&ght', 'gzidc.cn', 'gzeduhpbl80134', 'gzllidc.com', 'gzllidc-com', 'gzllidc', 'gzllidc2009', 'gzidc.com', 'gz.21vianet.com', 'gzidc.cn', 'gzsy12345678', 'gzllidc.com', 'gzllidc-com', 'gzllidc', 'gzllidc2009', 'gzidc2010', 'gzidc2011', 'gzldelan132', 'gzidc!@#', 'gzidc!!@', 'gzidc!!#', 'gz.li', 'gz.wang', 'gz.zhang', 'gz.li', 'gz.wang', 'gz.liu', 'gz.zhang'],
'ha',[],
'hb',['hbmeng5710', 'hbtt', 'hb666123456', 'hb666', 'HBSWlACPW7Mh', 'hbol', 'hbtt', 'hbol', 'hbtt', 'hbtt'],
'hc',['hcidc', 'hc360.com', 'hcidc', 'hcidc', 'hcidc2007', 'hcidc2008', 'hcidc123', 'hcidc123456', 'hcidc123654', 'hcidc654321', 'hcidc888', 'hcidc111', 'hc360.com', 'hcidc', 'hcidc2007', 'hcidc2008', 'hcidc123', 'hcidc123456', 'hcidc123654', 'hcidc654321', 'hcidc888', 'hcidc111', 'hcx7369430...qyab', 'hcskk', 'hca', 'hcb', 'hcc', 'hcd', 'hce', 'hcf', 'hcg', 'hch', 'hci', 'hcj', 'hck', 'hcl', 'hcm', 'hcn', 'hco', 'hcp', 'hcq', 'hcr', 'hcs', 'hct', 'hcu', 'hcv', 'hcw', 'hcx', 'hcy', 'hcz'],
'hd',['hd26jkf5y5%$gdsj4sy54', 'hdsms=h2d4t6x8', 'hdsms=h2d4t6x8', 'hdsms=dell1950', 'hdjhjh', 'hdh082779ts', 'hdt2008', 'hdt2008', 'hdh082779ts', 'hd123445', 'hd123456', 'hdh082779ts', 'hd123445', 'hd123456', 'hd123445', 'hd123456', 'hdj5j39914500hdj', 'hdhacker'],
'he',[],
'hf',['hfrwgk62i$mzyaa', 'HFCGAgameAd!sd119', 'HFdev!@#$', 'HF#ChinaIDC@IDCcenter', 'HF#ChinaIDC@IDCcenter', 'hfs#d2k5$Xjh^dsY$6f', 'HFCGAgameAd!sd119', 'HFdev!@#$'],
'hg',['hghgh123', 'hgicp2008', 'hgicp', 'hgf123'],
'hh',['Hhe@Bsha/W!&$', 'hhlcq', 'hhh123', 'hhhh', 'hhhhhhhh', 'hhhhh', 'hhc', 'hhj'],
'hi',['highlife', 'hid', 'hiddai', 'hiddekel', 'hidden', 'hide', 'hidest', 'hideth', 'hiding', 'hiel', 'hierapolis', 'higgaion', 'high', 'higher', 'highest', 'highly', 'highminded', 'highness', 'highway', 'highways', 'hilen', 'hilkiah', 'hill', 'hillel', 'hills', 'him', 'himself', 'hin', 'hind', 'hinder', 'hindered', 'hindereth', 'hindermost', 'hindmost', 'hinds', 'hinges', 'hinnom', 'hip', 'hirah', 'hiram', 'hire', 'hired', 'hireling', 'hires', 'hirest', 'his', 'hiss', 'hissing', 'historical', 'history', 'hit', 'hither', 'hitherto', 'hittite', 'hittites', 'hivite', 'hivites', 'hizkiah', 'hizkijah', 'Hibbs', 'Hicks', 'Hidalgo', 'Higson', 'Hilaritas', 'Hilda', 'Hildburg', 'Hildegard', 'Hildrun', 'Hill', 'Hind', 'Hippo', 'Hippodamia', 'Hirayama', 'Hirons', 'Hirose', 'Hiroshima', 'Hirst', 'Hirundo', 'Hispania', 'Hissao', 'hialomyceticus', 'hiberniae', 'hibisca', 'hibisci', 'hibiscicola', 'hidalgo', 'hiduddify', 'hikiziensis', 'hikojima', 'hilgardii', 'hillbrow', 'hillegersberg', 'hillingdon', 'hillsborough', 'hilversum', 'hindmarsh', 'hindustanus', 'hippikon', 'hippuratus', 'hirae', 'hiroshimense', 'hiroshimensis', 'hirschfeldii', 'hirschia', 'hirschiana', 'hirschii', 'hirsuta', 'hirsutus', 'hirudinis', 'hisingen', 'hispanica', 'hispanicum', 'hispanicus', 'hissar', 'histamineum', 'histidans', 'histidinolovorans', 'histolyticum', 'histophilus', 'hithergreen', 'hiwasaensis', 'hi19810Zax', 'hi19810Zax', 'hihi', ""hinaccnet]'/729916"", 'hixinchen', 'hidden', 'hihi', 'hikaru', 'hillton', 'hisense', 'History', 'high', 'hikmahanto', 'himanshu'],
'hj',['hjhjjkjk', 'hjctwjl891268', 'hjctwjl891268', 'hjilymiao', 'hja', 'hjb', 'hjc', 'hjd', 'hje', 'hjf', 'hjg', 'hjh', 'hji', 'hjj', 'hjk', 'hjl', 'hjm', 'hjn', 'hjo', 'hjp', 'hjq', 'hjr', 'hjs', 'hjt', 'hju', 'hjv', 'hjw', 'hjx', 'hjy', 'hjz'],
'hk',['hk123', 'hk123', 'hk123445', 'hk@maya0769.com', 'hk123456', 'hk123', 'hk123445', 'hk@maya0769.com', 'hk123456', 'hkk007', 'hkmjj', 'hkmm', 'hkxy', 'hkxvexi', 'hkbaiyi', 'hk', 'hkabir'],
'hl',['hlwj0519-1205.jf', 'hlj123456', 'hlj123456', 'hlh7474888', 'hlh7474888', 'hl0109', 'HLJ', 'hlwj0519-1205.jf', 'hlds'],
'hm',['HMIDC123', 'HMIDC123', 'HMIDC123', 'HMIDC123', 'hm.li', 'hm.zhang', 'hm.wang', 'hm', 'hma', 'hmb', 'hmc', 'hmd', 'hme', 'hmf', 'hmg', 'hmh', 'hmi', 'hmj', 'hmk', 'hml', 'hmm', 'hmn', 'hmo', 'hmp', 'hmq', 'hmr', 'hms', 'hmsftp', 'hmt', 'hmu', 'hmv', 'hmw', 'hmx', 'hmy', 'hmz'],
'hn',['hntelecom', 'hntelecom', 'hnzhnz130!@#aa', 'hndp513142sisi', 'hnzhnz26!@#aa'],
'ho',['hobbit', 'hocus', 'hocuspocus', 'hocus-pocus', 'hocuspocus', 'holyshit', 'honkey', 'hoodlum', 'hosanna', 'hosannah', 'hotdog', 'hotlips', 'hottip', 'ho', 'hoar', 'hoarfrost', 'hoary', 'hobab', 'hobah', 'hod', 'hodaiah', 'hodaviah', 'hodesh', 'hodevah', 'hodiah', 'hodijah', 'hoglah', 'hoham', 'hoised', 'hold', 'holden', 'holdest', 'holdeth', 'holding', 'holds', 'hole', 'holes', 'holier', 'holiest', 'holily', 'holiness', 'hollow', 'holon', 'holpen', 'holy', 'holyday', 'homam', 'home', 'homeborn', 'homer', 'homers', 'honest', 'honestly', 'honesty', 'honey', 'honeycomb', 'honor', 'honour', 'honourable', 'honoured', 'honourest', 'honoureth', 'honours', 'hoods', 'hoof', 'hoofs', 'hook', 'hooks', 'hope', 'hoped', 'hopeth', 'hophni', 'hoping', 'hopkins', 'hor', 'horam', 'horeb', 'horem', 'horhagidgad', 'hori', 'horims', 'horite', 'horites', 'hormah', 'horn', 'hornet', 'hornets', 'horns', 'horonaim', 'horonite', 'horrible', 'horribly', 'horror', 'horse', 'horseback', 'horsehoofs', 'horseleach', 'horseman', 'horsemen', 'horses', 'hosah', 'hosanna', 'hosea', 'hosen', 'hoshaiah', 'hoshama', 'hoshaphat', 'hoshea', 'hospitality', 'host', 'hostages', 'hosts', 'hot', 'hotham', 'hothan', 'hothir', 'hotly', 'hottest', 'hough', 'houghed', 'hour', 'hours', 'house', 'household', 'householder', 'households', 'houses', 'housetop', 'housetops', 'how', 'howbeit', 'however', 'howl', 'howled', 'howling', 'howlings', 'howsoever', 'Hoag', 'Hodgson', 'Hoffmann', 'Hoffmeister', 'Hohensteina', 'Hokkaido', 'Holbaek', 'Holda', 'Holden', 'Hollandia', 'Holmberg', 'Holmia', 'Holst', 'Honda', 'Honkasalo', 'Honoria', 'Hooveria', 'Hopi', 'Hopmann', 'Hoppe', 'Horemheb', 'Hormuthia', ""Horn-d'Arturo"", 'Horn-dArturo', 'Horrocks', 'Horta', 'Horus', 'Hoshino', 'Hoshi-no-ie', 'Houssay', 'Houston', 'Houzeau', 'hoa', 'hoagii', 'hoffmanii', 'hoffmannii', 'hofit', 'hofmanni', 'hofuensis', 'hofunensis', 'hoghton', 'holarctica', 'holcicola', 'holland', 'hollandica', 'hollandicum', 'hollandina', 'hollisae', 'holmesii', 'holospora', 'homari', 'hominis', 'hominus', 'homohiochi', 'homohiochii', 'homonis', 'homopropionicum', 'homosassa', 'hond', 'honelis', 'hooggraven', 'hordei', 'hordeovulneris', 'hordniae', 'hormaechei', 'horsham', 'horton', 'hortonensis', 'hoshinae', 'houten', 'houtenae', 'hovtenae', 'howellii', 'hoyerianum', 'hongYANXUwenXINGGUO03', 'host11.cinternet.com.cn', 'host.zj.cn', 'hop&blue', 'hotsales$&*edongoweb', 'hotsa$&*edongoweb', 'hotsales$&*2010', 'hotsales$&*edong', 'hotsales', 'hongniu', 'hong288288', 'hot&&**886yuanxiao221', 'hongyan521', 'hongpeng8866', 'hostgroup', 'hongwanghongwang', 'HONGSHENG888', 'hongsheng888', 'hongsheng', 'host.okxr.com', 'hot&&**886yuanxiao221', 'host.zj.cn', 'hongyan521', 'hostgroup', 'hongwanghongwang', 'HONGSHENG888', 'hongsheng888', 'hongsheng', 'hostgroup', 'hotkr!!@!^#', 'host.okxr.com', 'hongker', 'honker', 'home248', 'honestyman', 'honeyyin', 'hongjie', 'honoer', 'hotel', 'houhou', 'houting', 'hoo', 'hongkong', 'houmen', 'hootime', 'Hobbit', 'Hockey', 'Hockey1', 'Homer', 'Honda1', 'Hornets', 'Hotdog', 'Hotrod', 'Howard', 'hola', 'holly', 'home', 'homebrew', 'honda', 'honey', 'hoops', 'hootie', 'horizon', 'hornet', 'horse', 'horses', 'house', 'houston', 'hong.li', 'hong.zhang', 'hong.wang', 'hong.chen', 'hongmei.li', 'hong.liu', 'hongmei.zhang', 'hongmei.wang', 'hongxia.li', 'hong.yang', 'hossain', 'host', 'hostmaster', 'hostnort'],
'hp',['hpa', 'hpcthjl1973', 'hp360', 'hpboy'],
'hq',['HqzX'],
'hr',['hr', 'hrd'],
'hs',['hsnuc0SdQ2', 'HSGUYUE', 'hsy@2008', 'hsy@2009', 'hszw', 'hszw', 'hsramdac520!@', 'hsramdac520!*', 'hscwym99', 'hsotnicam', 'hsa', 'hsb', 'hsc', 'hsd', 'hse', 'hsf', 'hsg', 'hsh', 'hsi', 'hsj', 'hsk', 'hsl', 'hsm', 'hsn', 'hso', 'hsp', 'hsq', 'hsr', 'hss', 'hst', 'hsu', 'hsv', 'hsw', 'hsx', 'hsy', 'hsz'],
'ht',['htsc', 'ht963852741', 'htxg_WX', 'ht12345', 'Htdhy**#', 'httx^)@!!0', 'htxg_WX', 'ht12345', 'htxg_WX', 'httx211!!0', 'httx^)@!!0', 'htidc', 'htidc.com', 'htidc2008', 'ht1212', 'ht984218', 'ht123654', 'htidc123', 'htidc2009', 'htidc2010', 'htidcgfjatgeq', 'htet', 'http', 'httpd', 'httpd2', 'httpdocs'],
'hu',[],
'hv',['Hveen', 'hvittingfoss', 'hvttingfoss'],
'hw',['hwttnet[0812]!@#', 'hwy731', 'hwz31014', 'hwp123456', 'hwz123456', 'hw'],
'hx',['hx', 'hxk', 'hxl', 'hxfxhfdx', 'hxfxhfds', 'hxfxxhda', 'hxwlkj', 'hxfxhfdx', 'hxfxhfds', 'hxfxxhda', 'hxcq321', 'hxhack', 'hx123456', 'hxy', 'hx.li', 'hxhtftp'],
'hy',['hydroxyl', 'hymenaeus', 'hymn', 'hymns', 'hypocrisies', 'hypocrisy', 'hypocrite', 'hypocrites', 'hypocritical', 'hypothesis', 'hypothetical', 'hyssop', 'Hybris', 'Hygiea', 'Hynek', 'Hypatia', 'Hyperborea', 'Hypsipyle', 'hyacinthi', 'hyalina', 'hyalinum', 'hyalinus', 'hydra', 'hydrocarboclastum', 'hydrocarboclastus', 'hydrocarboglutamicus', 'hydrocarbonoclasticus', 'hydrocarbonoxydans', 'hydrocarbooxydans', 'hydrocarboxydans', 'hydrogenalis', 'hydrogenans', 'hydrogenobacter', 'hydrogenoformans', 'hydrogenomonas', 'hydrogenophaga', 'hydrogenophilum', 'hydrogenophilus', 'hydrogenothermophila', 'hydrogenovibrio', 'hydrophila', 'hydrophyla', 'hydrossis', 'hydrostaticus', 'hydroxybenzoicum', 'hygroatrocyanea', 'hygrosco', 'hygroscopicus', 'hygrospinosus', 'hyicus', 'hyodysenteriae', 'hyoilei', 'hyointestinalis', 'hyopharyngis', 'hyopneumoniae', 'hyorhinis', 'hyosynoviae', 'hyovaginalis', 'hypermegas', 'hyperoptica', 'hyphomicrobium', 'hyphomonas', 'i', 'hyb88650916', 'hy225483', 'hywwli6834998', 'hy731006', 'hy.wang', 'hy.zhang', 'hy.li', 'hy', 'hy', 'hyundai'],
'hz',['hztc123456', 'hz123456', 'hz@163.*', 'hzidc', 'hz.zj.cn', 'hz571!@#', 'hztc', 'hzjcyyfz', 'hzidc2008', 'hz2654321!@#$%^', 'hz123', 'hz123123', 'hz123445', 'hz123445789', 'hzidc2007', 'hzidc2009', 'hzidc127.7v', 'hzidc', 'hz@163.*', 'hzidc', 'hzidc', 'hzhill', 'hzdxidc', 'hzhost', 'hz51la', 'HZ123445', 'hzidc', 'hz2654321!@#$%^', 'hz123', 'hz123123', 'hz123445', 'hz123445789', 'hzidc2007', 'hzidc2008', 'hzhost.com', 'hz1234567', 'hz147258', 'hz123456', 'hz123456789', 'hzjcyyfz', 'HZ1234567', 'HZ147258', 'HZ123456', 'hzxs0620', 'hzlkqq159', 'hzlkqq82762352', 'hzhostdarran', 'hzhost123321', 'hzhill', 'hzdxidc', 'hzhost', 'hz51la', 'HZ123445', 'hzidc', 'hz2654321!@#$%^', 'hz123', 'hz123123', 'hz123445', 'hz123445789', 'hzidc2007', 'hzidc2008', 'hzhost.com', 'hz1234567', 'hz147258', 'hz123456', 'hz123456789', 'hzhill', 'hzdxidc', 'hzhost', 'hz51la', 'HZ123445', 'hzidc', 'hz2654321!@#$%^', 'hz123', 'hz123123', 'hz123445', 'hz123445789', 'hzjcyyfz', 'hzidc2007', 'hzidc2008', 'hzhost.com', 'HZ1234567', 'HZ147258', 'HZ123456', 'hz1234567', 'hz147258', 'hz123456', 'hz123456789', 'hzhost123', 'hzhost123456', 'hzhz110', 'hztest', 'hztest0105', 'hztest0104', 'hztest1224', 'hzh13924813666', 'hzxs0620', 'hzlkqq159', 'hzlkqq82762352', 'hz52109', 'hzfeng87', 'hz.zj.cn', 'hzhost123', 'hzhost123456', 'hzhz110'],
'ia',['Ianthe', 'iakyrus', 'ianthinogenes', 'iassy', 'iamsemon', 'iambbvoddwolf', 'iammecniammecn', 'iammecn@weiphone', 'iamnotadmin', 'iam77', 'iamhase', 'iammcse', 'iamox', 'iamyoufather'],
'ib',['ibeleive', 'ibelieve', 'ibmpc', 'ibmpcat', 'ibmpcxt', 'ibmsux', 'ibhar', 'ibleam', 'ibneiah', 'ibnijah', 'ibri', 'ibzan', 'Ibarruri', 'ibadan', 'ibaragi', 'ibm123456', 'ibm123$%^', 'ib6ub9', 'ibm+systemx3650'],
'ic',['icecream', 'ice', 'ichabod', 'ico', 'iconium', 'Icarus', 'Iclea', 'ichthiosmia', 'ichthyodermis', 'ictaluri', 'icterohaemorrhagiae', 'icecream', 'ichatqaz', 'icekey', 'icecream', 'icekey', 'icekey', 'icecream', 'IC8n&2sGzVR{', 'icecream', 'icoming', 'icream', 'icy_cold', 'Iceman', 'icecream', 'icpadmin28', 'icpcn112200', 'icd', 'icd1', 'icd2'],
'id',['idc123!@#', 'idcji2010', 'idc0.1', 'idc0514', 'idc11', 'idcidc', 'idc123', 'idcidcok', 'idcuser', 'idc2010', 'idc0123', 'idc9aewr42', 'idc0.1', 'idc0001', 'idc800888', 'idc46121', 'idc0123.0', 'idc925111', 'idc0.01', 'idc123&123', 'idc0123', 'idc0123', 'idc123', 'id', 'idalah', 'idbash', 'iddo', 'identical', 'idiots', 'idle', 'idleness', 'idol', 'idolater', 'idolaters', 'idolatries', 'idolatrous', 'idolatry', 'idols', 'idumaea', 'idumea', 'Ida', 'Idelsonia', 'Idomeneus', 'Iduberga', 'Iduna', 'idikan', 'idosus', 'idcidc', 'idcebadu', 'idc9.com', 'idc_2008*', 'idc_2008*/', 'idc123456', 'idc_2009', 'idc0769', 'IDC3211191', 'idc_2009', 'idc2008', 'idc2007', 'idc.sx.zj.cn', 'idc2.cn', 'idcadmin', 'idc963852741', 'idc123123412345', 'idc123!@#', 'idc1234%^&*', 'idc_2007', 'idc2007', 'idc_2008', 'idc2008', 'idcidc', 'idcbeijing', 'idc123456', 'idc1234qwer', 'idc556677', 'idc888', 'idc666666', 'idc123456!@#$%^', 'idc!@#123', 'idc-cnc.com', 'idc.qd.sd.cn', 'idc.qz.fj.cn', 'idc.nmgvnet.com', 'idc.nc.jx.cn', 'idc.fj163.com', 'idc.gx.vnet.cn', 'idcsuzhou.com', 'idc.daofo.com', 'idc@521', 'IDC2008', 'IDC2007', 'idc.com', 'idcserver', 'idcadmin', 'idc1654321!@#$%^', 'idc', 'idc123445', 'idc!@#$%^', 'IDC11337', 'idcsh', 'idcshanghai', 'IDCshanghai', 'idc11337', 'idc113admin', 'idc1131', 'idc1132', 'idc1133', 'idc1134', 'idc1135', 'idc21032', 'idc1381857', 'idc2006', 'idc2005', 'idc2004', 'idc2003', 'idc2002', 'idc2001', 'idc2000', 'idc15975321', 'idc0okm9ijn', 'idc2654321!@#$%^', 'idc12191', 'idccn', 'IDC123456', 'idc2046', 'idc2008!@#', 'idc0755', 'idc0577', 'idc0579', 'idc020', 'idc010', 'idc021', 'idc023', 'idc022', 'idc0551', 'idc0591', 'idc0592', 'idc0574', 'idc0750', 'idc0759', 'idc2009', 'idc78', 'idc_2009', 'idc9.com.cn', 'idc567', 'idc123123', 'idc123', 'idc2008', 'idc123', 'idc2654321!@#$%^', 'idcsystem', 'idc2654321!@#$%^', 'idc_2008', 'idc_2009', 'idc_2007', 'idc2007', 'idc_2008', 'idc2008', 'idcidc', 'idcbeijing', 'idc123456', 'idc1234qwer', 'idc556677', 'idc888', 'idc666666', 'idc123456!@#$%^', 'idc2046', 'idcuser', 'idc2007', 'idc2008', 'idc2654321!@#$%^', 'idc@))*', 'idcserver', 'idc15623', 'idc@2008', 'idc@2009', 'idc9199', 'idcadmin', 'idc2008', 'idc2003', 'IDC2008', 'IDC2003', 'IDC2000', 'idc2000', 'idc2654321^%$#@!', 'idc^%$#@!2654321', 'idc2654321!@#$%^', 'idc123445!@#$%^', 'idc1qaz', 'idc2007', 'idc20822', 'idcwl', 'idcgs', 'idc1654321!@#$%^', 'idchangzhou', 'idcwenzhou', 'idczaq1xsw2cde3', 'idc520520', 'idc1234457', 'idc12344578', 'idc123445789', 'idc1234457890', 'idcqwertyuiop', 'idcqwaszx', 'idc123qweasdzxc', 'idc123445654321', 'idczxcvbnm,./', 'idc1qazxsw23edc', 'idc1qaz2wsx', 'idc1qazxsw2', 'idc1q2w3e4r5t', 'idcq1w2e3r4t5', 'idc1q2w3e', 'idcq1w2e3', 'idcqwerasdfzxcv', 'idc60', 'idccom', 'idc123456!@#$%^', 'idc123123', 'idc123', 'idc2046', 'idc147258369', 'idc888888', 'idcoa8088', 'idckk.com198134', 'idckk.com198171', 'idckk.com', 'idc_2008', 'idc2007@))&', 'idc2008@))*', 'idc', 'idc123445', 'idc!@#$%^', 'idc888', 'idc.com', 'idcserver', 'idcidc', 'idc00', 'idcmm123456', 'idc123456', 'idc1998', 'idc1999', 'idc2001', 'idc2002', 'idc2004', 'idc2005', 'idc2006', 'idc!@#$', 'idc15975321', 'idcasdf', 'idcjkl', 'idc1234%^&*', 'idc1231234', 'idc1qaz2wsx3edc', 'idc0okm9ijn', 'idc123.0', 'idczaq1xsw2', 'idc112233', 'idcasd', 'idcasdasd', 'idczaq12wsxcde3', 'idc123qweasd', 'idc12qwaszx', 'idc!@#$1234', 'idc!@#$qwer', 'idc1', 'idc1234qwer', 'idc556677', 'idc666666', 'idc123idc123', 'idc20082008', 'idcji.com', 'idc!!@)', 'idc8812345', 'idc78', 'idc78.com', 'idcce27com', 'idcquan', 'idc2009', 'IDC123456', 'idc2.cn', 'idc!@#123', 'idc-cnc.com', 'idc.nmgvnet.com', 'idc.nc.jx.cn', 'idc.fj163.com', 'idc.gx.vnet.cn', 'idcsuzhou.com', 'idc.daofo.com', 'idc9199', 'idcadmin', 'idc2008', 'idc2003', 'IDC2008', 'IDC2003', 'IDC2000', 'idc2000', 'idc2654321^%$#@!', 'idc^%$#@!2654321', 'idc2654321!@#$%^', 'idc123445!@#$%^', 'idc1qaz', 'idc2007', 'idc20822', 'idcwl', 'idcgs', 'idc1654321!@#$%^', 'idchangzhou', 'idcwenzhou', 'idczaq1xsw2cde3', 'idc520520', 'idc1234457', 'idc12344578', 'idc123445789', 'idc1234457890', 'idcqwertyuiop', 'idcqwaszx', 'idc123qweasdzxc', 'idc123445654321', 'idczxcvbnm,./', 'idc1qazxsw23edc', 'idc1qaz2wsx', 'idc1qazxsw2', 'idc1q2w3e4r5t', 'idcq1w2e3r4t5', 'idc1q2w3e', 'idcq1w2e3', 'idcqwerasdfzxcv', 'idc60', 'idccom', 'idc123456!@#$%^', 'idc123123', 'idc123', 'idc2046', 'idc147258369', 'idc888888', 'idcoa8088', 'idckk.com198134', 'idckk.com198171', 'idckk.com', 'idc_2008', 'idc9199', 'idcadmin', 'idc2008', 'idc2003', 'IDC2008', 'IDC2003', 'IDC2000', 'idc2000', 'idc2654321^%$#@!', 'idc^%$#@!2654321', 'idc2007@))&', 'idc2008@))*', 'idc2654321!@#$%^', 'idc123445!@#$%^', 'idc1qaz', 'idc2007', 'idc20822', 'idcwl', 'idcgs', 'idc1654321!@#$%^', 'idc', 'idc123445', 'idc!@#$%^', 'idc888', 'idc.com', 'idcserver', 'idcidc', 'idchangzhou', 'idcwenzhou', 'idczaq1xsw2cde3', 'idc1234457', 'idc12344578', 'idc123445789', 'idc1234457890', 'idcqwertyuiop', 'idcqwaszx', 'idc123qweasdzxc', 'idc123445654321', 'idczxcvbnm,./', 'idc1qazxsw23edc', 'idc1qaz2wsx', 'idc1qazxsw2', 'idc1q2w3e4r5t', 'idcq1w2e3r4t5', 'idc1q2w3e', 'idcq1w2e3', 'idcqwerasdfzxcv', 'idc00', 'idc123456!@#$%^', 'idcmm123456', 'idc123456', 'idc1998', 'idc1999', 'idc2001', 'idc2002', 'idc2004', 'idc2005', 'idc2006', 'idc!@#$', 'idc15975321', 'idc123123', 'idcasdf', 'idcjkl', 'idc1234%^&*', 'idc1231234', 'idc1qaz2wsx3edc', 'idc0okm9ijn', 'idc123.0', 'idczaq1xsw2', 'idc112233', 'idcasd', 'idcasdasd', 'idc123', 'idczaq12wsxcde3', 'idc123qweasd', 'idc12qwaszx', 'idc!@#$1234', 'idc!@#$qwer', 'idc1', 'idc2046', 'idc147258369', 'idc1234qwer', 'idc556677', 'idc666666', 'idc123idc123', 'idc20082008', 'idc888888', 'idc', 'idc2008', 'idc2000', 'idc2003', 'idc2009', 'idc2008', 'idc2000', 'idc2003', 'idc2046', 'idc#163ns.com', 'idc#163ns', 'idc0769', 'idc!@#$%', 'idc!@#$%^', 'idc123456', 'idc123654', 'idc159357456', 'idc2.com.cn', 'idc20007', 'idc20008', 'idc20009', 'idc2007', 'idc2009', 'idc20092009', 'idc567', 'idc567.com', 'idc@20009', 'idc@2009', 'idc_20008', 'idc_20009', 'idc_2008', 'idc_2009', 'idc_wldjf', 'idcbeta', 'idcidc20009', 'idcidc2009', 'idcidc800', 'idcseo2007', 'idcseo2008', 'idcseo2009', 'idcuser', 'idontknow', 'idclingzhong', 'idccc.net', 'idccc.com', 'idccc123', 'idcuser', 'idcuser123', 'idcuser123.0', 'idcuser123456', 'idclz123', 'idc0759idc', 'IDC888', 'IDC999', 'idc888', 'idc999', 'idc88888', 'idc99999', 'idc8888', 'idc9999', 'idc.exe', 'idc2654321!@#$%^', 'idc1q2w3e', 'idc2009idc', 'idcji.com', 'idc!!@)', 'idc2007@))&', 'idc2008@))*', 'idc2654321!@#$%^', 'idc123456', 'idc!@#$', 'idc15975321', 'idc123123', 'idcasdf', 'idcjkl', 'idc!@#$%^', 'idc1234%^&*', 'idc1231234', 'idc123456!@#$%^', 'idcidc', 'idc1qaz2wsx', 'idc1qaz2wsx3edc', 'idc0okm9ijn', 'idc123.0', 'idczaq1xsw2', 'idc112233', 'idcasd', 'idcasdasd', 'idc123', 'idczaq12wsxcde3', 'idc123qweasd', 'idc12qwaszx', 'idc!@#$1234', 'idc!@#$qwer', 'idc1', 'idc2008', 'idc2000', 'idc2003', 'idc2046', 'idc147258369', 'idc1234qwer', 'idc556677', 'idc888', 'idc666666', 'idc123idc123', 'idc20082008', 'idc2003', 'IDC2008', 'IDC2003', 'idcadmin', 'idc888888', 'idt58myd', 'idt6548', 'idiot', 'idcuser', 'idc2011!@#', 'idc2011', 'idc123!@#', 'idcji2010', 'idcidc', 'idc', 'idcth', 'idc123', 'idcidcok', 'idc@))*dg', 'idchuwei', 'idczaq12wsxcde3', 'idcidcidc', 'idc123456', 'idcchangxiang2010', 'idc_wldjf', 'idc_2009', 'idc_2010', 'idc_idc', 'idc_admin', 'idcchangxiang', 'IDCadmin', 'idcincn.com', 'idcincn', 'idcity.com.cn', 'idc123idc', 'idc888888', 'idcquan.com', 'idc.admin5.com', 'idc123.com', 'idc.net.cn', 'idc.nc.jx.cn', 'idcfamily.com', 'idcfamily', 'idc2.net.cn', 'idc5.com', 'idc.yinsha.com', 'idcbest.com', 'idcps.com', 'idc.yinsha', 'idc1.com.cn', 'idc2.com', 'idcbeta', 'idc2!@#/.,', 'idc#163ns.com', 'idc#163ns', 'idc_2oo9', 'idc0769', 'idctest2010', 'idctest123', 'idctest!@#', 'idctest!@#$%^', 'idc!@#$%', 'idc!@#$%^', 'idc123654', 'idc159357456', 'idc2.com.cn', 'idc20007', 'idc20008', 'idc20009', 'idc2007', 'idc2009', 'idc20092009', 'idc567', 'idc567.com', 'idc@20009', 'idc@2009', 'idc_20008', 'idc_20009', 'idc_2008', 'idcidc20009', 'idcidc2009', 'idcidc800', 'idcseo2007', 'idcseo2008', 'idcseo2009', 'idontknow', 'idc1000000', 'idc10000000', 'idc2010', 'idc159357', 'idc159357789', 'idctest', 'idcpower', 'idc9.com.cn', 'idcsinwe', 'idcshipin', 'idcedong.com', 'idc197891', 'idc!@#^%$', 'idclanmang', 'idcjt.com', 'idczhenjiang', 'idc2010idc', 'idc@2010', 'idc2!@#,./', 'idc2010@admin', 'idc@admin', 'idctest@2010', 'idcadmin', 'idc2011idc', 'idcidc', 'idc9aewr42', 'idc0.1', 'idc0001', 'idc800888', 'idc46121', 'idc0123.0', 'idc925111', 'idc0.01', 'idc123&123', 'idc0123', 'idc0123', 'idc123', 'idc2010', 'idc0514', 'idc0.1', 'idc0514', 'idc11', 'idcidc', 'idc123', 'idcidcok', 'idcuser', 'idc2010', 'idc0123', 'idc9aewr42', 'idc0.1', 'idc0001', 'idc800888', 'idc46121', 'idc0123.0', 'idc925111', 'idc0.01', 'idc123&123', 'idc0123', 'idc0123', 'idc123', 'idcadmin', 'idc2008', 'idc2003', 'IDC2008', 'IDC2003', 'IDC2000', 'idc2000', 'id', 'idcadm', 'ident'],
'ie',['iefidri', 'ieio', 'iexiaoming'],
'if',['iforget', 'iforgot', 'if', 'ifocusc8a4bc8f20', 'ifidc@com', 'ifidc520', 'ifidc@info7799', 'ifidc^&*', 'ifidc521', 'ifidc@520', 'ifidc@123', 'ifidc@com', 'if'],
'ig',['igal', 'igdaliah', 'igeal', 'ignominy', 'ignorance', 'ignorant', 'ignorantly', 'Iguassu', 'igardeniae', 'ignava', 'igneus', 'ignobilis', 'ignorabilis', 'iget14password', 'Iguana'],
'ih',['ihateyou', 'ihtfp', 'ihawkcoadministrator', 'ihavenopass', 'ihavenopass', 'ihavenopass'],
'ii',['iim', 'Iisalmi', 'ii', 'iib', 'iie', 'iif', 'iih', 'iii', 'iis_99yu_1', 'iis_99yu_1', 'iii123', 'iis3xchank4lt', 'iis3xchank4yy2', 'iim', 'iim1'],
'ij',['ijeabarim', 'ijon'],
'ik',['ikkesh', 'Iku-Turso', 'ikayi', 'ikeja', 'ikeda'],
'il',['iloveyou', 'ilai', 'ill', 'illuminated', 'illustrate', 'illyricum', 'Ilfpetrov', 'Ilinsky', 'Iliya', 'Illyria', 'Ilmari', 'Ilmatar', 'Ilona', 'Ilse', 'Ilsebill', 'Ilsewa', 'ilala', 'ileal', 'ilicis', 'illini', 'illinois', 'ilugun', 'ilyobacter', 'iloveyou', 'ilovermb', 'iloveyou', 'ilovetwq1314', 'iloveyou', 'ILOVEYOU', 'IL0VEYOU', 'iloveyou', 'iloveyou', 'iloveyou', 'iloveyou', 'iloveyou', 'ilovegaoyan2009', 'iloveyou', 'iloveyou', 'iloveshell', 'ilove51marry', 'ilovecindy', 'ilovelandy', 'iloveme', 'ilovesunny', 'iloveu', 'iloveyou', 'ilwymilwym', 'ilentwalle', 'iloveyou', 'ilham', 'ilham1'],
'im',['imok', 'imokay', 'image', 'imagery', 'images', 'imagination', 'imaginations', 'imagine', 'imagined', 'imagineth', 'imla', 'imlah', 'immanuel', 'immediately', 'immer', 'immortal', 'immortality', 'immutability', 'immutable', 'imna', 'imnah', 'impart', 'imparted', 'impediment', 'impenitent', 'imperfections', 'imperious', 'implacable', 'implead', 'implication', 'important', 'importunity', 'impose', 'imposed', 'impossible', 'impotent', 'impoverish', 'impoverished', 'imprisoned', 'imprisonment', 'imprisonments', 'impudent', 'impute', 'imputed', 'imputeth', 'imputing', 'imrah', 'imri', 'Imatra', 'Imhilde', 'Imhotep', 'Impala', 'Imperatrix', 'Imprinetta', 'imitans', 'immariophilium', 'immariophilum', 'immobile', 'immobilis', 'imo', 'imomarinus', 'imperiale', 'imschenetskii', 'ImmT0*0*', 'image', 'imagine', 'impala', 'images', 'imam', 'imapuser', 'imsi'],
'in',['ingres', 'intercourse', 'interleaf', 'internet', 'invinoveritas', 'invisible', 'inxs', 'in', 'inability', 'inappropriate', 'inasmuch', 'incense', 'incensed', 'incident', 'incidents', 'incline', 'inclined', 'inclineth', 'inclose', 'inclosed', 'inclosings', 'including', 'incompatible', 'inconsistencies', 'inconsistency', 'inconsistent', 'incontinency', 'incontinent', 'incorruptible', 'incorruption', 'increase', 'increased', 'increasest', 'increaseth', 'increasing', 'incredible', 'incurable', 'indebted', 'indeed', 'india', 'indication', 'indignation', 'inditing', 'individual', 'industrious', 'inexcusable', 'infallible', 'infamous', 'infamy', 'infant', 'infants', 'inferior', 'infidel', 'infinite', 'infirmities', 'infirmity', 'inflame', 'inflammation', 'inflicted', 'influences', 'infolding', 'inform', 'informed', 'ingathering', 'inhabit', 'inhabitant', 'inhabitants', 'inhabited', 'inhabiters', 'inhabitest', 'inhabiteth', 'inhabiting', 'inherit', 'inheritance', 'inheritances', 'inherited', 'inheriteth', 'inheritor', 'iniquities', 'iniquity', 'injured', 'injurious', 'injustice', 'ink', 'inkhorn', 'inn', 'inner', 'innermost', 'innocency', 'innocent', 'innocents', 'innumerable', 'inordinate', 'inquisition', 'inscription', 'inscriptions', 'inside', 'insomuch', 'inspiration', 'instance', 'instant', 'instantly', 'instead', 'instruct', 'instructed', 'instructer', 'instructers', 'instructing', 'instruction', 'instructor', 'instrument', 'instruments', 'insufficient', 'insurrection', 'integrity', 'intelligence', 'intend', 'intended', 'intendest', 'intending', 'intent', 'intentionally', 'intents', 'intercession', 'intercessions', 'intercessor', 'interesting', 'intermeddle', 'intermeddleth', 'intermission', 'internet', 'interpolation', 'interpret', 'interpretation', 'interpretations', 'interpreted', 'interpreter', 'interpreting', 'interrogating', 'interrogation', 'into', 'intreat', 'intreated', 'intreaties', 'intreaty', 'intruding', 'invade', 'invaded', 'invasion', 'invent', 'invented', 'inventions', 'inventors', 'invisible', 'invited', 'involve', 'inward', 'inwardly', 'inwards', 'INAG', 'Inanda', 'Inari', 'Incidentia', 'Indiana', 'Industria', 'Inge', 'Ingeborg', 'Ingrid', 'Ingwelde', 'Inkeri', 'Inna', 'Innes', 'Ino', 'Interamnia', 'Interkosmos', 'inaba', 'inadai', 'inaequalis', 'incanae', 'incanescens', 'incanus', 'incarnatum', 'incarnatus', 'incertum', 'inchpark', 'inclusion', 'inconstans', 'india', 'indiaensis', 'indiana', 'indianense', 'indianensis', 'indiansis', 'indica', 'indicium', 'indicum', 'indicus', 'indiense', 'indigens', 'indigocolor', 'indigofera', 'indigoferus', 'indlca', 'indolicum', 'indolicus', 'indolis', 'indologenes', 'indoloxidans', 'indoltheticum', 'indotheticum', 'industrius', 'iners', 'infantis', 'infelix', 'infernus', 'infimus', 'influenzae', 'influenzaemurium', 'infrequens', 'inganda', 'inglis', 'ingrica', 'iniae', 'innocens', 'innocua', 'innocuum', 'inopinatus', 'inositola', 'inpraw', 'insectiphilium', 'insidiosa', 'insidiosum', 'insidiosus', 'insignis', 'insolita', 'insolitum', 'insolitus', 'insueta', 'integrum', 'interforma', 'interjectum', 'interme', 'intermedia', 'intermedium', 'intermedius', 'internatus', 'interogans', 'interro', 'interrogans', 'intestinalis', 'intracellulare', 'intracellularis', 'intrasporangium', 'intrecellulare', 'inulinus', 'inusiatus', 'inusitatus', 'inverness', 'inyoensis', 'indexhtm', 'intel', 'intel', 'inter', 'info87093639!#%', 'index', 'IntelInside502508', 'intergx', 'install', 'info87093639', 'internal', 'intel', 'IntelInside502508', 'intop.cn', 'intop', 'intopidc', 'Internet', 'invert', 'INTERGX', 'intergx', 'index', 'invisible', 'intel', 'install', 'intop.cn', 'intop', 'intopidc', 'Internet', 'invert', 'intop.cn', 'intop', 'intopidc', 'INTERGX', 'intergx', 'Internet', 'index', 'invisible', 'intel', 'Internet', 'intel', 'infinny', 'inmidas', 'input', 'interesting', 'Intel', 'Internet', 'indian', 'indiana', 'indigo', 'info', 'informix', 'insane', 'inside', 'intern', 'Internet', 'ina', 'indireja', 'indri', 'info', 'informix', 'infra', 'ingres', 'inosentius', 'inst01', 'install', 'internet', 'intranet'],
'io',['Io', 'Ioannisiani', 'Iolanda', 'iodinium', 'iodinum', 'iodobacter', 'iodoformicus', 'ionidii', 'iophagus', 'iowae', 'iosofoosf', 'iolhcw19891209', 'ionia', 'Ionut'],
'ip',['iphedeiah', 'Iphigenia', 'ipeko', 'ipomoeae', 'ipswich', 'ipx.com.cn\x7f\x7f\x7f\x7f', 'ipcipc', 'ip(Ye8J[1', 'ip345.com123', 'ipx.com.cn\x7f\x7f\x7f\x7f', 'ipx.com.cn', 'ip345.com', 'ip345.com123', 'ip345.com', 'ip345.com123', 'ip345.com!@#', 'ip345.com2010', 'ip345.com000', 'ip345.com123321', 'ip345.com123456', 'ip345.comidc', 'ip345.com456', 'ip345.com789', 'ip', 'iparyudi', 'ipin', 'iptv'],
'iq',['iqiq', 'iqiq', 'iqiq', 'iqiq', 'iqiq', 'iqbal'],
'ir',['ir', 'ira', 'irad', 'iram', 'iri', 'irijah', 'irnahash', 'iron', 'irons', 'irpeel', 'irrefutable', 'irshemesh', 'iru', 'Irakli', 'Irenaea', 'Irene', 'Iris', 'Irkutsk', 'Irma', 'Irmela', 'Irmgard', 'Irmintraud', 'Irpedina', 'irakense', 'irakiense', 'iran', 'iranicum', 'iranicus', 'irchel', 'irenea', 'irigny', 'irregularis', 'irumu', 'Ironman', 'ireland', 'irene', 'irish', 'irc', 'ircop', 'irfan', 'irfan1', 'iris'],
'is',['isajoke', 'isreal', 'is', 'isaac', 'isaiah', 'iscah', 'iscariot', 'ishbah', 'ishbak', 'ishbibenob', 'ishbosheth', 'ishi', 'ishiah', 'ishijah', 'ishma', 'ishmael', 'ishmaelite', 'ishmaelites', 'ishmaiah', 'ishmeelite', 'ishmeelites', 'ishmerai', 'ishod', 'ishpan', 'ishtob', 'ishuah', 'ishuai', 'ishui', 'island', 'islands', 'isle', 'isles', 'ismachiah', 'ismaiah', 'isn', 'ispah', 'israel', 'israelite', 'israelites', 'israelitish', 'issachar', 'isshiah', 'issue', 'issued', 'issues', 'isuah', 'isui', 'Isa', 'Isabella', 'Isara', 'Isberga', 'Isergina', 'Isis', 'Isko', 'Ismene', 'Iso-Heikkila', 'Isolda', 'Isora', 'Istria', 'isangi', 'isaszeg', 'ishigakiensis', 'ishikariense', 'islandicum', 'islington', 'isolate', 'isopropylicum', 'isovalerica', 'israel', 'israelensis', 'israelii', 'istrica', 'isuge', 'isoid0132', 'isoidc.com)@!', 'is@1433773771', 'isoidc.com)@!', 'issak', 'Isabelle', 'isaac', 'isis', 'island', 'isoidc', 'isoidc2010', 'isoidc2011', 'isoidc.com', 'is', 'ishimaru', 'ispconfig'],
'it',[""it'sajoke"", ""it'sok"", ""it'sokay"", 'itsajoke', 'itsok', 'itsokay', 'itsy-bitsy', 'itsybitsy', 'itty-bitty', 'ittybitty', 'it', 'italian', 'italy', 'itch', 'itching', 'items', 'ithai', 'ithamar', 'ithiel', 'ithmah', 'ithnan', 'ithra', 'ithran', 'ithream', 'ithrite', 'ithrites', 'its', 'itself', 'ittahkazin', 'ittai', 'ituraea', 'ITA', 'Italia', 'Itha', 'Ithaka', 'Itzigsohn', 'italiana', 'italica', 'italicus', 'itami', 'itamiceticus', 'itersonii', 'ituri', 'itutaba', 'it.com.cn', 'it123445', 'it.com', 'it123456', 'it.com.cn', 'it2008', 'it123445', 'it.com', 'it123456', 'it123445', 'it.com', 'it123456', 'itisme', 'italia', 'italy', 'j', 'it.com.cn', 'itww.com', 'it', 'itadmin', 'itctg', 'its', 'itv-admin'],
'iu',['IUSR_COMPUTER', 'IUSR_COMPUTER', 'IUYT%^&O'],
'iv',['ivah', 'ivory', 'Iva', 'Ivar', 'iv', 'ivanovii', 'ivc', 'ivu520', 'ivy0802'],
'iw',['iwojima', 'IWAM_COMPUTER', 'IWAM_COMPUTER', 'iwtgal', 'iwan', 'iwansonjaya'],
'ix',['ix'],
'iy',['iyibly'],
'iz',['izehar', 'izeharites', 'izhar', 'izharites', 'izrahiah', 'izrahite', 'izri', 'Izsak', 'izumensis', 'j'],
'ja',['jackolantern', 'jagger', 'jaakan', 'jaakobah', 'jaala', 'jaalah', 'jaalam', 'jaanai', 'jaareoregim', 'jaasau', 'jaasiel', 'jaazaniah', 'jaazer', 'jaaziah', 'jaaziel', 'jabal', 'jabbok', 'jabesh', 'jabeshgilead', 'jabez', 'jabin', 'jabneel', 'jabneh', 'jachan', 'jachin', 'jachinites', 'jacinth', 'jacob', 'jada', 'jadau', 'jaddua', 'jadon', 'jael', 'jagur', 'jah', 'jahath', 'jahaz', 'jahaza', 'jahazah', 'jahaziah', 'jahaziel', 'jahdai', 'jahdiel', 'jahdo', 'jahleel', 'jahleelites', 'jahmai', 'jahzah', 'jahzeel', 'jahzeelites', 'jahzerah', 'jahziel', 'jailor', 'jair', 'jairite', 'jairus', 'jakan', 'jakeh', 'jakim', 'jalon', 'jambres', 'james', 'jamin', 'jaminites', 'jamlech', 'jangling', 'janna', 'jannes', 'janoah', 'janohah', 'janum', 'japheth', 'japhia', 'japhlet', 'japhleti', 'japho', 'jarah', 'jareb', 'jared', 'jaresiah', 'jarha', 'jarib', 'jarmuth', 'jaroah', 'jarvis', 'jashen', 'jasher', 'jashobeam', 'jashub', 'jashubilehem', 'jashubites', 'jasiel', 'jason', 'jasper', 'jathniel', 'jattir', 'javan', 'javelin', 'jaw', 'jawbone', 'jaws', 'jazer', 'jaziz', 'Jablunka', 'Jacchia', 'JackLondon', 'JackLondon', 'Jack_London', 'Jackson', 'Jacqueline', 'Jakoba', 'James', 'JamesBradley', 'JamesBradley', 'James_Bradley', 'Janacek', 'Janequeo', 'Janice', 'Janina', 'Jansky', 'Jarmila', 'Jarnefelt', 'Jaroslawa', 'Jarvis', 'jacksonville', 'jaffna', 'jaja', 'jalisco', 'jalna', 'jamaica', 'jamaicensis', 'jamestowniensis', 'jandaei', 'jangwani', 'janitobacterium', 'jannaschiana', 'jannaschii', 'janthinobacterium', 'janthinus', 'japonica', 'japonicum', 'japonicus', 'jasminii', 'java', 'javanica', 'javiana', 'jackjack', 'jack123456', 'jal35#jlr4ipfdafd13', 'january', 'jack', 'jackz', 'jackz', 'jackz', 'jamnikepeng', 'jack', 'jackey77', 'jackie', 'jackietian', 'jackson', 'jacky.xu', 'jackysong', 'jaddy', 'jaguar', 'james', 'jamesc', 'jamjim', 'jana', 'janlly', 'jasmine', 'jason', 'jasonlee', 'jacks', 'javey216387k', 'jay', 'jaylau', 'jack58', 'Jaeger', 'January', 'Jasper', 'jacob', 'jake', 'jamaica', 'james1', 'jan', 'jane', 'janice', 'japan', 'jared', 'jasmin', 'jason1', 'jazz', 'jackeyy', 'jack', 'jahir', 'jake', 'jamal', 'jamaludin', 'jamil', 'jamshed', 'janak', 'jani', 'janos', 'jasmin', 'jason', 'java', 'javaprg', 'javed', 'jawad'],
'jb',['jba', 'jbb', 'jbc', 'jbd', 'jbe', 'jbf', 'jbg', 'jbh', 'jbi', 'jbj', 'jbk', 'jbl', 'jbm', 'jbn', 'jbo', 'jboss', 'jbp', 'jbq', 'jbr', 'jbs', 'jbt', 'jbu', 'jbv', 'jbw', 'jbx', 'jby', 'jbz'],
'jc',['jc', 'jcksyes', 'jc1234567cc'],
'jd',['jdsaj', 'jdsaj', 'jd8idc.com', 'jd8idc'],
'je',['jeepcj', 'jeepcj7', 'jello', 'jellystone', 'jester', 'jesus', 'jesuschrist', 'je', 'jealous', 'jealousies', 'jealousy', 'jearim', 'jeaterai', 'jeberechiah', 'jebus', 'jebusi', 'jebusite', 'jebusites', 'jecamiah', 'jecholiah', 'jechonias', 'jecoliah', 'jeconiah', 'jedaiah', 'jediael', 'jedidah', 'jedidiah', 'jeduthun', 'jeezer', 'jeezerites', 'jegarsahadutha', 'jehaleleel', 'jehalelel', 'jehdeiah', 'jehezekel', 'jehiah', 'jehiel', 'jehieli', 'jehizkiah', 'jehoadah', 'jehoaddan', 'jehoahaz', 'jehoash', 'jehohanan', 'jehoiachin', 'jehoiada', 'jehoiakim', 'jehoiarib', 'jehonadab', 'jehonathan', 'jehoram', 'jehoshabeath', 'jehoshaphat', 'jehosheba', 'jehoshua', 'jehoshuah', 'jehovah', 'jehovahjireh', 'jehovahnissi', 'jehovahshalom', 'jehozabad', 'jehozadak', 'jehu', 'jehubbah', 'jehucal', 'jehud', 'jehudi', 'jehudijah', 'jehush', 'jeiel', 'jekabzeel', 'jekameam', 'jekamiah', 'jekuthiel', 'jemima', 'jemuel', 'jeoparded', 'jeopardy', 'jephthae', 'jephthah', 'jephunneh', 'jerah', 'jerahmeel', 'jerahmeelites', 'jered', 'jeremai', 'jeremiah', 'jeremias', 'jeremoth', 'jeremy', 'jeriah', 'jeribai', 'jericho', 'jeriel', 'jerijah', 'jerimoth', 'jerioth', 'jeroboam', 'jeroham', 'jerubbaal', 'jerubbesheth', 'jeruel', 'jerusalem', 'jerusha', 'jerushah', 'jesaiah', 'jeshaiah', 'jeshanah', 'jesharelah', 'jeshebeab', 'jesher', 'jeshimon', 'jeshishai', 'jeshohaiah', 'jeshua', 'jeshuah', 'jeshurun', 'jesiah', 'jesimiel', 'jesse', 'jesting', 'jesui', 'jesuites', 'jesurun', 'jesus', 'jether', 'jetheth', 'jethlah', 'jethro', 'jetur', 'jeuel', 'jeush', 'jeuz', 'jew', 'jewel', 'jewels', 'jewess', 'jewish', 'jewry', 'jews', 'jezaniah', 'jezebel', 'jezer', 'jezerites', 'jeziah', 'jeziel', 'jezliah', 'jezoar', 'jezrahiah', 'jezreel', 'jezreelite', 'jezreelitess', 'Jean-Jacques', 'Jeanne', 'Jeans', 'Jeffbell', 'Jeffers', 'Jekhovsky', 'Jena', 'Jenny', 'Jens', 'Jensch', 'Jerome', 'Jessonda', 'Jetta', 'jedburgh', 'jeikeium', 'jejuni', 'jena', 'jenense', 'jensenia', 'jensenii', 'jericho', 'jerusalem', 'jessica', 'jerry.98033', 'jesson1984', 'jeff@weiphone', 'jessica', 'jerry.98033', 'jeffhus', 'jennifer', 'jenny', 'jeshic', 'jessie', 'jer.', 'Jeanne', 'Jeffrey', 'Jeremy', 'Jessica', 'Jester', 'jean', 'jeanette', 'jeff', 'jenifer', 'jenni', 'jenny1', 'jensen', 'jerry', 'jesus', 'jesus1', 'jewels', 'jefree', 'jeil', 'jenkins', 'jessie', 'jetair', 'Jewel'],
'jf',['jfc1984jy', 'jfjf123', 'JFHUIFE45886145ASD', 'JFHUIFE45886145ASD', 'jfyj', 'jfhack', 'jf.wang'],
'jg',['JGSYTFWYT@!321D4E', 'jgpenlau', 'jg.wang', 'jg.zhang', 'jg.li', 'jg.liu'],
'jh',['jhu', 'jhuapl', 'jhdx123456', 'jh12345', 'jh123456', 'jhidc', 'jh2654321!@#$%^', 'jh123445', 'jhtg#aodun!', 'jh12345', 'jh123456', 'jhidc', 'JH123445', 'jh654321', 'jhidc', 'jh2654321!@#$%^', 'jh123445', 'jh123456', 'JH123456', 'jh12345', 'jhwl111', 'JH123445', 'jh654321', 'jhidc', 'jh2654321!@#$%^', 'jh123445', 'jh123456', 'JH123445', 'jh654321', 'jhidc', 'jh2654321!@#$%^', 'jh123445', 'JH123456', 'jh123456', 'jh12345', 'JHdj123', 'jhdx123456', 'JHdjw!@#', 'jhwl111', 'jh12345', 'jh123456', 'jhdx123456', 'jh65371688', 'jhjh', 'jhllzf', 'jhackj', 'jhdx!@#$%^', 'jhhduylo', 'jhdx123456', 'jhdx^%$#@!', 'JHdj123', 'JHdjw!@#', 'jh.wang', 'jh.li', 'jh.zhang', 'jh.liu', 'jh.chen', 'jh'],
'ji',['jibsam', 'jidlaph', 'jim', 'jimna', 'jimnah', 'jimnites', 'jiphtah', 'jiphthahel', 'jireh', 'Jiangxi', 'Jihlava', 'Jilin', 'JimYoung', 'Jimarnold', 'JimYoung', 'Jim_Young', 'jianii', 'jinggangensis', 'jingyangensis', 'jiwanting1989', 'jimmy', 'jisu123456', 'jianshejia', 'jiayuan', 'jianghu', 'jiujiangidc', 'jiba', 'jiji123456', 'jiujiang', 'jiatengyuzi', 'jiangbin@www.jx163.com', 'jingjucai', 'jiangsi', 'jiangsu', 'jiujiangabc', 'jiang', 'jiuwang', 'jiaozhu', 'jiang67', 'jiajia138', 'jikuoluo', 'jiajia281', 'jiuwang2008', 'jiqingwangluo', 'jifang&*(', 'jifang2008', 'jinhua810110', 'jisu123', 'jiaojiao05081121!@#$', 'jinan', 'jiaofu', 'jiaotang', 'jiaoyi', 'jiaoyiliang', 'jianghu', 'jiujiangidc', 'jiba', 'jiji123456', 'jiujiang', 'jiang', 'jiuwang', 'jianzhu123', 'jiaozhu', 'jianfei$', 'jinhua', 'jiaxiap', 'jialijun', 'jiahailong', 'jiumeng.net', 'jingxyisp', 'jiusui', 'jiandan123', 'jimmy', 'jifang&*(', 'jifang123', 'jifang', 'jindun', 'jiuwang', 'jianzhu123', 'jiaozhu', 'jianfei$', 'jinhua', 'jiuwang', 'jiaxiap', 'jialijun', 'jiahailong', 'jianzhu123', 'jiumeng.net', 'jiaozhu', 'jianfei$', 'jinhua', 'jiuwang', 'jiuwang', 'jiujiangxuniji40', '1', 'jiaozhu', 'jiujiang', 'jiujiang88133', 'jinyan987', 'jiangyl', 'jieshule!@#', 'jingdianbuhui', 'jijiyingl!@#', 'jingxyisp', 'jijiyingl!@#', 'Jia77Meng47', 'jintaibian392766', 'jinyu005', 'jinyuqwer', 'jinyu0015', 'jiuwang', 'jiaozhu', 'jiaozhu', 'jiaozu', 'jing', 'jinjin', 'jia_tim', 'jiajia', 'jian8888', 'jiandan', 'jiang', 'jiangma', 'jiangshq', 'jidan', 'jiejie', 'jiji', 'jingjing', 'jinglv2179226', 'jinhan', 'jinking', 'jinpeiqin', 'jinwei58', 'jimo', 'jia7515798', 'z', 'jianhui', 'jimahao', 'Jimbo', 'Jimbob', 'jim', 'jiangsu025', 'jiangsu0923', 'jiangsushuju', 'jiawei678', 'jiujiangxuniji40', 'jiaozhu', 'jiujiang', 'jiujiang88133', 'jinyan987', 'jiangyl', 'jiajia3158', 'jingtu7974', 'jingyingyule888!@#$%^&*', 'jing.li', 'jing.wang', 'jing.zhang', 'jie.li', 'jie.zhang', 'jie.liu', 'jie.wang', 'jing.chen', 'jing.liu', 'jie.chen', 'jian.zhang', 'jing.yang', 'jian.wang', 'jie.yang', 'jing.wang', 'jia.liu', 'jianhua.wang', 'jianhua.li', 'jianhua.zhang', 'jian.li', 'jing.zhao', 'jian.zhang', 'jian.wang', 'jie.zhang', 'jianguo.wang', 'jianjun.wang', 'jia.li', 'jianguo.zhang', 'jianjun.li', 'jianguo.li', 'jianjun.zhang', 'jing.li', 'jianhua.liu', 'jing.zhang', 'jie.li', 'jie.chen', 'jian.li', 'jinfeng.wang', 'jie.zhou', 'jianhua.chen', 'jianjun.liu', 'jianping.wang', 'jing.zhou', 'jing.xu', 'jianguo.liu', 'jiaozhu', 'jinseok', 'jira'],
'jj',['jjidc.com', 'jj123456', 'jj@123456', 'jj1231234', 'jjjjjj', 'jjwlkj008', 'jjqb6728', 'jjwlkj', 'jjwlkj', 'jjwlkj', 'jjj123', 'jjam', 'jjj77', 'jjjjjjjj', 'jjbase', 'jjx,,jjx', 'jjwwcao', 'jjidc', 'jjidc.com', 'jjidc.com2010', 'jjidc2010', 'jj.wang', 'jj.li', 'jj.zhang', 'jj.liu', 'jjs'],
'jk',['jkl;', 'jk', 'jkidc', 'jkidc2008', 'jkidc123456', 'jkidc!@#$%^', 'jkidc!^#', 'jkidc@^#', 'jksdufsesse', 'jkla', 'jklliu', 'jkwen', 'jks', 'jkm', 'jkidc2010jkidc2011', 'jksdufsesse', 'jkwangbenwei', 'jktcmga', 'jktrz'],
'jl',['jll751112', 'jlwjlw', 'jlxu', 'jlsidc'],
'jm',['jm1008jm32200331', 'jmsidc', 'jmsidc.com', 'jmsidc', 'jmsidc.com', 'jmpark'],
'jn',['jnidc.com.cn', 'jnidc.com.cn'],
'jo',['johnlennon', 'joab', 'joah', 'joahaz', 'joanna', 'joash', 'joatham', 'job', 'jobab', 'jochebed', 'joe', 'joed', 'joel', 'joelah', 'joezer', 'jogbehah', 'jogli', 'joha', 'johanan', 'john', 'johns', 'joiada', 'joiakim', 'joiarib', 'join', 'joined', 'joining', 'joinings', 'joint', 'joints', 'jokdeam', 'jokim', 'jokmeam', 'jokneam', 'jokshan', 'joktan', 'joktheel', 'jona', 'jonadab', 'jonah', 'jonan', 'jonas', 'jonathan', 'joppa', 'jorah', 'jorai', 'joram', 'jordan', 'jorim', 'jorkoam', 'josabad', 'josaphat', 'jose', 'josedech', 'joseph', 'joses', 'joshah', 'joshaphat', 'joshaviah', 'joshbekashah', 'joshua', 'josiah', 'josias', 'josibiah', 'josiphiah', 'jot', 'jotbah', 'jotbath', 'jotbathah', 'jotham', 'journey', 'journeyed', 'journeying', 'journeyings', 'journeys', 'joy', 'joyed', 'joyful', 'joyfully', 'joyfulness', 'joying', 'joyous', 'jozabad', 'jozachar', 'jozadak', 'Jo-Ann', 'Joella', 'Joensuu', 'Johanna', 'Johnadams', 'Jokaste', 'Jole', 'JonathanMurray', 'JonathanMurray', 'Jonathan_Murray', 'Jones', 'Jose', 'Josefa', 'Josephina', 'Jovita', 'joal', 'jodhpur', 'joenkoeping', 'johannesburg', 'johnei', 'johnsonae', 'johnsonella', 'johnsonii', 'jonesia', 'jonesii', 'jonsis', 'jordanis', 'jos', 'josamyceticus', 'josui', 'joyidc0980', 'joyidc0980', 'jordan', 'jordan', 'joyidc0980', 'joyidc', 'joyidc123', 'joyidc2008', 'jouidc0980', 'joyidc0980', 'joyidc', 'joyidc2008', 'joyidc', 'joyidc', 'joyidc', 'joyidc', 'joyidc0980', 'joyidc', 'joan225', 'joe61376', 'joeyjoey', 'john', 'johnlauis', 'johnny', 'johnyier', 'joice', 'jordan', 'joseph', 'joy/1029', 'joysft2000', 'joyuce', 'joyuce15', 'joho369369', 'Johnson', 'Joker', 'Joshua', 'joanna', 'joe', 'joel', 'joey', 'john316', 'jojo', 'jonathan', 'jordan23', 'josh', 'josie', 'joyidc0980', 'joyidc', 'job', 'jobaed', 'johannes', 'john', 'johnftup', 'jono', 'joomla'],
'jp',['jp.wang'],
'jq',['JQ123456', 'jq123$%^', 'jqw6690171', 'jqw6690171', 'jqypqh', 'jqczjweb', 'jqczjwebserver'],
'jr',['jrjrntu', 'jrsd.org', 'jrsd.org', 'jrkyzy', 'jrzhang', 'jrzhang1'],
'js',['jspower123.0', 'jspower.com', 'jschina', 'jschina.com.cn', 'jscn', 'js123456', 'JSwtolanho-', 'jsycweb@.', 'js123456', 'jsl821111', 'jshost', 'jshost', 'jshost', 'Js1Fa8H4u2t50en3G93', 'jspadmin', 'js4628', 'jsk520', 'JSBach', 'jsxysh107r', 'jsxkjs)*!^', 'jspower123.0', 'jspower123.0', 'jspower123.0', 'jspower.com', 'jsa', 'jsb', 'jsc', 'jsd', 'jse', 'jsf', 'jsg', 'jsh', 'jsi', 'jsj', 'jsk', 'jsl', 'jsm', 'jsn', 'jso', 'jsp', 'jsq', 'jsr', 'jss', 'jst', 'jsu', 'jsv', 'jsw', 'jsx', 'jsy', 'jsz'],
'jt',['jtserver1981@223', 'jt789', 'jt789', 'jtk2352', 'jtm_up'],
'ju',['jumpinalake', 'jumpinalake', 'justforthe', 'jubal', 'jubile', 'jucal', 'juda', 'judaea', 'judah', 'judas', 'jude', 'judea', 'judge', 'judged', 'judges', 'judgest', 'judgeth', 'judging', 'judgment', 'judgments', 'judith', 'juice', 'julia', 'julius', 'jumping', 'junia', 'juniper', 'jupiter', 'jurisdiction', 'jushabhesed', 'just', 'justice', 'justification', 'justified', 'justifier', 'justifieth', 'justify', 'justifying', 'justle', 'justly', 'justus', 'juttah', 'Jubilatrix', 'Jucunda', 'Judith', 'Juewa', 'Jugta', 'Jugurtha', 'Juhani', 'Julia', 'JulianLoewe', 'Juliana', 'JulianLoewe', 'Julian_Loewe', 'Julietta', 'Junepatterson', 'Juno', 'Jurgen', 'Justitia', 'Justus', 'Jutta', 'Juvisia', 'juan', 'juba', 'jubilee', 'juglandis', 'jugurti', 'jujuy', 'jukestown', 'jules', 'julia', 'jumonjinensis', 'junii', 'k', 'jueshi77881', 'justdoit', 'juan2008', 'jufeng', 'jujumao', 'juliezhulie1980', 'jufeng', 'jujumao', 'juliezhulie1980', 'jujumao', 'junaihong5885220', 'junaihong520', 'juan731205', 'juck39', 'judyzhu', 'juliet', 'july_24', 'jungle', 'justdoit', 'juedui', 'Junebug', 'Junior', 'Justin', 'judith', 'judy', 'julia', 'julian', 'julie', 'julie1', 'jupiter', 'justice', 'justin1', 'k', 'jun.li', 'juan.li', 'jun.wang', 'juan.wang', 'jun.zhang', 'jun.liu', 'juan.liu', 'jun.li', 'juan.zhang', 'jun.yang', 'jun.wang', 'jun.zhang', 'jun.chen', 'juan.chen', 'jun.liu', 'juan.yang', 'jun.zhao', 'jun.chen', 'juan', 'julien', 'junaidi', 'jurist'],
'jv',[],
'jw',['jwm', 'jwjn', 'jwyao', 'jwchen', 'jwchen1'],
'jx',['jx123456', 'jx163.com', 'jx0573', 'jxkj', 'jx123456', 'jx163', 'jx163idc', 'jxidc', 'jx123456', 'jxhost', 'jxkj', 'jxtelecom.cn', 'jxtelecom', 'jx163', 'jx163idc', 'jxidc', 'jx123456', 'jxhost', 'jxkj', 'jxtelecom.cn', 'jxtelecom', 'jx163', 'jx163idc', 'jxidc', 'jx123456', 'jxhost', 'jxdxidc0206)@)^', 'jxidc2011', 'jxteleidc.com', 'jxteleidc', 'jxtele', 'jxtele123', 'jxtele!@#', 'jxtele123456', 'jxtele2010', 'jxtele2011', 'jxtele_2010', 'jxtele_2011', 'jxtele!@#$%^', 'jx!@#$%^idc', 'jxdxidc0206)@)^', 'jx!@#^%$', 'jx!@#$%^', 'jxidc123', 'jxidc!@#', 'jxidc123456', 'jxidc!@#$%^', 'jxidc321', 'jxidc.com'],
'jy',['Jyvaskyla', 'jywl8888', 'jy*-9898998/*-', 'jywl8888', 'jywl1234', 'jyywl', 'jywl8888', 'jyidc', 'jywl888', 'jywl!@#$', 'jywl****', 'jywl1234', 'jyywl', 'jywl8888', 'jyidc', 'jywl888', 'jywl!@#$', 'jywl****', 'jywl1234', 'jyywl', 'jywl8888', 'jyyj11', 'jyfengyezi', 'jyx123109', 'jya', 'jyb', 'jyc', 'jyd', 'jye', 'jyf', 'jyg', 'jyh', 'jyi', 'jyj', 'jyk', 'jyl', 'jym', 'jyn', 'jyo', 'jyp', 'jyq', 'jyr', 'jys', 'jyt', 'jyu', 'jyv', 'jyw', 'jyx', 'jyy', 'jyz'],
'jz',['jz85034'],
'ka',['kal007', 'katydid', 'kabzeel', 'kadesh', 'kadeshbarnea', 'kadmiel', 'kadmonites', 'kallai', 'kanah', 'kareah', 'karkaa', 'karkor', 'karnaim', 'kartah', 'kartan', 'kattath', 'Kaarina', 'Kacha', 'Kachuevskaya', 'Kacivelia', 'Kafka', 'Kahrstedt', 'Kaiser', 'Kajaani', 'Kakhovka', 'Kalahari', 'Kalbaugh', 'Kalevala', 'Kalinin', 'Kallavesi', 'Kalle', 'Kalliope', 'Kallisto', 'Kalm', 'Kalmykia', 'Kalypso', 'Kama', 'Kamenyar', 'Kampala', 'Kanda', 'Kandinsky', 'Kansas', 'Kapitsa', 'Kaplan', 'Kapteynia', 'Karamzin', 'Karbyshev', 'Karel', 'Karen', 'Kariba', 'Karin', 'KarlMarx', 'KarlMarx', 'Karl_Marx', 'Karl-Ontjes', 'Karolinum', 'Karttunen', 'Kartvelia', 'Kasan', 'Kashirina', 'Kassandra', 'Kastalia', 'Kataev', 'Katanga', 'Kate', 'Katharina', 'Kathryn', 'Katja', 'Katsurahama', 'Katyusha', 'Kaverin', 'Kaverznev', 'Kayala', 'Kazakhstania', 'Kazbegi', 'kaapstad', 'kaapstadt', 'kabete', 'kabura', 'kaduna', 'kagawaensis', 'kagoshimanus', 'kahendo', 'kahla', 'kainantoi', 'kaitaan', 'kalamu', 'kalina', 'kaltenhausen', 'kalumburu', 'kambale', 'kambole', 'kamituga', 'kamoru', 'kampachi', 'kampala', 'kanamycelicus', 'kanamyceticus', 'kanana', 'kanda', 'kande', 'kandla', 'kandleri', 'kaneboi', 'kaneshie', 'kanifing', 'kaniharaensis', 'kano', 'kansasii', 'kaolack', 'kapemba', 'kaposvar', 'kapstad', 'kara', 'karachi', 'karamoja', 'karnatakensis', 'kasenyi', 'kashmirense', 'kashmirensis', 'kassberg', 'kasugaensis', 'katesgrove', 'katrae', 'kauaiensis', 'kaup', 'kaustophilus', 'kaiwei86', 'kankan1970011', 'kangjie', 'kaicent', 'kaowhy..w', 'kankan1970011', 'kaonidaye3144', 'kangjie', 'kaowhy..w', 'kangsoon', 'kangreadme', 'kaifeng', 'Kathryn', 'Kayla', 'kai', 'kaimen', 'kaixin', 'kao', 'kaonima', 'karen', 'katherin', 'kathleen', 'kathy', 'katie', 'kai123456', 'kaixin123456', 'kang81878341', 'kai.wang', 'kai.zhang', 'kai.liu', 'kai.li', 'kabir', 'kabita', 'kamamoto', 'kamol', 'kamrul', 'kang', 'kanms', 'karol', 'kartel', 'kas', 'kasa', 'kat', 'kathi', 'kati', 'kayten', 'kazad'],
'kb',['kbs125587719', 'kb', 'kba', 'kbb', 'kbc', 'kbd', 'kbe', 'kbf', 'kbg', 'kbh', 'kbi', 'kbj', 'kbk', 'kbl', 'kbm', 'kbn', 'kbo', 'kbp', 'kbq', 'kbr', 'kbs', 'kbt', 'kbu', 'kbv', 'kbw', 'kbx', 'kby', 'kbz'],
'kc',['kca', 'kcb', 'kcc', 'kcd', 'kce', 'kcf', 'kcg', 'kch', 'kci', 'kcj', 'kck', 'kcl', 'kcm', 'kcn', 'kco', 'kcp', 'kcq', 'kcr', 'kcs', 'kct', 'kcu', 'kcv', 'kcw', 'kcx', 'kcy', 'kcz'],
'kd',['kdwlKK', 'kdwlKK', 'kda', 'kdb', 'kdc', 'kdd', 'kde', 'kdf', 'kdg', 'kdh', 'kdi', 'kdj', 'kdk', 'kdl', 'kdm', 'kdn', 'kdo', 'kdp', 'kdq', 'kdr', 'kds', 'kdt', 'kdu', 'kdv', 'kdw', 'kdx', 'kdy', 'kdz'],
'ke',['kerberos', 'kedar', 'kedemah', 'kedemoth', 'kedesh', 'kedeshnaphtali', 'keep', 'keeper', 'keepers', 'keepest', 'keepeth', 'keeping', 'kehelathah', 'keilah', 'kelaiah', 'kelita', 'kemuel', 'kenan', 'kenath', 'kenaz', 'kenezite', 'kenite', 'kenites', 'kenizzites', 'kept', 'kerchiefs', 'kerenhappuch', 'kerioth', 'kernels', 'keros', 'kettle', 'keturah', 'key', 'keys', 'kezia', 'keziz', 'Keeler', 'Keldysh', 'Kemerovo', 'Kemi', 'Kempchinsky', 'Kemstach', 'Kenrussell', 'Kenya', 'Kepler', 'Kerch', 'Kerstin', 'Kevo', 'Kevola', 'kedougou', 'kefir', 'kefiranofaciens', 'kennewicki', 'kentuckense', 'kentuckensis', 'kentucky', 'kenya', 'kenyae', 'keratanolyticum', 'keratolytica', 'kermel', 'ketoglutamicum', 'ketosoreductum', 'keve', 'kef111999', 'kef111777', 'kef111999', 'kelly', 'kelly!@#$jacky', 'keey584', 'kef111999', 'kef111777', 'kef111333', 'key', 'kelake1983dt', 'key', 'kelake1983dt', 'kenny852220', 'kegavg', 'keith', 'keiven', 'kelecoco', 'kent2440', 'keren', 'kevan', 'kevin', 'key123', 'keyzscom', 'kelly', 'kelly1', 'kelsey', 'kennedy', 'kenneth', 'kermit', 'kevin1', 'kevin1986', 'key', 'ken', 'kernel', 'keshab', 'kevin'],
'kf',['kfcnc', 'kfcncidc', 'kfcncidc', 'kfcnc'],
'kg',['kga', 'kgb', 'kgc', 'kgd', 'kge', 'kgf', 'kgg', 'kgh', 'kgi', 'kgj', 'kgk', 'kgl', 'kgm', 'kgn', 'kgo', 'kgp', 'kgq', 'kgr', 'kgs', 'kgt', 'kgu', 'kgv', 'kgw', 'kgx', 'kgy', 'kgz'],
'kh',['Khama', 'Khanina', 'Kharadze', 'Khufu', 'khami', 'khandalensis', 'khartoum', 'khayae', 'khoshamian', 'khan', 'kha', 'khaled', 'khb', 'khc', 'khd', 'khe', 'khf', 'khg', 'khh', 'khi', 'khj', 'khk', 'khl', 'khm', 'khn', 'kho', 'khp', 'khq', 'khr', 'khs', 'kht', 'khu', 'khv', 'khw', 'khx', 'khy', 'khz'],
'ki',['kilroy', 'kinglear', 'kibrothhattaavah', 'kibzaim', 'kick', 'kicked', 'kid', 'kidneys', 'kidron', 'kids', 'kill', 'killed', 'killedst', 'killest', 'killeth', 'killing', 'kiln', 'kin', 'kinah', 'kind', 'kindle', 'kindled', 'kindleth', 'kindly', 'kindness', 'kindred', 'kindreds', 'kinds', 'kine', 'king', 'kingdom', 'kingdoms', 'kingly', 'kings', 'kinsfolk', 'kinsfolks', 'kinsman', 'kinsmen', 'kinswoman', 'kinswomen', 'kir', 'kirharaseth', 'kirhareseth', 'kirharesh', 'kirheres', 'kiriathaim', 'kirioth', 'kirjath', 'kirjathaim', 'kirjatharba', 'kirjatharim', 'kirjathbaal', 'kirjathhuzoth', 'kirjathjearim', 'kirjathsannah', 'kirjathsepher', 'kish', 'kishi', 'kishion', 'kishon', 'kison', 'kiss', 'kissed', 'kisses', 'kite', 'kithlish', 'kitron', 'kittim', 'Kiang', 'Kiangsu', 'Kibi', 'Kieffer', 'Kienle', 'Kiess', 'Kiev', 'Kilia', 'Kilmartin', 'Kilopi', 'King', 'Kippes', 'Kira', 'Kirghizia', 'Kirik', 'Kiril-Metodi', 'Kirkwood', 'Kiso', 'Kitami', 'KittPeak', 'Kittisvaara', 'KittPeak', 'Kitt_Peak', 'ki', 'kiambu', 'kibdellosporangium', 'kibdelosporangium', 'kibi', 'kibusi', 'kidderminster', 'kiel', 'kieliense', 'kifunensis', 'kijaniata', 'kikoma', 'kiliense', 'kiliensis', 'kilwa', 'kimberley', 'kimpese', 'kimuenza', 'kindia', 'kineococcus', 'kineospora', 'kineosporia', 'kingabwa', 'kingae', 'kingella', 'kingii', 'kingston', 'kinondoni', 'kinshanensis', 'kinshasa', 'kintambo', 'kirkee', 'kisangani', 'kisarawe', 'kishiwadense', 'kishiwadensis', 'kisii', 'kisuba', 'kitasatoa', 'kitasatoense', 'kitasatoensis', 'kitasatosporia', 'kitenge', 'kivu', 'kivui', 'king19840207', 'kings2008sand', 'kings2008sand', 'kings', 'kitty', 'killer', 'kiss', 'kidc2008', 'kill', 'kinds', 'kikifen', 'kisskissmi', 'kiss', 'killer', 'kiss', 'kill', 'kinds', 'kissyouman', 'kiki5201314', 'kissorrose', 'kiss&129116', 'kill', 'kinds', 'kissyouman', 'kissyouman', 'kingking', 'king111!!!', 'king!!!111', 'kingwen@2049', 'kinwei_3753', 'king!!$()^(', 'killertt2admin', 'kiss', 'kill', 'kinds', 'kill', 'kissy', 'kiki', 'kill38', 'killer', 'killerwy', 'killjap', 'kingman', 'kiss', 'kissyou', 'kitty', 'kingcom5', 'kiss362514', 'kingkey', 'king.f', 'kiys', 'kira', 'kidy', 'Killme', 'Kinder', 'Kitten', 'Kittens', 'kids', 'kim', 'kimberly', 'king', 'kingdom', 'kingfish', 'kitten12', 'kingking', 'kill', 'kinds', 'kidc', 'kind', 'kishore', 'kislam'],
'kj',['kjf2008', 'kjf123123', 'kjf8888', 'kjf123654', 'kjf123456', 'kjf2008', 'kjf123123', 'kjf8888', 'kjf123654', 'kjf123456', 'kja', 'kjb', 'kjc', 'kjd', 'kje', 'kjf', 'kjg', 'kjh', 'kji', 'kjj', 'kjk', 'kjl', 'kjm', 'kjm-up', 'kjn', 'kjo', 'kjp', 'kjq', 'kjr', 'kjs', 'kjt', 'kju', 'kjv', 'kjw', 'kjx', 'kjy', 'kjz'],
'kk',['kk-888-k', 'kkl110', 'kkl110', 'kkk123', 'kkk123456', 'kkk123789', 'kkk&fun', 'kkkk', 'kkkkkkkk', 'kkkkk', 'kklove', 'kka', 'kkb', 'kkc', 'kkd', 'kke', 'kkf', 'kkg', 'kkh', 'kki', 'kkj', 'kkk', 'kkl', 'kkm', 'kkn', 'kko', 'kkp', 'kkq', 'kkr', 'kks', 'kkt', 'kku', 'kkv', 'kkw', 'kkx', 'kky', 'kkz'],
'kl',['kleenex', 'klingon', 'klingons', 'Klare', 'Klemola', 'Kleopatra', 'Klet', 'KlimentOhridski', 'KlimentOhridski', 'Kliment_Ohridski', 'Klio', 'Klotho', 'Klotilde', 'Klumpkea', 'Klymene', 'Klytaemnestra', 'Klytia', 'klapmuts', 'klebsiella', 'kloosii', 'klouto', 'kluetjenfelde', 'kluyvera', 'kluyveri', 'klsACNajkldfhaitXa!@#@', 'klsjdf8921dd', 'klsad982d', 'kljsdf2d', 'klsjdf8921dd', 'klsad982d', 'klklkl', 'kleenex', 'klm'],
'km',['kmyerusday', 'kma', 'kmb', 'kmc', 'kmd', 'kme', 'kmf', 'kmg', 'kmh', 'kmi', 'kmj', 'kmk', 'kml', 'kmm', 'kmn', 'kmo', 'kmp', 'kmq', 'kmr', 'kms', 'kmt', 'kmu', 'kmv', 'kmw', 'kmx', 'kmy', 'kmz'],
'kn',['knead', 'kneaded', 'kneadingtroughs', 'knee', 'kneel', 'kneeled', 'kneeling', 'knees', 'knew', 'knewest', 'knife', 'knit', 'knives', 'knock', 'knocked', 'knocketh', 'knocking', 'knop', 'knops', 'know', 'knowest', 'knoweth', 'knowing', 'knowledge', 'known', 'knows', 'Knezevic', ""Knezevic'"", 'Kniertje', 'Knopfia', 'Knysna', 'knoxville', 'knowthegame', 'knt@123456', 'knife', 'Knight', 'Knights', 'knicks'],
'ko',['kokakola', 'kook', 'koa', 'kohath', 'kohathites', 'kolaiah', 'korah', 'korahite', 'korahites', 'korathites', 'kore', 'korhites', 'koz', 'Kobayashi', 'Kobolda', 'Kobresia', 'Kobuchizawa', 'Kobzar', 'Kochera', 'Kochi', 'Kohoutek', 'Kohsai', 'Kokkola', 'Kolga', 'Kollaa', 'Kollontai', 'Komaki', 'Komarov', 'Komensky#', 'Komppa', 'Komsomolia', 'Kondratyuk', 'Konig', 'Konkolya', 'Konoshenkova', 'Konstitutsiya', 'Kopal', 'Kopff', 'Koranna', 'Korczak', 'Kordula', 'Korolev', 'Koronis', 'Korsunia', 'Koskenniemi', 'Kosmodemyanskaya', 'Kostinsky', 'Kotelnikov', 'Kotka', 'Koussevitzky', 'Kovacia', 'Kovalevskaya', 'Koyama', 'Kozai', 'Kozyrev', 'kobbe', 'kobenensis', 'kobensis', 'kocurii', 'kodjovi', 'koenigstuhl', 'kofuense', 'koganeiensis', 'koketime', 'kokoli', 'kokomlemle', 'kolar', 'kolda', 'komabensis', 'kommetje', 'komossense', 'konja', 'konjaci', 'konolfingen', 'konstanz', 'korbol', 'koreanum', 'korlebu', 'korovi', 'kortrijk', 'koserella', 'koseri', 'kottbus', 'kotte', 'kouka', 'koumra', 'kongxk', 'kongfuzi', 'kongjun2009', 'kongfuzi', 'koxr', 'koxr123445', 'koxr123456', 'konka1223', 'koxr', 'koxr123445', 'koxr', 'koxr123445', 'koxr123456', 'kokhuan', 'kong-12', 'kong000', 'kouyifei', 'kof2008', 'kokeshi', 'konet123', 'Kombat', 'koala', 'koko', 'korea', 'koreanair'],
'kp',['kpeme'],
'kq',[],
'kr',['Krat', 'Kresak', 'Kressida', 'Kressmannia', 'Kreusa', 'Kriemhild', 'Krinov', 'Krisbarons', 'Kristensen', 'Kron', 'Kronstadt', 'kraaifontein', 'krainskii', 'kralendyk', 'kralingen', 'krefeld', 'kremastos', 'kriegii', 'kristensenii', 'kristianstad', 'kristinae', 'krugersdorp', 'krusei', 'Kristen', 'Kristi', 'Kristin', 'Kristy', 'Krystal', 'kramer', 'l', 'krish'],
'ks',['ksfj5028@eut'],
'kt',['ktkim'],
'ku',['kushaiah', 'Kuiper', 'Kukarkin', 'Kukkamaki', 'Kulik', 'Kulikov', 'Kulikovskij', 'Kumin', 'Kundry', 'Kunigunde', 'Kunikov', 'Kuopio', 'Kurchatov', 'Kurchenko', 'Kursk', 'Kustaanheimo', 'Kutaissi', 'Kutuzov', 'Kuzbass', 'Kuznetsov', 'kua', 'kubacha', 'kuessel', 'kuilsrivier', 'kumasi', 'kumatoensis', 'kummingensis', 'kunduchi', 'kungmingensis', 'kunkelii', 'kunming', 'kunmingensis', 'kuntair', 'kunzendorf', 'kunzii', 'kurssa', 'kurstaki', 'kurthia', 'kuru', 'kusnezovii', 'kutscheri', 'kuwait', 'kuwaitiensis', 'kuzendorf', 'kuznetsovii', 'kuanguqanshui86', 'ku6.com', 'kulongidc.com', 'KULEUVEN', 'ku6.com', 'kulongidc.com', 'KULEUVEN', 'kun13888qrn#?]', 'ku854321', 'kuy521403', 'kuso', 'kukukele', 'kun.wang', 'kun.zhang', 'kumar', 'kumari', 'kurniawan'],
'kv',['Kvistaberg', 'kvrapica'],
'kw',['kwan', 'kwale', 'kwghjjx...', 'kwgjjx19810.', 'kwgjjxkwgjjx', 'kwgjjxkwgjjxzhujames1982', 'kwgjjxkwgjjx', 'kwgjjxkwgjjxzhujames1982'],
'kx',['kxso.com,.', 'kxso.com!@#', 'kxso.com', 'kxso.com!@#', 'kxso.com,.'],
'ky',['Kypria', 'Kythera', 'kyushuensis', 'l', 'ky!#%&(er987', 'ky!#%&(er987', 'ky!#%&(er987', 'kylekylekk', 'kyoku320', 'kya', 'kyb', 'kyc', 'kyd', 'kye', 'kyf', 'kyg', 'kyh', 'kyi', 'kyj', 'kyk', 'kyl', 'kylix', 'kym', 'kyn', 'kyo', 'kyp', 'kyq', 'kyr', 'kys', 'kyt', 'kyu', 'kyv', 'kyw', 'kyx', 'kyy', 'kyz'],
'kz',[],
'la',['latenight', 'laadah', 'laadan', 'laban', 'laboratory', 'labour', 'laboured', 'labourer', 'labourers', 'laboureth', 'labouring', 'labours', 'lace', 'lachish', 'lack', 'lacked', 'lackest', 'lacketh', 'lacking', 'lad', 'ladder', 'lade', 'laded', 'laden', 'ladeth', 'ladies', 'lading', 'lads', 'lady', 'lael', 'lahad', 'lahairoi', 'lahmam', 'lahmi', 'laid', 'laidst', 'lain', 'laish', 'lake', 'lakum', 'lama', 'lamb', 'lambs', 'lame', 'lamech', 'lament', 'lamentable', 'lamentation', 'lamentations', 'lamented', 'lamp', 'lamps', 'lance', 'lancets', 'land', 'landed', 'landing', 'landmark', 'landmarks', 'lands', 'lanes', 'language', 'languages', 'languish', 'languished', 'languisheth', 'languishing', 'lanterns', 'laodicea', 'laodiceans', 'lap', 'lapidoth', 'lapped', 'lappeth', 'lapwing', 'large', 'largeness', 'lasciviousness', 'lasea', 'lasha', 'lasharon', 'last', 'lasted', 'lasting', 'latchet', 'late', 'lately', 'later', 'latin', 'latter', 'lattice', 'laud', 'laugh', 'laughed', 'laugheth', 'laughing', 'laughter', 'launch', 'launched', 'laver', 'lavers', 'lavish', 'law', 'lawful', 'lawfully', 'lawgiver', 'lawless', 'laws', 'lawyer', 'lawyers', 'lay', 'layedst', 'layest', 'layeth', 'laying', 'lazarus', 'LaPaz', 'LaPlata', 'LaSilla', 'Lacadiera', 'Lachesis', 'Lacrimosa', 'Lacroute', 'Lada', 'Ladoga', 'Laetitia', 'Lagerkvist', 'Lagrangea', 'Lagrula', 'Lahti', 'Lalage', 'Lamberta', 'Lambrecht', 'Lameia', 'Lampetia', 'Lampland', 'Lancelot', 'Landau', 'Landgraf', 'Landi', 'Lanzia', 'Laocoon', 'Laodamia', 'Laodica', 'LaPaz', 'La_Paz', 'Lapko', 'LaPlata', 'La_Plata', 'La_Plata', 'Lappajarvi', 'Lappeenranta', 'Laputa', 'Larink', 'Larissa', 'Larson', 'LaSilla', 'La_Silla', 'Lassell', 'Latona', 'Latvia', 'Lauer', 'Laugier', 'Laura', 'Laurentia', 'Lausanna', 'Lautaro', 'Lavonne', 'Lavrov', 'Lazarev', 'labadi', 'labedae', 'labile', 'labilomyce', 'labilomyceticus', 'labreanum', 'labrys', 'lachnospira', 'lachrymans', 'lacrimalis', 'lactamdurans', 'lactamica', 'lactaris', 'lacteus', 'lactic', 'lactici', 'lacticifex', 'lacticogenes', 'lacticola', 'lacticum', 'lactilytica', 'lactis', 'lactobacil', 'lactobacillus', 'lactobacterium', 'lactococcus', 'lactofermentum', 'lactolyticus', 'lactucae', 'lacunaris', 'lacunata', 'lacunogenes', 'lacusprofundi', 'lacustris', 'ladakanum', 'laeteviolaceus', 'laevaniformans', 'laevolacticus', 'laevus', 'lagos', 'lai', 'laidlawii', 'lambwe', 'lamin', 'lamprobacter', 'lamprocystis', 'lampropedia', 'lanatus', 'lancefield', 'lanceolata', 'landala', 'landau', 'landwasser', 'langaa', 'langati', 'langenhorn', 'langensalza', 'langford', 'langunosa', 'laniganii', 'lanka', 'lanosus', 'lansing', 'lansingensis', 'lantanae', 'lanuginosus', 'lapagei', 'lapsa', 'lapsum', 'laqueus', 'laramie', 'largom', 'largomobilis', 'largum', 'lari', 'laridis', 'larochelle', 'larsenii', 'larvae', 'lasaliensis', 'lat', 'latercula', 'lateritius', 'lateritus', 'laterosporus', 'lattenkamp', 'latum', 'latumcidicus', 'latus', 'latyschewii', 'laureliae', 'laurentii', 'lautus', 'lavandulae', 'lavendocolor', 'lavendofoliae', 'lavendosporus', 'lavendulae', 'lavendularectus', 'lavenduligriseum', 'lavenduligriseus', 'lavendulocolor', 'lawndale', 'lawra', 'lawsoniae', 'lazio', 'lazureus', 'lanmangadmin123', 'laoban', 'lanmang', 'lanyueidc', 'latitude', 'laopo', 'lanmang.com', 'laopo500', 'lanyue', 'lanmangadmin123', 'lanyue2008', 'laoniu1qaz2wsx3edc', 'lanyue', 'laopo5201314', 'lanmangshijie', 'laoban', 'lanmang', 'lanyueidc', 'laopo', 'lanyanidc2001', 'lanyanidc!@#$', 'lanyanqwe', 'lanyanidcqaz!@#', 'lanyan2009', 'la8200121500aa', 'lanmangadmin123', 'lanmang123456', 'lanyue', 'lanke', 'lanyue2008', 'la2008', 'lanyue&*(', 'lanyan', 'lanyanwl', 'lanyanwangluo', 'lanke789456', 'lanzhongwangluo', 'lanzhong', 'lanzhongidc', 'lanzhong123', 'lanzhong2008', 'lanzhong2007', 'lanzhong123456', 'lanzhong12345', 'lanzhong1234', 'lanzhong654321', 'lanzhong123654', 'lanzhongidc2008', 'lanzhong2008idc', 'lanzhong2007idc', 'lanzhongidc2007', 'lanzhongidc123', 'lanke123', 'lanke123445', 'lanke123654', 'lanke456123', 'lanke456321', 'lanke456987', 'lanke456789', 'lanke123445789', 'lanke147258', 'lanyue123445', 'lanyue123654', 'lanke123456', 'lanke123456789', 'lanyueidc', 'lanyueidc.cn', 'Lanmang@Idc2007', 'Lanmang@Idc2008', 'lanyan!!@)', 'lanmang', 'laiyang54xs452008', 'lanyanidc', 'lanyanidc2008', 'lantaiidc', 'langzi123456.net', 'laianidc', 'lanmangadmin', 'lanmangadmin123', 'lanmang123456', 'lanyue', 'lanke', 'lanyue2008', 'la2008', 'lanyue&*(', 'lanyan', 'lanyanwl', 'lanyanwangluo', 'lanke789456', 'lanzhongwangluo', 'lanzhong', 'lanzhongidc', 'lanzhong123', 'lanzhong2008', 'lanzhong2007', 'lanzhong123456', 'lanzhong12345', 'lanzhong1234', 'lanzhong654321', 'lanzhong123654', 'lanzhongidc2008', 'lanzhong2008idc', 'lanzhong2007idc', 'lanzhongidc2007', 'lanzhongidc123', 'lanmangadmin123', 'lanmang123456', 'lanyue', 'lanke', 'lanyue2008', 'la2008', 'lanyue&*(', 'lanyan', 'lanyanwl', 'lanyanwangluo', 'lanke789456', 'lanke123', 'lanke123445', 'lanke123654', 'lanke456123', 'lanke456321', 'lanke456987', 'lanke456789', 'lanke123445789', 'lanke147258', 'lanyue123445', 'lanyue123654', 'lanke123456', 'lanke123456789', 'lanyueidc', 'lanyueidc.cn', 'Lanmang@Idc2007', 'Lanmang@Idc2008', 'laomaoidc', 'lanmang', 'lanmangadmin', 'lanmangadmin123', 'lanwo24df$&d6w!#5df$', 'lanyan', 'lanyan!@#$%^', 'lanyan.0', 'lanyan007', 'lanyan009', 'lanyan2001', 'lanyan2007', 'lanyan2009', 'lanyancq-idc2009', 'lanyanidc', 'lanyanidc.0', 'lanyanidc007', 'lanyanidc009', 'lanyanidc2001', 'lanyanidc2007', 'lanyanidc2009', 'lanyanlizhi^^^', 'lanyan~!@#', 'laoairun39371', 'lanlovelu', 'lanyan!!@)', 'lanyue', 'lanyue2008', 'laomaoidc', 'lanmangadmin123', 'Lanmang@Idc2007', 'Lanmang@Idc2008', 'laiwei790824', 'lala31', 'lance', 'laurel', 'lajijiushilaji', 'lanni*', 'Lakers', 'Lakota', 'Larson', 'Laser', 'Lauren', 'lacrosse', 'laddie', 'lady', 'ladybug', 'lamer', 'larry', 'larry1', 'laura', 'laurie', 'law', 'lave', 'lanqing520', 'laputa001', 'laomaoidc2009', 'laomao', 'laomao1979', 'lann35', 'lann2011', 'lann2010', 'lanmang', 'lanmangadmin', 'lanmangadmin123', 'lanwo24df$&d6w!#5df$', 'lanyan', 'lanyan!@#$%^', 'lanyan.0', 'lanyan007', 'lanyan009', 'lanyan2001', 'lanyan2007', 'lanyan2009', 'lanyancq-idc2009', 'lanyanidc', 'lanyanidc.0', 'lanyanidc007', 'lanyanidc009', 'lanyanidc2001', 'lanyanidc2007', 'lanyanidc2009', 'lanyanlizhi^^^', 'lanyan~!@#', 'lanyanidc123,./', 'lanyan,./', 'lanyanidc,./', 'lanmang123', 'lanmang2010', 'lanying.zhang', 'lanying.wang', 'lanying.li', 'land', 'last', 'laura'],
'lb',['lbbbYG&)((*)+$%^&*()', 'lbxh.com', 'lbxh.com', 'lb', 'lb', 'lb', 'lb', 'lb', 'lb', 'lb', 'lb'],
'lc',['lcx', 'lc', 'lc', 'lc', 'lcm', 'lca', 'lcb', 'lcc', 'lcd', 'lce', 'lcf', 'lcg', 'lch', 'lci', 'lcj', 'lck', 'lcl', 'lcm', 'lcn', 'lco', 'lcp', 'lcq', 'lcr', 'lcs', 'lct', 'lcu', 'lcv', 'lcw', 'lcx', 'lcy', 'lcz'],
'ld',['Ldserver', 'ldserver', 'ldidc', 'ldserveradmin', 'ldserver123', 'ldserverpass', 'Ldserver', 'ldserver', 'ldidc', 'Ldserver', 'Ldserveridc', 'Ldserver123445', 'Ldserver147258', 'Ldserver456789', 'Ldserver1234457', 'Ldserver123123123', 'ldsxwl!)($', 'Ldserver123456', 'Ldserver1234567', 'ldserver', 'ldidc', 'Ldserver', 'Ldserveridc', 'Ldserver123445', 'Ldserver147258', 'Ldserver456789', 'Ldserver1234457', 'Ldserver123123123', 'ldsxwl!)($', 'Ldserver123456', 'Ldserver1234567', 'ldljbdxiaoyuan5226699a', 'ld', 'ld', 'ldm', 'ldd', 'ldap'],
'le',['led-zeppelin', 'leddzeppelin', 'ledzep', 'ledzepp', 'ledzeppelin', 'lehi3b15', 'lennon', 'lespaul', 'letlive', 'letmein', 'letsgo', 'lead', 'leader', 'leaders', 'leadest', 'leadeth', 'leaf', 'league', 'leah', 'lean', 'leaned', 'leaneth', 'leanfleshed', 'leaning', 'leanness', 'leap', 'leaped', 'leaping', 'learn', 'learned', 'learning', 'leasing', 'least', 'leather', 'leathern', 'leave', 'leaved', 'leaven', 'leavened', 'leaveneth', 'leaves', 'leaveth', 'leaving', 'lebana', 'lebanah', 'lebanon', 'lebaoth', 'lebbaeus', 'lebonah', 'lecah', 'led', 'leddest', 'ledges', 'leeks', 'lees', 'left', 'leftest', 'lefthanded', 'leg', 'legion', 'legions', 'legs', 'lehabim', 'lehi', 'leisure', 'lemuel', 'lend', 'lender', 'lendeth', 'length', 'lengthen', 'lengthened', 'lengthening', 'lent', 'lentiles', 'leopard', 'leopards', 'leper', 'lepers', 'leprosy', 'leprous', 'leshem', 'less', 'lesser', 'lest', 'let', 'leth', 'letter', 'letters', 'lettest', 'letteth', 'letting', 'letushim', 'leummim', 'levi', 'leviathan', 'levite', 'levites', 'levitical', 'leviticus', 'levy', 'lewd', 'lewdly', 'lewdness', 'Lebedev', 'Lebofsky', 'Leda', 'Lederle', 'Legia', 'Lehigh', 'Leloir', 'Lemaitre', 'Lena', 'Lencarter', 'Leningrad', 'Leocadia', 'Leona', 'Leonardo', 'Leonce', 'Leonisis', 'Leonora', 'Leonteus', 'Leontina', 'Leopoldina', 'Lepage', 'Lermontov', 'Lesya', 'Letaba', 'Leto', 'Leukothea', 'Leuschneria', 'LevTolstoj', 'Leverrier', 'Levin', 'LevTolstoj', 'Lev_Tolstoj', 'Levy', 'Lexell', 'leatherhead', 'lechler', 'leclercia', 'lectularius', 'leeuwarden', 'legionella', 'legon', 'leguminosarum', 'leichmanii', 'leichmannii', 'leiden', 'leidyi', 'leidyia', 'leiognathi', 'leipzig', 'leith', 'lekke', 'leminorella', 'lemoignei', 'lemonnieri', 'lene', 'lentecrescens', 'lentifragmentus', 'lentimorbus', 'lentocellum', 'lentoputrescens', 'lentum', 'lentus', 'leoben', 'leocaptivus', 'leopharyngis', 'leopoldville', 'leprae', 'lepraemurium', 'leptonema', 'leptospartum', 'leptospi', 'leptospir', 'leptospira', 'leptospirillum', 'leptothrix', 'leptotrichia', 'leptum', 'lepus', 'leqionella', 'lerum', 'lespedezae', 'lethe', 'leucinophagum', 'leuconosco', 'leuconostoc', 'leucophaeus', 'leucothrix', 'levii', 'levinea', 'levinia', 'levis', 'levoris', 'lexington', 'lezennes', 'LEbang098!', 'Leet87362275', 'lenovo', 'legend', 'leida', 'letuo.com', 'leda6186@gmail.com', 'lenovo', 'leobbs', 'leobbs2008', 'legend', 'lengfeng', 'leida', 'leader', 'leobbs4512', 'leader123', 'leader123445', 'leader123456', 'letmein', 'letuo.com', 'letuo', 'letuo2008', 'leader', 'leobbs4512', 'leader', 'leader123', 'leader123445', 'leader123456', 'letmein', 'lengfeng', 'lengfengsk', 'lengxue', 'leadtidef', 'leaves', 'lee007', 'leier119', 'lelw', 'leming82', 'leonardo', 'leslie', 'letsgo', 'let', 'leegw315', 'lea', 'Lennon', 'Lestat', 'Letmein', 'Letter', 'ledzep', 'lee', 'legend', 'leon', 'leonard', 'lenfeng', 'lei535480', 'leemminghx0258hnxc', 'Le6m^&5pG8s', 'lei.wang', 'lei.zhang', 'lei.liu', 'lei.li', 'lei.chen', 'lei.zhang', 'lei.yang', 'lei.wang', 'leave', 'left', 'lemlit'],
'lf',['lf', 'lf', 'lfy', 'lf', 'lf', 'lf', 'lfy', 'lf'],
'lg',['lgwin329', 'lg@123456', 'lgy6390029', 'lgy', 'lg', 'lgl', 'lgy', 'lg', 'lgl', 'lgz', 'lgr', 'lgf', 'lgx', 'lgz', 'lgz', 'lgh', 'lga', 'lgb', 'lgc', 'lgd', 'lge', 'lgf', 'lgg', 'lgh', 'lgi', 'lgj', 'lgk', 'lgl', 'lgm', 'lgn', 'lgo', 'lgp', 'lgq', 'lgr', 'lgs', 'lgt', 'lgu', 'lgv', 'lgw', 'lgx', 'lgy', 'lgz'],
'lh',['lh222', 'lhidc', 'lh222', 'lh2008', 'lh222', 'lh2008', 'lhg.bh.#@', 'lhg.bh', 'lh127', 'lhjykx', 'lhlh', 'lhg.bh.#@', 'lh222', 'lhidc', 'lh', 'lh', 'lh', 'lh', 'lh', 'lh', 'lhm', 'lh', 'lh', 'lh', 'lhy', 'lh', 'lh.wang', 'lh', 'lh.zhang', 'lhx'],
'li',['lj',['Ljuba', 'ljubljana', 'ljungdahlii', 'ljx840715', 'lj1973', 'lj7200', 'lju822', 'ljsswl', 'ljf', 'lj', 'lj', 'lj', 'lj', 'lj', 'lj', 'lj', 'lj', 'lj', 'lj', 'ljh', 'lj', 'lj', 'lj', 'lj.wang', 'ljj', 'ljg', 'lj', 'ljh', 'lj', 'lj.zhang', 'lj', 'ljj', 'ljg', 'lja', 'ljb', 'ljc', 'ljd', 'lje', 'ljf', 'ljg', 'ljh', 'lji', 'ljj', 'ljjia', 'ljjia1', 'ljk', 'ljl', 'ljm', 'ljn', 'ljo', 'ljp', 'ljq', 'ljr', 'ljs', 'ljt', 'lju', 'ljv', 'ljw', 'ljx', 'ljy', 'ljz'],
'lk',['lkj', 'lkjasd', 'lkjh', 'lkjhg', 'lkjhgf', 'lkjlkj', 'lkjhgfdsa', 'lkjhgfdsa', 'lkjhgf', 'lkjhgfdsa', 'lkjh123456', 'lkjhgfdsa', 'lk123445', 'lk5201314', 'lk147258369', 'lk147258', 'lkjhgfdsazxcvbnm', 'lkjhgfdsamnbvcxz', 'lk123456', 'lkjhgfdsa', 'lkjh123456', 'lk123445', 'lk5201314', 'lk147258369', 'lk147258', 'lkjhgfdsazxcvbnm', 'lkjhgfdsamnbvcxz', 'lk123456', 'lkjhgfdsa', 'lkjh123456', 'lkchina123$%^', 'lkjhgfdsa', 'lkjh123456', 'lkjoiu', 'lk', 'lk', 'lka', 'lkb', 'lkc', 'lkd', 'lke', 'lkf', 'lkg', 'lkh', 'lki', 'lkj', 'lkk', 'lkl', 'lkm', 'lkn', 'lko', 'lkp', 'lkq', 'lkr', 'lks', 'lkt', 'lku', 'lkv', 'lkw', 'lkx', 'lky', 'lkz'],
'll',['ll', 'llandoff', 'llandudno', 'lldaszjmxicefield@963852741', 'llj33lsdl', 'll123456', 'llw2236101', 'll123456', 'll123456', 'lll123', 'llf781025181', 'll123456', 'll0715', 'llll', 'll', 'lloyd', 'll', 'll', 'll', 'll', 'll', 'll', 'll', 'll', 'lly', 'll.wang', 'll', 'll', 'll.zhang', 'll', 'll', 'll123456'],
'lm',['lmnop', 'lmwl520999', 'lm660922', 'lm', 'lm', 'lm', 'lm', 'lm', 'lm'],
'ln',['ln123456', 'lngrid', 'ln5203344***', 'ln', 'ln', 'ln'],
'lo',['login', 'logout', 'longcock', 'longhair', 'longrest', 'longtounge', 'loosing', 'lover', 'lowgrade', 'lowlife', 'lo', 'loaden', 'loadeth', 'loaf', 'loammi', 'loan', 'loathe', 'loatheth', 'loathsome', 'loaves', 'lock', 'locked', 'locks', 'locust', 'locusts', 'lod', 'lodebar', 'lodge', 'lodged', 'lodgest', 'lodgeth', 'lodging', 'lodgings', 'loft', 'loftily', 'loftiness', 'lofty', 'log', 'loins', 'lois', 'london', 'long', 'longed', 'longedst', 'longer', 'longest', 'longeth', 'longing', 'longsuffering', 'longwinged', 'look', 'looked', 'lookest', 'looketh', 'lookforin', 'looking', 'lookingglasses', 'looks', 'loops', 'loose', 'loosed', 'looseth', 'loosing', 'lop', 'lord', 'lordly', 'lords', 'lordship', 'loruhamah', 'lose', 'loseth', 'loss', 'lost', 'lot', 'lotan', 'lothe', 'lothed', 'lotheth', 'lothing', 'lots', 'loud', 'louder', 'love', 'loved', 'lovedst', 'lovely', 'lover', 'lovers', 'loves', 'lovest', 'loveth', 'loving', 'lovingkindness', 'lovingkindnesses', 'low', 'lower', 'lowering', 'lowest', 'loweth', 'lowing', 'lowliness', 'lowly', 'Lobachevskij', 'Lobelia', 'Locarno', 'Lohja', 'Lohmann', 'Lois', 'Lola', 'Lomia', 'Lomonosowa', 'Lonnrot', 'Lorbach', 'Lorcia', 'Loreley', 'Loretta', 'Lorraine', 'Losaka', 'Lotis', 'Lottie', 'Louise', 'Louispharailda', 'Lova', 'Loviisa', 'Lowell', 'loanda', 'lobata', 'lobatsi', 'lobatus', 'locarno', 'lockleaze', 'lode', 'lodz', 'loefflerella', 'loehnisii', 'loenga', 'loescheii', 'loeschii', 'loffii', 'logei', 'logone', 'lohbruegge', 'loidensis', 'lokstedt', 'lomalinda', 'lome', 'lomita', 'lomnava', 'lomondensis', 'londiniensis', 'london', 'londoniensis', 'longa', 'longbeachae', 'longispora', 'longisporoflavus', 'longispororuber', 'longisporum', 'longisporus', 'longisporusflavus', 'longissimus', 'longosporus', 'longreachii', 'longshengensis', 'longum', 'longus', 'longwoodensis', 'lopholea', 'lophomonas', 'lora', 'lortetii', 'losangeles', 'loti', 'lotus', 'louga', 'louisiana', 'louwbester', 'lovaniensi', 'lovaniensis', 'lovelace', 'longsheng', 'localadmin', 'lopig', 'love123456', 'loveserver', 'lovesohu.com', 'lose', 'lover', 'lovesxy790101', 'LongJianServer*(2', 'LongJianServer*(1', 'LongJianServer*(3', 'love520', 'localadmin', 'lopig', 'love', 'love2008', 'longteng', 'long19781009', 'loveyuyu', 'lounanren@031106', 'longan@753951', 'longtouwang', 'longtou', 'lose', 'lover', 'localadmin', 'lose', 'lover', 'lognic', 'love', 'longlongdt', 'love520', 'love521', 'love007', 'login', 'Lotus!#%&(', 'long19781009', 'long!@#$%^&*(', 'localadmin', 'lose', 'lover', 'lognic', 'love', 'longlongdt', 'localadmin', 'love520', 'love521', 'love007', 'lognic', 'login', 'love', 'love_770320hager_1983', 'long168220bing', 'lovekiss13978109903', 'LONG13515511614er', 'lovekiss12110', 'loveanson520', 'love520', 'love521', 'love007', 'lose', 'lover', 'login', 'login', 'love', 'lovehack7758', 'lover', 'loveshell', 'locust', 'logitech', 'lolily', 'lonely', 'look', 'love0708', 'love1hzx', 'love2000', 'lovegj', 'lovelan', 'lovemay1314', 'lovemum', 'loveone', 'lovepy', 'lover24', 'loveu', 'lovexue', 'lovexueru', 'loveyou', 'lowexefmarry', 'lovelly.cn', 'lolita', 'longer', 'login1', 'a', 'longhack', 'love55250', 'Looney', 'Loser', 'Louise', 'Loveme', 'logan', 'logical', 'london', 'lorraine', 'louis', 'lovely', 'loweiyi', 'lost.', 'longfei', 'longfei2010', 'longfei2011', 'longfei123', 'loneliness', 'longguanjiapush!', 'lovezjf3k.', 'love_770320hager_1983', 'love@lj2009', 'longlong', 'long123456', 'longfei168', 'love', 'long.chen', 'long.zhang', 'long.wang', 'long.li', 'lose', 'lover', 'love520', 'love521', 'love007', 'log', 'lokesh', 'lost', 'lotus', 'love'],
'lp',['lp', 'lp', 'lp', 'lp', 'lp', 'lp', 'lp3up'],
'lq',['lq811826', 'lqwr', 'lq', 'lq', 'lq', 'lq', 'lq', 'lq'],
'lr',['lr'],
'ls',['lsd', 'lsnx.net', 'lsnx.net', 'lsdxsjjf0535', 'ls72', 'lsj7993', 'lsxnfcdl', 'lst', 'ls', 'lsz', 'ls', 'lsy', 'lsh', 'lsl', 'lsa', 'lsb', 'lsc', 'lsd', 'lse', 'lsf', 'lsfadmin', 'lsg', 'lsh', 'lshapps', 'lshora', 'lsi', 'lsj', 'lsk', 'lsl', 'lsm', 'lsn', 'lso', 'lsp', 'lsq', 'lsr', 'lss', 'lst', 'lsu', 'lsv', 'lsw', 'lswang', 'lsx', 'lsy', 'lsz'],
'lt',['lt991107', 'ltby', 'ltdtl', 'ltuser', 'lt', 'lt', 'lt', 'lt', 'ltt', 'ltt'],
'lu',['lv',['lv123456', 'lvye135~!@', 'lv123456', 'lvye135', 'lvye135~!@', 'lvye135', 'lvye135~!@'],
'lw',['lwoffi', 'lwoffii', 'lwkm123', 'lwj7474888', 'lwj666543', 'lwj7474888', 'lwj666543', 'lwj5201314', 'lw', 'lw', 'lw', 'lwang', 'lwang1'],
'lx',['lxlebang2007', 'lxhawj001', 'lx', 'lx1213', 'lxyzh', 'lxz6570', 'lxlsnyy', 'lxy', 'lx', 'lxl', 'lxy', 'lx', 'lx', 'lxz', 'lx', 'lx', 'lxm', 'lxr', 'lxm', 'lxl', 'lxy', 'lxf', 'lx', 'lx', 'lxh', 'lxh'],
'ly',['lycaonia', 'lycia', 'lydda', 'lydia', 'lydians', 'lying', 'lysanias', 'lysias', 'lystra', 'Lyalya', 'Lydia', 'Lydina', 'Lyka', 'Lyot', 'Lysistrata', 'Lyubov', 'Lyyli', 'lydicus', 'lyena', 'lylae', 'lyme', 'lymphangitidis', 'lymphophilum', 'lyon', 'lysobacter', 'lysodeikticus', 'lysosuperificus', 'lytica', 'lyticum', 'lyticus', 'm', 'lycosroot!QAZ@WSX', 'lycosroot', 'ly81ub', 'ly81ub', 'lywl', 'ly13198376', 'lywl', 'ly13198376', 'lywl', 'lya66', 'lyl1', 'lynn', 'lyszrpop', 'lyxzcl', 'lysoooopo', 'lyqhebust', 'ly', 'ly', 'ly', 'ly', 'ly', 'ly', 'ly', 'lyl', 'ly', 'ly', 'lyl', 'ly', 'lym', 'ly', 'ly.zhang', 'ly', 'ly.wang', 'lyz', 'ly', 'ly', 'lyy', 'ly.li', 'lym', 'lyz', 'ly', 'ly', 'lyh', 'lyy', 'ly', 'ly', 'lyh', 'ly'],
'lz',['lzwl123456', 'lzwl123456', 'lzwl', 'lzwlidc', 'lzwl123456', 'lzwl12345', 'lzwl1234', 'lzwl123', 'lzwl111', 'lzwl888', 'lzwl8888', 'lzwl1234567', 'lzwl12345678', 'lzwl123456789', 'lzwl1234567890', 'lzwl0.123', 'lzwl2007', 'lzwl2008', 'lz159260', 'lz123456', 'lzwl', 'lzwlidc', 'lzwl123456', 'lzwl12345', 'lzwl1234', 'lzwl123', 'lzwl111', 'lzwl888', 'lzwl8888', 'lzwl1234567', 'lzwl12345678', 'lzwl123456789', 'lzwl1234567890', 'lzwl0.123', 'lzwl2007', 'lzwl2008', 'lzf1201', 'lzshao123', 'lzq'],
'ma',['mb',['mbandaka', 'mbao', 'mbdchina.com', 'mbdchina.com', 'mbaf'],
'mc',['McAuliffe', 'McCauley', 'McCord', 'McCrosky', 'McCuskey', 'McDonalda', 'McElroy', 'McFadden', 'McGetchin', 'McLaughlin', 'McMath', 'McNair', 'McNaught', 'McVittie', 'mcdonald', 'Mc175942', 'mcdonald', 'mc', 'mcedit'],
'md',['MDad207084', 'mdbchina.com', 'MDSD2007', 'mdsd2008', 'mdsd2007', 'md51110.00'],
'me',['meatcleaver', 'meatwagon', 'megadeth', 'merrychristmas', 'mets', 'me', 'meadow', 'meadows', 'meah', 'meal', 'mealtime', 'mean', 'meanest', 'meaneth', 'meaning', 'means', 'meant', 'mearah', 'measure', 'measured', 'measures', 'measuring', 'meat', 'meats', 'mebunnai', 'mecherathite', 'medad', 'medan', 'meddle', 'meddled', 'meddleth', 'meddling', 'mede', 'medeba', 'medes', 'media', 'median', 'mediator', 'medicine', 'medicines', 'meditate', 'meditation', 'meek', 'meekness', 'meet', 'meetest', 'meeteth', 'meeting', 'meets', 'megiddo', 'megiddon', 'mehetabeel', 'mehetabel', 'mehida', 'mehir', 'meholathite', 'mehujael', 'mehuman', 'mehunim', 'mehunims', 'mejarkon', 'mekonah', 'melatiah', 'melchi', 'melchiah', 'melchisedec', 'melchishua', 'melchizedek', 'melea', 'melech', 'melicu', 'melita', 'melody', 'melons', 'melt', 'melted', 'melteth', 'melting', 'melzar', 'member', 'members', 'memorial', 'memory', 'memphis', 'memucan', 'men', 'menahem', 'menan', 'menchildren', 'mend', 'mending', 'mene', 'menpleasers', 'menservants', 'menstealers', 'menstruous', 'mention', 'mentioned', 'mentions', 'meonenim', 'meonothai', 'mephaath', 'mephibosheth', 'merab', 'meraiah', 'meraioth', 'merari', 'merarites', 'merathaim', 'merchandise', 'merchant', 'merchantmen', 'merchants', 'mercies', 'merciful', 'mercurius', 'mercy', 'mercyseat', 'mered', 'merely', 'meremoth', 'meres', 'merged', 'merges', 'merging', 'meribah', 'meribahkadesh', 'meribbaal', 'meritt', 'merodach', 'merodachbaladan', 'merom', 'meronothite', 'meroz', 'merrily', 'merry', 'merryhearted', 'mesech', 'mesh', 'mesha', 'meshach', 'meshech', 'meshelemiah', 'meshes', 'meshezabeel', 'meshillemith', 'meshillemoth', 'meshobab', 'meshullam', 'meshullemeth', 'mesobaite', 'mesopotamia', 'mess', 'message', 'messenger', 'messengers', 'messes', 'messiah', 'messias', 'met', 'mete', 'meted', 'meteyard', 'methegammah', 'methusael', 'methuselah', 'meunim', 'mezahab', 'Mechthild', 'Medea', 'Medusa', 'Meeus', 'Megaira', 'Megumi', 'Mehltretter', 'Melanie', 'Melete', 'Meliboea', 'Melitta', 'Mellena', 'Melnikov', 'Melpomene', 'Melusina', 'Memnon', 'Memoria', 'Mendeleev', 'Mendelssohn', 'Menelaus', 'Menippe', 'Mentha', 'Menzel', 'Mera', 'Merapi', 'Mercedes', 'Meriones', 'Merlin', 'Merope', 'Mertona', 'Merxia', 'Messalina', 'Messina', 'Meta', 'Metcalfia', 'Metis', 'Metsahovi', 'Mette', 'Meyer', 'Meyermann', 'Mezzarco', 'meceachernii', 'medanensis', 'media', 'mediasiatica', 'mediocidica', 'mediocidicum', 'mediocidicus', 'mediolani', 'mediolanum', 'meditererranei', 'mediterranea', 'mediterranei', 'meditteranae', 'medusa', 'meekatharra', 'mefico', 'megalomicea', 'megamonas', 'megasphaera', 'megasporus', 'megaterium', 'melaleucae', 'melaninogenica', 'melaninogenicus', 'melanochromogenes', 'melanocyclus', 'melanogena', 'melanogenes', 'melanogenum', 'melanogenus', 'melanosporea', 'melanosporofaciens', 'melassecola', 'melbourne', 'meleagridis', 'melhusi', 'melhusii', 'meliae', 'meliloti', 'melisococcus', 'melissococcus', 'melitensis', 'melittangium', 'mellea', 'melliaura', 'melliferum', 'melonis', 'melophagi', 'melophthora', 'melrosp', 'melrosporus', 'meltevreden', 'membranula', 'memphis', 'men', 'menden', 'mendocina', 'mendoza', 'mengdeng', 'mengla', 'menhaden', 'meningiditis', 'meningitidis', 'meningosepticum', 'meningoseptieum', 'meniscus', 'menoni', 'menston', 'mentagrophytes', 'mephitica', 'merdae', 'meridiana', 'merremiae', 'merseyside', 'merycicum', 'mesbit', 'mesentericus', 'mesentero', 'mesenteroides', 'meskin', 'mesoacidophila', 'mesophila', 'mesophilica', 'mesophilicum', 'mesophilobacter', 'mesouviformis', 'mesoxydans', 'messina', 'metachromogenes', 'metalcaligenes', 'metallicus', 'metallogenium', 'metallosphaera', 'metamorphum', 'metamyceticus', 'metanicum', 'meteori', 'methanica', 'methanicum', 'methano', 'methanobacterium', 'methanobrevibacter', 'methanococcoides', 'methanococcus', 'methanocorpusculum', 'methanoculleus', 'methanogenium', 'methanohalobium', 'methanohalophilus', 'methanolacinia', 'methanolica', 'methanolicus', 'methanolobus', 'methanolophila', 'methanomicrobium', 'methanomonas', 'methanoplanus', 'methanopyrus', 'methanosaeta', 'methanosarcina', 'methanosphaera', 'methanospirillum', 'methanothermus', 'methanothrix', 'methionotroph', 'methionotrophica', 'methylobacillus', 'methylobacter', 'methylobacterium', 'methylococcus', 'methylocystis', 'methylomicrobium', 'methylomonas', 'methylophaga', 'methylophilus', 'methylophylus', 'methylosinus', 'methylotropha', 'methylotrophicum', 'methylotrophus', 'methylovora', 'methylovorum', 'methylovorus', 'methylpentosum', 'methylutens', 'metschnikov', 'metschnikovii', 'meunchen', 'mewcastle', 'mexicana', 'mexicanus', 'meyeri', 'mengmeng5209', 'mediaserviceadmin', 'mediaback', 'meinianda16', 'meifubao123--++', 'mengyu', 'media', 'megajoy5161', 'mediacache1@#$qwer', 'mengmeng520', 'mengxiang', 'mengxiangshijie', 'meinv365', 'meinv520', 'meinv', 'megajoy.local', 'MEDIA', 'media', 'mediaidc', 'meidiya', 'MEGADIA', 'metasoft64608348web', 'mengmeng520', 'megajoy.local', 'MEDIA', 'media', 'mediaidc', 'meidiya', 'MEGADIA', 'megajoy.local', 'MEDIA', 'media', 'mediaidc', 'megajoy', 'media.123', 'metasoft64608348web', 'meigetsu', 'merry', 'meimei123', 'Melissa', 'Merlin', 'me', 'medical', 'megan', 'meiyoumima', 'melanie', 'memory', 'memphis', 'meow', 'mercedes', 'mercury', 'metal', 'metallic', 'mexico', 'meihuidc', 'media123', 'media', 'megajoy', 'media.123', 'mengyu8505', 'mengyu2010', 'mengyu2009', 'mengyu85', 'mengyu850', 'mengyu2011', 'mei.li', 'mei.wang', 'mei.yang', 'mei.zhang', 'mei.chen', 'mei.liu', 'meddocto', 'media', 'mediatransfers', 'medtech', 'meng', 'meteo', 'mexal'],
'mf',['mfkgakg', 'mf'],
'mg',['mg', 'mgulani', 'mgzy2008', 'mgao', 'mgh', 'mghit', 'mghl2k', 'mgm'],
'mh',['mhgkhg', 'mhzxkjdx', 'mh', 'mhasan', 'mhb', 'mhlee'],
'mi',['misanthrope', 'misogynist', 'miamin', 'mibhar', 'mibsam', 'mibzar', 'micah', 'micaiah', 'mice', 'micha', 'michael', 'michah', 'michaiah', 'michal', 'michmas', 'michmash', 'michmethah', 'michri', 'midday', 'middin', 'middle', 'middlemost', 'midian', 'midianite', 'midianites', 'midianitish', 'midnight', 'midst', 'midwife', 'midwives', 'mielke', 'migdalel', 'migdalgad', 'migdol', 'might', 'mightest', 'mightier', 'mighties', 'mightiest', 'mightily', 'mighty', 'migron', 'mijamin', 'mikloth', 'mikneiah', 'milalai', 'milcah', 'milch', 'milcom', 'mildew', 'mile', 'miletum', 'miletus', 'milk', 'mill', 'millet', 'millions', 'millo', 'mills', 'millstone', 'millstones', 'mincing', 'mind', 'minded', 'mindful', 'minding', 'minds', 'mine', 'mingle', 'mingled', 'miniamin', 'minish', 'minished', 'minister', 'ministered', 'ministereth', 'ministering', 'ministers', 'ministration', 'ministry', 'minni', 'minnith', 'minstrel', 'minstrels', 'mint', 'minus', 'miphkad', 'miracle', 'miracles', 'mire', 'miriam', 'mirma', 'mirth', 'miry', 'misc', 'miscarrying', 'mischief', 'mischiefs', 'mischievous', 'miserable', 'miserably', 'miseries', 'misery', 'misgab', 'mishael', 'mishal', 'misham', 'misheal', 'mishma', 'mishmannah', 'mishraites', 'mispereth', 'misrephothmaim', 'miss', 'missed', 'missing', 'mist', 'mistress', 'misused', 'mite', 'mites', 'mithcah', 'mithnite', 'mithredath', 'mitre', 'mitylene', 'mixed', 'mixt', 'mixture', 'mizar', 'mizpah', 'mizpar', 'mizpeh', 'mizraim', 'mizzah', 'Michel', 'Michela', 'Michelangelo', 'Michelle', 'Michkovitch', 'Midas', 'Mieke', 'Mielikki', 'Mikawa', 'Mikhailov', 'Mikkeli', 'Mikko', 'Mikula', 'Mila', 'Milankovitch', 'Milbourn', 'Mildred', 'Milet', 'Miller', 'Millis', 'Millman', 'Mimi', 'Mimosa', 'Minerva', 'Mineura', 'Minnaert', 'Minsk', 'Mireille', 'Miriam', 'Mirnaya', 'Mironov', 'Misa', 'Misuzu', 'Mitaka', 'Mitake-mura', 'Mitchella', 'Mitidika', 'Mitlincoln', 'Miune', 'Mizuho', 'miami', 'micavibrio', 'micdadei', 'michigan', 'michiganense', 'michiganensis', 'microaerobic', 'microaureus', 'microbacterium', 'microbispora', 'micrococcus', 'microcyclus', 'microcystis', 'microdentium', 'microellobosporia', 'microflavus', 'microfusus', 'microm', 'micromonospora', 'micropolyspora', 'micros', 'microscilla', 'microsporum', 'microsporus', 'microstreptospora', 'microtetraspora', 'microti', 'middlesbrough', 'midhurst', 'midway', 'migulanus', 'miharaensis', 'mikawashima', 'mikawasima', 'mildenbergii', 'milleri', 'millesi', 'milletiae', 'millettiae', 'milwaukee', 'mim', 'mima', 'mimicus', 'minetti', 'mini', 'miniatomyceticus', 'minima', 'minimum', 'minimus', 'minna', 'minneapolis', 'minnesota', 'minoensis', 'minor', 'minus', 'minutisclerotica', 'minutiscleroticus', 'minutisporangius', 'minutissimum', 'minutulum', 'minutum', 'minutus', 'miotherma', 'mira', 'mirabilis', 'mirum', 'misakiensis', 'misawaensis', 'misawanensis', 'mishmarhaemek', 'misionensis', 'mission', 'mississippi', 'missouriensis', 'mitajiri', 'mitakaensis', 'mitior', 'mitis', 'mitsuokella', 'mixta', 'mixtus', 'miyazaki', 'mizutaii', 'microsoft', 'mings$%^&', 'micsonicsong', 'MINGMINGZUIAIFEI520', 'MINGMINGZUIAIFEI', 'mingming', 'MINGMINGZUIAIFEI123', 'mingmin', 'MINGAIFEI', 'mirucwzw', 'microsoft', 'mikes666', 'mirdns', 'micro', 'mirage', 'min21minzkdns.com!(*%', 'mima2008', 'minister', 'mima', 'mings$%^&', 'micsonicsong', 'mimamima', 'mir2006', 'mir2007', 'mir2.com', 'mimasa', 'micro', 'mirage', 'minminmin', 'min21minzkdns.com!(*%', 'min1985minzkdns.com!(*%', 'min86minzkdns.com!(*%', 'mirdns', 'mindlinktechcs000185449390', 'mimamima', 'mir2006', 'mir2007', 'mir2.com', 'mimasa', 'micro', 'mirage', 'mi#sfSDG23', 'mingyouxirenshengzhong8888', 'minminmin', 'mingxingglz', 'micro', 'mirage', 'michael', 'michael1969', 'michelle', 'mike', 'mimi', 'mimina', 'mimipp', 'mingming', 'minnie', 'mis124p', 'mission', 'miumiu', 'miaomiaomao', 'mingchao', 'minmin20-~', 'ming', 'Michell', 'Mickey', 'Mikey', 'Miller', 'Mittens', 'michael.', 'michel', 'michele', 'micro', 'midnight', 'midori', 'mikael', 'mike1', 'miki', 'miles', 'millie', 'million', 'mima', 'mindy', 'mine', 'minou', 'mirage', 'miranda', 'mirror', 'misha', 'mishka', 'missy', 'misty', 'mitch', 'mitchell', 'mimashiduoshao', 'mingyang963', 'min.zhang', 'min.wang', 'min.li', 'ming.li', 'min.liu', 'min.chen', 'ming.zhang', 'min.yang', 'ming.chen', 'ming.liu', 'min.zhou', 'min.zhao', 'ming.yang', 'ming.wang', 'min.huang', 'min.xu', 'michael', 'michi', 'mikael', 'mike', 'milind', 'mine', 'minecraft', 'ming', 'mingle', 'minhduc', 'mini', 'min.xu', 'miqbal', 'mirae', 'mis', 'miso', 'mitu', 'mizan'],
'mj',['mjala', 'mjimwema', 'mj2dyh', 'mjadmin'],
'mk',['mkamba', 'mk123456', 'mklv', 'mkoijn', 'mkoijn', 'mkh'],
'ml',['MLKMef12669136116', 'mlmlsslk', 'mlxz#19860725', 'MLKMef12669136116', 'mlmlsslk', 'ml096', 'mltr46', 'ml'],
'mm',['mm1237', 'mmmmmm', 'mmiyy520', 'mmddkk88pp,./', 'mmidcmm', 'mm758', 'mmidc123456', 'mm123456', 'mmidc2008', 'mmiyy5211', 'mmddkk88pp,./', 'mmidcmm', 'mm758', 'mmidcmm', 'mmidc123456', 'mm123456', 'mmm123', 'mmllsvv', 'mmmmmm', 'mmmmmmm', 'mmtt', 'mmx2', 'mmm', 'mm1733cs', 'mmbubu416416', 'mm1237', 'mm1237', 'mm', 'mmz'],
'mn',['mnb', 'mnbv', 'mnbvc', 'mnbvcx', 'mnbvcxz', 'mnason', 'Mnemosyne', 'mnbvcxz', 'mnbvcxz', 'MNBlkjPOIO98', 'mnbvcxz', 'mnbvcxz', 'MNBlkjPOIO98', 'mnbvcxz', 'mnbvcxz', 'mnb19821210', 'mnbvcxz', 'mngr123', 'mnmn', 'mnbvcxz123', 'mnbvcxz'],
'mo',['modula', 'moguls', 'molsongolden', 'moonpie', 'moosehead', 'moab', 'moabite', 'moabites', 'moabitess', 'moabitish', 'moadiah', 'mock', 'mocked', 'mocker', 'mockers', 'mockest', 'mocketh', 'mocking', 'mockings', 'moderately', 'moderation', 'moderator', 'modern', 'modest', 'moist', 'moistened', 'moisture', 'moladah', 'mole', 'molech', 'moles', 'molid', 'mollified', 'moloch', 'molten', 'moment', 'momentous', 'mon', 'money', 'moneychangers', 'moneylenders', 'monogram', 'monsters', 'month', 'monthly', 'months', 'monuments', 'moon', 'moons', 'morasthite', 'mordecai', 'more', 'moreh', 'moreover', 'moreshethgath', 'morever', 'moriah', 'morning', 'morrow', 'morsel', 'morsels', 'mortal', 'mortality', 'mortally', 'mortar', 'morter', 'mortgaged', 'mortify', 'mosera', 'moseroth', 'moses', 'most', 'mote', 'moth', 'motheaten', 'mother', 'mothers', 'motions', 'mouldy', 'mount', 'mountain', 'mountains', 'mounted', 'mounting', 'mounts', 'mourn', 'mourned', 'mourner', 'mourners', 'mourneth', 'mournfully', 'mourning', 'mouse', 'mouth', 'mouths', 'move', 'moveable', 'moved', 'movedst', 'mover', 'moves', 'moveth', 'moving', 'mower', 'mowings', 'mown', 'moza', 'mozah', 'Mocia', 'Modena', 'Modestia', 'Moeller', 'Moguntia', 'Mohler', 'Moira', 'Moisseiev', 'Moldavia', 'Moliere', 'Mombasa', 'Monachia', 'Monica', 'Monnig', 'Montague', 'Montana', 'Montefiore', 'Monterosa', 'Moore', 'Moore-Sitterly', 'Mora', 'Morabito', 'Moravia', 'Moreau', 'Morosovia', 'Morris', 'Morrison', 'Moskva', 'Moskvina', 'Moultona', 'Mourao', 'Mozartia', 'moatsii', 'mobaraense', 'mobaraensis', 'mobeni', 'mobile', 'mobilis', 'mobiluncus', 'mocamedes', 'moderatus', 'modestohalophilus', 'modestum', 'modicum', 'modicus', 'moellerella', 'moero', 'mogden', 'mojavensis', 'mokola', 'molade', 'molare', 'moldaviae', 'molessey', 'molischianum', 'mollaretii', 'monachus', 'monasius', 'mondeor', 'mongzi', 'moniliforme', 'moniliformis', 'monjakov', 'mono', 'monobiae', 'monocytogenes', 'monomycini', 'monosporus', 'mons', 'monschaui', 'montana', 'montevalerio', 'montevideo', 'montgomery', 'montreal', 'monymusk', 'mooris', 'mooseri', 'moravica', 'moraxella', 'morbi', 'morbificans', 'morbillorum', 'morehead', 'morganella', 'morganii', 'mori', 'moriokaense', 'morningside', 'mornington', 'moro', 'morocco', 'morococcus', 'morookaense', 'morookaensis', 'morotai', 'moroto', 'morrhuae', 'morrisoni', 'morsprunorum', 'mortiferum', 'mortivallis', 'morum', 'moscow', 'mosdok', 'mosselbay', 'moualine', 'moundou', 'mountmagnet', 'mountpleasant', 'moussoro', 'mowanjum', 'mozdok', 'mobile', 'moremoney1234', 'monkey1', 'mojiezuo', 'mokw', 'mollyqi', 'monet', 'money', 'monny223', 'moora', 'moorning', 'mootsies', 'moli', 'Monday', 'Monkey', 'Monster', 'Montana', 'Morris', 'Mother', 'modem', 'molly', 'molly1', 'molson', 'mom', 'money1', 'monica', 'monique', 'monopoly', 'montreal', 'moocow', 'mookie', 'moomoo', 'moon', 'moose', 'morgan', 'moroni', 'mortimer', 'mountain', 'mouse', 'mouse1', 'mozart', 'mongo123', 'moyu2011', 'money', 'mobilenetgames', 'modlogan', 'mohasin', 'mohith', 'mohsin', 'momin', 'mominicd', 'mongodb', 'mongodb2', 'monir', 'moniruddin', 'monit', 'monit1', 'moodle', 'moon', 'mosleh', 'mostafiz', 'mouammer', 'movies'],
'mp',['mps', 'mpila', 'mpouto', 'mp3', 'mpi'],
'mq',['mqm'],
'mr',['mr.', 'mr.roger', 'mrcharlie', 'mrgoodbar', 'mrwonderful', 'Mr.Spock', 'Mrinalini', 'Mrkos', 'Mr.Spock', 'Mr._Spock', 'mr08171', 'mrgool_mrgool', 'mrgool_010'],
'ms',['mster', 'mssqladmin', 'mstsc972204936', 'msidc', 'msidc_123', 'mster', 'mssqladmin', 'msconfig20', 'msnit.cn', 'mster', 'msconfig360', 'msidc!@#', 'msidc!@#$%^&*(', 'msidc', 'msconfig20', 'msnit.cn', 'mster', 'msconfig20', 'mster', 'msz1230++', 'msnit.cn', 'mster', 'ms6163', 'ms0083jxj', 'msi4561491', 'mstq', 'msg', 'mskim', 'mskim1', 'msp', 'msr'],
'mt',['mt.xinu', 'mtxinu', 'Mtskheta', 'Mt&8Q2v#A', 'mttch9', 'mt'],
'mu',['musicbox', 'much', 'mufflers', 'mulberry', 'mule', 'mules', 'multi', 'multiple', 'multiplied', 'multipliedst', 'multiplieth', 'multiply', 'multiplying', 'multitude', 'multitudes', 'munition', 'munitions', 'muppim', 'murder', 'murderer', 'murderers', 'murders', 'murmur', 'murmured', 'murmurers', 'murmuring', 'murmurings', 'murrain', 'muse', 'mused', 'mushi', 'mushites', 'musical', 'musicians', 'musick', 'musing', 'must', 'mustard', 'mustered', 'mustereth', 'mutter', 'muttered', 'mutual', 'muzzle', 'Muazzez', 'Mundleria', 'Munoz', 'Muonio', 'Murakami', 'Murayama', 'Muriel', 'Murmansk', 'Murray', 'Musa', 'Musashino', 'Muschi', 'Mussorgskia', 'Mustel', 'mucidolens', 'mucilagenosus', 'mucilaginosus', 'mucoflavus', 'mucor', 'mucoruber', 'mucosa', 'mucosalis', 'mucosus', 'muelleri', 'muenchen', 'muenster', 'muggia', 'muguga', 'muizenberg', 'mul', 'mulieris', 'multiacidus', 'multifermentans', 'multiforme', 'multiformis', 'multiglobuliferum', 'multilocale', 'multipara', 'multiparus', 'multiplex', 'multispiralis', 'multispirans', 'multivorans', 'multivorum', 'multocida', 'mundonobo', 'mundsburg', 'mundtii', 'mura', 'murayamaensis', 'murdtii', 'muridarum', 'murini', 'murinus', 'muris', 'muriseptica', 'murisepticum', 'murium', 'murray', 'murraya', 'murrayi', 'musacearum', 'muscae', 'mustelae', 'mutabilis', 'mutans', 'mutomycini', 'mustpass', 'mustpassword', 'mushazi888', 'mumabielai', 'mushazi888', 'muhaifeng', 'muhaifeng', 'mushazi888', 'muziyuadmin', 'music', 'music19941203', 'Muffin', 'Murphy', 'Mustang', 'muma', 'n', 'mushazi888', 'mudabbir', 'muhith', 'muk', 'mukit', 'muktadir', 'multi', 'munir', 'murali', 'mustafiz'],
'mv',[],
'mw',['mwogolo', 'mwq71674861'],
'mx',['mxsoft1234!@#$', 'mxfeng&%))m', 'mxfeng', 'mxsoft1234!@#$', 'mxfeng&%))m', 'mxfeng', 'mxsadw12!@#cd', 'mxsadw12!@#', 'mxsadw12!@#ad', 'mx&*920296496', 'mxshow', 'mxy'],
'my',['mycroftxxx', 'mycroftyyy', 'mypasswd', 'mypassword', 'my', 'myra', 'myrrh', 'myrtle', 'myself', 'mysia', 'mysteries', 'mystery', 'Myrrha', 'mycarofaciens', 'mycetoides', 'mycob', 'mycobacterium', 'mycococcus', 'mycoides', 'mycoplana', 'mycoplanecinus', 'mycoplasma', 'myocastoris', 'myricae', 'myrsinacearum', 'mysorens', 'mytili', 'myxococcoides', 'myxococcus', 'myxofaciens', 'myxogenes', 'myxomicrobium', 'myxosarcina', 'n', 'mylovexiaozhu888168', 'mylove', 'mysteelsoft', 'mylove', 'myhome', 'mypm.net', 'mysql19543', 'mysqlroot1230', 'mysql1230', 'mysqldata', 'my@777888', 'myibm888', 'mysteelsoft', 'mysqldata1230', 'mysqlroot6780', 'mylove', 'myhome', 'myxinyuee', 'mysteelsoft', 'mydx', 'mydx123445', 'mydx123', 'myzyx728', 'myxinyuee', 'mysteelsoft', 'mysteelsoft', 'mydx', 'mydx123445', 'mydx123', 'myiee.com', 'mychina', 'mychinaidc', 'mychinahost.cn', 'mychinaidc123', 'myzyx728', 'myspace1', 'my2001', 'myf7501', 'myhome232', 'mylovepang', 'mysystem', 'myths', 'mystar..', 'myadmin', 'myhwlj', 'myjsj256idc', 'myiee.com', 'mysql', 'mysql1', 'mysql2'],
'mz',['mzjmzj', 'mzh'],
'na',['nakamichi', 'napoleon', 'naam', 'naamah', 'naaman', 'naamathite', 'naamites', 'naarah', 'naarai', 'naaran', 'naarath', 'naashon', 'naasson', 'nabal', 'naboth', 'nachon', 'nachor', 'nadab', 'nagge', 'nahalal', 'nahaliel', 'nahallal', 'nahalol', 'naham', 'nahamani', 'naharai', 'nahari', 'nahash', 'nahath', 'nahbi', 'nahor', 'nahshon', 'nahum', 'nail', 'nailing', 'nails', 'nain', 'naioth', 'naked', 'nakedness', 'name', 'named', 'namely', 'names', 'nameth', 'naomi', 'naphish', 'naphtali', 'naphtuhim', 'napkin', 'narcissus', 'narrative', 'narrow', 'narrowed', 'narrower', 'narrowly', 'nathan', 'nathanael', 'nathanmelech', 'nation', 'nations', 'native', 'nativity', 'natural', 'naturally', 'nature', 'naught', 'naughtiness', 'naughty', 'naum', 'navel', 'naves', 'navy', 'nay', 'nazarene', 'nazarenes', 'nazareth', 'nazarite', 'nazarites', 'Naantali', 'Nadeev', 'Nadezhda', 'Naef', 'Naema', 'Naerum', 'Nakano', 'Namaqua', 'Namba', 'Namibia', 'Nancy', 'Naniwa', 'Nanking', 'Nanna', 'Nanon', 'Nansenia', 'Napolitania', 'Nasi', 'Nassovia', 'Nata', 'Natalie', 'Natascha', 'Nauheima', 'Nausikaa', 'Navajo', 'naam', 'naan', 'nachshonim', 'nad', 'naeslundii', 'naestved', 'naganashii', 'naganishii', 'naganoensis', 'nagasakiensis', 'nagoya', 'nairobi', 'nakataecor', 'nakataecorchori', 'nakura', 'namibi', 'namibia', 'nancy', 'nanergou', 'nanga', 'naniwaensis', 'nannocystis', 'napoli', 'naraensis', 'narashino', 'narbonensis', 'nashua', 'nashvillensis', 'nasoniae', 'natal', 'natalensis', 'natans', 'natatorius', 'natriegenes', 'natriegens', 'natronobacterium', 'natronococcus', 'natto', 'naucinus', 'nautarum', 'nautica', 'navarrensis', 'naviforme', 'naware', 'nanren', 'nanjingidc.com', 'nanjing', 'narnia1900@qq.com', 'nanren', 'nana9998', 'nanjingidc.com', 'na1234', 'Nascar', 'Natasha', 'Nathan', 'name', 'nancy', 'naomi', 'napoleon', 'nat', 'nautica', 'nana2010', 'na.li', 'na.wang', 'na.zhang', 'na.liu', 'nan.zhang', 'nag1os', 'nagios', 'nagiosadmin', 'nagiosuser', 'nagius', 'nam', 'nan', 'nargis', 'naveen', 'navi', 'nawaz', 'nayan', 'nazmul'],
'nb',['nb', 'NBBTI0912nbbti', 'NB123445', 'nb123445', 'nb123456', 'NB123456', 'NB1234567', 'NB147258', 'NBBTI0912nbbti', 'NB123445', 'nb123445', 'nb123456', 'NB123445', 'nb123445', 'NB123456', 'NB1234567', 'NB147258', 'nb123456', 'nb2008', 'NBA861113'],
'nc',['nchanga', 'NcHaMSxgcupG', 'nc', 'ncloveyl', 'ncslarry', 'NCC1701', 'ncc1701d', 'ncc1701e'],
'nd',['nd', 'Ndola', 'ndahambukuje', 'ndambari', 'ndjamena', 'ndolo', 'ndex', 'ndex', 'ndex', 'ndeer.com'],
'ne',['nearmiss', 'neckrub', 'net', 'netlinks', 'network', 'networks', 'newblood', 'newkid', 'newkids', 'newuser', 'newusers', 'newworld', 'newyork', 'neah', 'neapolis', 'near', 'nearer', 'neariah', 'nebai', 'nebaioth', 'nebajoth', 'neballat', 'nebat', 'nebo', 'nebuchadnezzar', 'nebuchadrezzar', 'nebushasban', 'nebuzaradan', 'necessary', 'necessities', 'necessity', 'necho', 'neck', 'necks', 'necromancer', 'nedabiah', 'need', 'needed', 'needest', 'needeth', 'needful', 'needle', 'needlework', 'needs', 'needy', 'neesings', 'neglect', 'neglected', 'neglecting', 'negligent', 'nehelamite', 'nehemiah', 'nehum', 'nehushta', 'nehushtan', 'neiel', 'neighbour', 'neighbours', 'neighed', 'neighing', 'neighings', 'neither', 'nekeb', 'nekoda', 'nemuel', 'nemuelites', 'nepheg', 'nephew', 'nephews', 'nephish', 'nephishesim', 'nephthalim', 'nephtoah', 'nephusim', 'ner', 'nereus', 'nergal', 'nergalsharezer', 'neri', 'neriah', 'nest', 'nests', 'net', 'nethaneel', 'nethaniah', 'nether', 'nethermost', 'nethinims', 'netophah', 'netophathi', 'netophathite', 'netophathites', 'nets', 'nettles', 'network', 'networks', 'never', 'nevertheless', 'neverthless', 'new', 'newborn', 'newly', 'newness', 'news', 'newsgroup', 'newsgroups', 'next', 'neziah', 'nezib', 'Nealley', 'Neckar', 'Nefertiti', 'Nehalennia', 'NeiMonggol', 'NeiMonggol', 'Nei_Monggol', 'Neith', 'Nekrasov', 'Nele', 'Nemausa', 'Nemesis', 'Nemo', 'Nenetta', 'Neoptolemus', 'Nephele', 'Nephthys', 'Nepryadva', 'Nerina', 'Nerthus', 'Nesterov', 'Nestor', 'Netto', 'Netzel', 'Neugebauer', 'Neujmina', 'Neva', 'Nevanlinna', 'Newburn', 'Newcombia', 'Newell', 'Newtonia', 'Nezarka', 'neapolitana', 'neapolitanus', 'neasden', 'nebraskens', 'nebraskense', 'nebraskensis', 'neburosus', 'necator', 'necessarius', 'necrogenes', 'necromonas', 'necrophor', 'necrophorum', 'necrophorus', 'neftenbach', 'neg', 'negative', 'negev', 'neis', 'neisseria', 'nematophil', 'nematophilus', 'nemestrinae', 'neoaurum', 'neocaliberis', 'neocarzinostaticus', 'neoformans', 'neolactis', 'neoopaca', 'neopaca', 'neopolitanus', 'neorickettsia', 'neotomae', 'nephridii', 'nephtidii', 'neptuna', 'neptunium', 'nereida', 'nereis', 'nerii', 'nessa', 'nessziona', 'nesterenkovii', 'neteri', 'netropsis', 'neudorf', 'neuii', 'neukoelln', 'neumuenster', 'neurolyticum', 'neustonensis', 'neutrophilus', 'nevskia', 'new', 'newbrunswick', 'newcastle', 'newhaw', 'newington', 'newlands', 'newmexico', 'newport', 'newrochelle', 'newyork', 'nexile', 'neyagawaensis', 'netpass', 'netpassword', 'new', 'net', 'net001', 'netsparc', 'netstat-an', 'Newwindows@888', 'netzjwh', 'netlan1234%^&*', 'netlan2008', 'newvpsmicrosoft', 'netbank.cn', 'network', 'new', 'net', 'New**!!HFCAd!sd119', 'NEW!!HFCAd!sd119', 'New**!!HFCAd!sd119', 'NEW!!HFCAd!sd119', 'Netmovie_2009', 'netzjwh', 'netlan', 'news', 'netsparc', 'new', 'netlan1234%^&*', 'netbank.cn', 'netbank', 'netbank2008', 'netlan1234^', 'Net4.0fordn1on@#$%^&', 'Net2.0fordn1on@#$%^&', 'netover', 'netover_server', 'netkuu1q2w', 'netlan12345^', 'netlan2008', 'NEW!!HFCAd!sd119', 'netzjwh', 'netlan', 'news', 'netsparc', 'new', 'netzjwh', 'netlan', 'news', 'netsparc', 'netlan1234%^&*', 'netbank.cn@))(', 'netbank.com@))(', 'netlan', 'netbank', 'nef1529.', 'netbank.cn', 'netbank', 'netbank2008', 'news', 'netlan1234%^&*', 'NewLife!$&oyqh999', 'neck0497', 'nellyahoo', 'never', 'network', 'netroot', 'nexon', 'newyear', 'netshell', 'Nelson', 'Newton', 'ne1469', 'nebraska', 'nellie', 'nemesis', 'nesbitt', 'netware', 'new', 'newcourt', 'newpass', 'news', 'newuser', 'newyork', 'newserver1024', 'netbank.cn@009', 'netbank.cn', 'netbank.com@))(', 'netlan', 'netbank', 'Nedongidc!@#', 'netbank.cn@))(', 'news', 'netpassword', '1', 'nelman', 'nemoto', 'net', 'netdump', 'netdump1', 'network', 'new', 'newsletter', 'newsroom', 'newuser'],
'nf',['nfnf123', 'nfvip.com', 'nfvip', 'nforge', 'nfsnobod'],
'ng',['ngaparou', 'ngili', 'ngor', 'ngozi', 'ng2008', 'nguyen', 'nginx'],
'nh',['nh350424', 'nh431869', 'nhs39f40201'],
'ni',['nigger', 'nightmare', 'nihaoma', 'nibhaz', 'nibshan', 'nicanor', 'nicodemus', 'nicolaitanes', 'nicolas', 'nicopolis', 'niger', 'nigh', 'night', 'nights', 'nimrah', 'nimrim', 'nimrod', 'nimshi', 'nine', 'nineteen', 'nineteenth', 'ninety', 'nineve', 'nineveh', 'ninevites', 'ninth', 'nisan', 'nisroch', 'nitre', 'Nicholson', 'Nicolaia', 'Nicole', 'Niels', 'Niepce', 'Nihondaira', 'Nike', 'Nikko', 'Nikonov', 'Nina', 'Ningxia', 'Ninina', 'Nininger', 'Niobe', 'Nipponia', 'Nissen', 'ni', 'niacini', 'niacinogenes', 'niakhar', 'niamey', 'niarembe', 'nicaragua', 'nicotiana', 'nicotianae', 'nicotinovorans', 'nienstedten', 'nieukerk', 'nigellus', 'niger', 'nigeria', 'nigra', 'nigrapulchrituda', 'nigrapulchritudo', 'nigrescens', 'nigricans', 'nigrifaciens', 'nigrificans', 'nigrifluens', 'nigripulchritudo', 'nigriviridis', 'nigrogriseolus', 'nigromaculans', 'nigroviolens', 'niigataensis', 'nijmegen', 'nikolaifleet', 'niloese', 'nima', 'nimes', 'nimipressualis', 'nimipressuralis', 'nipponensis', 'nipponicum', 'nirasa', 'nishinomiyaensis', 'nishizawae', 'nissili', 'nitra', 'nitratus', 'nitrificans', 'nitrilophilus', 'nitritogenes', 'nitritollens', 'nitrobacter', 'nitrococcus', 'nitrofigilis', 'nitrohostilis', 'nitroreducens', 'nitrosococcus', 'nitrosocystis', 'nitrosolobus', 'nitrosomonas', 'nitrosospira', 'nitrospina', 'nitrospira', 'nitrosporeus', 'nitrosus', 'nivea', 'niveo', 'niveoalba', 'niveoruber', 'niveus', 'nix', 'nihao', 'nihaoma', 'nishishei', 'nishama', 'nimabi', 'nishizhu', 'niaocao', 'niaochao', 'nick', 'nimade', 'Nicholas', 'niuniu', 'nimabi', 'nishama', 'nimabi', 'nishizhu', 'nimabi', 'niuni!@#qwe456', 'Nie83+_Cq2gG6($v$)Zp', 'niuniandaji', 'nick', 'nimabi', 'ningbocom', 'niubi99CHINA', 'nihao', 'nishishabi', 'nihuai9999', 'nick', 'nimabi', 'ningbocom', 'niubi99CHINA', 'nick', 'nimabi', 'nihao', 'nishishabi', 'nishuohaomaz', 'nihao2036035', 'nishibushi', 'nimabi', 'nimabi', 'nick', 'ni853967', 'nicegirl', 'nickb829', 'night', 'nijia3202', 'nina94', 'nini', 'niqiuping', 'niuniu', 'nishiwodeshei', 'nitbb', 'nihao123', 'Nicole', 'Nirvana', 'Nissan', 'nicarao', 'nicholas', 'nick', 'niki', 'nikita', 'nimabi', 'nimrod', 'niners', 'nirvana1', 'nite', 'nicholaschin', 'NICK_5921', 'ning.wang', 'ning.li', 'ning.zhang', 'nick', 'nimabi', 'niarach', 'nice', 'nick', 'nickname', 'nicole', 'nightrio', 'nikhil', 'nina', 'nining'],
'nj',['njimko,lp', 'nj8888'],
'nk',[],
'nl',['nl123456', 'nl123456', 'nl1206'],
'nm',['nmma', 'nmb', 'nmrsu', 'nms'],
'nn',['nnrzs2008', 'nnkle8r', 'nnn123', 'nnnnnn', 'nnt008', 'nnwu', 'nnwu1'],
'no',['nobody', 'nofun', 'northwest', 'nosecret', 'notes', 'notrespass', 'novacancy', 'noway', 'no', 'noadiah', 'noah', 'nob', 'nobah', 'noble', 'nobleman', 'nobles', 'nobody', 'nod', 'nodab', 'noe', 'nogah', 'nohah', 'noise', 'noised', 'noisome', 'non', 'none', 'noon', 'noonday', 'noontide', 'noph', 'nophah', 'nor', 'north', 'northern', 'northward', 'nose', 'noses', 'nostrils', 'not', 'notable', 'note', 'noted', 'notes', 'noteworthy', 'nothing', 'notice', 'notwithstanding', 'nought', 'nourish', 'nourished', 'nourisher', 'nourisheth', 'nourishing', 'nourishment', 'nov', 'novice', 'now', 'nows', 'Nocturna', 'Noel', 'Noemi', 'Nofretete', 'Nojiri', 'Nolli', 'Nongoma', 'Nonie', 'Nora', 'Nordenmarkia', 'Nordenskiold', 'Norma', 'Normannia', 'Northcott', 'Nostalgia', 'Notburga', 'Novikov', 'Noviomagum', 'Novorossijsk', 'no', 'nobilis', 'noboritoensis', 'nocard', 'nocardia', 'nocardiodes', 'nocardioides', 'nocardiopsis', 'noctiluca', 'nodatum', 'nodosum', 'nodosus', 'nogalater', 'noguchi', 'noguchia', 'noguchii', 'nojiriensis', 'nola', 'nomentano', 'non', 'nona', 'nonchromogenicum', 'noncitrophila', 'nondenitrificans', 'nondiastaticum', 'nondiaststicum', 'nonfermenter', 'nonliquefaciens', 'nonnitritogenes', 'nonreducans', 'nonreducens', 'nonureaolyticum', 'noordhoek', 'norcardi', 'nordufer', 'norton', 'norwich', 'nostoc', 'not', 'noterae', 'notoensis', 'nottingham', 'noursei', 'nova', 'novaecaesareae', 'novellus', 'novicida', 'novoverticillius', 'novum', 'novyi', 'novyii', 'nowawes', 'noxia', 'nodream', 'nowtop.net', 'noahgc987', 'nownetcn', 'noname', 'noname2008', 'NoGaH$@!', 'nodream', 'noprefix', 'nowtop.net', 'noprefix', 'norris123', 'noadmin', 'nohack', 'noid', 'nokia', 'nolove', 'nono', 'nonsense', 'nortel', 'norton', 'norya', 'nosunday9', 'nothing', 'notouching', 'noloveren', 'none', 'norman', 'notused', 'nownetcn', 'no1', 'nobin', 'noer', 'noirfemme', 'nologin', 'NOLOGIN', 'noreply', 'no-reply', 'not', 'notes', 'notes2', 'nothing', 'notice', 'nova'],
'np',['NpS@1eTDaMPUr7&j^w4', 'NpS@1eTDaMPUr7&j^w4hSQ$60', 'NpC'],
'nq',[],
'nr',['nroff', 'nrxhdz514'],
'ns',['nss', 'nsf0cus', 'nsf0cus123', 'nsa', 'nsb', 'nsc', 'nsd', 'nse', 'nsf', 'nsg', 'nsh', 'nsi', 'nsj', 'nsk', 'nsl', 'nsm', 'nsn', 'nso', 'nsp', 'nsq', 'nsr', 'nss', 'nst', 'nsu', 'nsv', 'nsw', 'nsx', 'nsy', 'nsz'],
'nt',['nt', 'ntidc', 'ntidc', 'ntidc', 'ntidc', 'ntidc', 'ntidc', 'ntidc', 'nt2000', 'ntlxsstop', 'nta', 'ntb', 'ntc', 'ntd', 'nte', 'ntf', 'ntg', 'nth', 'nti', 'ntj', 'ntk', 'ntl', 'ntm', 'ntn', 'nto', 'ntq', 'ntr', 'nts', 'ntt', 'ntu', 'ntv', 'ntw', 'ntx', 'nty', 'ntz'],
'nu',['nuke', 'nukem', 'number1', 'numberone', 'nursie', 'number', 'numbered', 'numberest', 'numbering', 'numbers', 'numerous', 'nun', 'nunes', 'nurse', 'nursed', 'nursing', 'nurture', 'nuts', 'Nuki', 'Numerowia', 'Numidia', 'Nummela', 'Nurmela', 'Nuwa', 'nuatja', 'nuclear', 'nucleatum', 'nucleogenes', 'nuernberg', 'nulandii', 'nutgersensis', 'nuc9ntp40', 'nuhoucn', 'nuhoucn', 'nuhoucn', 'nunu', 'Number1', 'nugget', 'number9', 'nurse', 'nugraheni', 'nugroho', 'nurhayati', 'nuri', 'nuritest', 'nuryono'],
'nv',['nvren', 'nvren'],
'nw',[],
'nx',[],
'ny',['nymphas', 'Nyanza', 'Nymphe', 'Nysa', 'nyanza', 'nyborg', 'nycobacterium', 'nyeko', 'o', 'nyinfonyinfo', 'nyinfo', 'nyxh123', 'nyomms'],
'nz',[],
'oa',['OAOidc', 'OAOidc123!@#', 'OAOidc123', 'oak', 'oaks', 'oar', 'oars', 'oath', 'oaths', 'oakridgensis', 'oaoidc1100', 'oaoidc1110', 'oaoidc1101', 'oaoidc2007', 'oaoidc2008', 'oaoidc123', 'oaoidc123456', 'OAO9iisGOGO~!@yytt6', 'oaoidc', 'oaoidc1100', 'oaoidc1110', 'oaoidc1101', 'oaoidc2007', 'oaoidc2008', 'oaoidc123', 'oaoidc123456', 'oaoidc', 'oaoidc6688', 'oaoidc6688', 'oaoidc123', 'oasdfiosdklgjdfk', 'oatmeal', 'oaoidc159', 'oaoidc', 'oaoidc9', 'oaoidc2010', 'oaoidchd666', 'oaoidc.com', 'OAOidc123@#', 'OAOidc', 'OAOidc123!@#', 'OAOidc123'],
'ob',['obadiah', 'obal', 'obed', 'obededom', 'obedience', 'obedient', 'obeisance', 'obey', 'obeyed', 'obeyedst', 'obeyeth', 'obeying', 'obil', 'object', 'oblation', 'oblations', 'oboth', 'obscure', 'obscurity', 'observation', 'observe', 'observed', 'observer', 'observers', 'observest', 'observeth', 'obstinate', 'obtain', 'obtained', 'obtaineth', 'obtaining', 'obviously', 'Oberndorfer', 'Obruchev', 'obesumbacterium', 'obeum', 'obogu', 'obscuriglobus', 'obscurus', 'obtusa', 'obuense', 'obuensis', 'object', 'object2008', 'object', 'objectftproot', 'object', 'objectftproot', 'object', 'obiwan', 'object'],
'oc',['occasion', 'occasioned', 'occasions', 'occupation', 'occupied', 'occupiers', 'occupieth', 'occupy', 'occur', 'occurrences', 'occurrent', 'occurs', 'ocran', 'Oceana', 'Ocllo', 'Octavia', 'occultum', 'occultus', 'oce', 'oceanica', 'oceanicum', 'oceanitis', 'oceanosedimentum', 'oceanospirillum', 'oceanus', 'ochlogu', 'ochracae', 'ochracea', 'ochraceiscleroticus', 'ochraceoverticillatum', 'ochraceus', 'ochragerus', 'ochrobactrum', 'ochroleucus', 'ochrosporus', 'ochsenwrder', 'ochsenzoll', 'octamycini', 'oculi', 'ochwlq117', 'oceanstar', 'oct1079', 'October', 'ocnc123', 'ocnc2009', 'ocnc2010', 'ocnc!@#', 'ocnc#@!', 'ocnc123321', 'ocnc123456', 'ocnc123654', 'ocnc123123', 'ocarOcar1q2w3e4r', 'ocnc123'],
'od',['odd', 'oded', 'odious', 'odour', 'odours', 'Oda', 'Odessa', 'Odishaw', 'Odysseus', 'od', 'odense', 'odontolyticus', 'odontomyces', 'odorans', 'odoratum', 'odorifer', 'odorifera', 'od9s5t3', 'odDs22Z+'],
'oe',['Oenone', 'oedematiens', 'oenos', 'oerlikon', 'oerskovia', 'oevelgoenne', 'oen3389'],
'of',['of', 'off', 'offence', 'offences', 'offend', 'offended', 'offender', 'offenders', 'offer', 'offered', 'offereth', 'offering', 'offerings', 'office', 'officer', 'officers', 'offices', 'offscouring', 'offspring', 'oft', 'often', 'oftener', 'oftentimes', 'ofttimes', 'offa', 'office2003', 'office2003', 'office', 'office', 'office'],
'og',['og', 'Ogyalla', 'ogaensis', 'oganonensis', 'ogawa', 'ogbote', 'ogidc756888', 'oGArNpywc_GbRenH', 'oGArNpywc_GbRenH'],
'oh',['ohwell', 'oh', 'ohad', 'ohel', 'ohio', 'OHiggins', 'Ohio', 'Ohsaki', 'Ohtaki', 'ohio', 'ohlstedt', 'ohhot', 'ohhot', 'ohdeul', 'ohedul'],
'oi',['oil', 'oiled', 'ointment', 'ointments', 'OISCA', 'Oishi', 'oidiosporus'],
'oj',['Ojima'],
'ok',['ok', 'Okavango', 'Okayama', 'Okudzhava', 'okaensis', 'okanaganae', 'okeanokoites', 'okefoko', 'okenii', 'okerara', 'okok3811', 'ok', 'okxr', 'okokokok', 'ok', 'okokok', 'okxr123456', 'ok2008', 'ok', 'okxr', 'okokokok', 'ok', 'okokok', 'okokokokok', 'okokokok', 'okokok', 'okok', 'okxr2008', 'ok123445', 'okqy', 'okxr', 'okxr123445', 'okidc', 'okzj123', 'okzj123445', 'okqy123445', 'okxr123', 'okxr123123', 'okxr654321', 'ok', 'okxr.com', 'ok123456', 'okzj123456', 'okqy123456', 'okxr123456', 'okxrdns', 'okxr159357+-*/', 'okxr159357', 'OK231', 'okokokokok', 'okokokok', 'okokok', 'okok', 'okxr2008', 'ok123445', 'okqy', 'okxr', 'okxr123445', 'okidc', 'okzj123', 'okzj123445', 'okqy123445', 'okxr123', 'okxr123123', 'okxr654321', 'ok', 'okokokokok', 'okokokok', 'okokok', 'okok', 'okxr2008', 'ok123445', 'okzj123', 'okzj123445', 'okqy123445', 'okxr123', 'okxr123123', 'okxr654321', 'okxr.com', 'ok123456', 'okzj123456', 'okqy123456', 'okxr123456', 'okSSSer#', 'ok8888', 'ok888888', 'okxrdns', 'okxr159357+-*/', 'okxr159357', 'OK231', 'okokokok', 'ok', 'okokok', 'okokokok', 'okcu', 'okok', 'okbtcol787', 'oknoyi333', 'okm7655', 'okokokokok', 'okokokok', 'okokok', 'okok', 'ok', 'ok'],
'ol',['oldlady', 'old', 'oldness', 'olive', 'olives', 'olivet', 'oliveyard', 'oliveyards', 'olympas', 'OlausMagnus', 'OlausMagnus', 'Olaus_Magnus', 'Olbersia', 'OleRomer', 'OleRomer', 'Ole_Romer', 'Oleshko', 'Olga', 'Oliver', 'Olivia', 'Oljato', 'Olshaniya', 'Olympia', 'Olympiada', 'oldenburg', 'oleae', 'oleandomycini', 'olentangyi', 'oleovorans', 'oligella', 'oligocarbophilus', 'oligochromogenes', 'oligospora', 'oligotropha', 'oligotrophica', 'olindensis', 'olitorii', 'olivacea', 'olivaceiscleroticus', 'olivaceogriceus', 'olivaceoviridis', 'olivaceus', 'olivoasterospora', 'olivochromogenes', 'olivochromogenus', 'olivocinereus', 'olivogriseus', 'olivomycini', 'olivoreticuli', 'olivoreticulum', 'olivoriticuli', 'olivoverticillatum', 'olivoverticillatus', 'olivoviridis', 'olten', 'oldking', 'olive', 'Oliver', 'olivia', 'olivier'],
'om',['omar', 'omega', 'omer', 'omers', 'omit', 'omitted', 'omnipotent', 'omri', 'Omarkhayyam', 'omderman', 'omifisan', 'omnivorum', 'omc123', 'omidc', 'omidc2011', 'omidc2010', 'omidc.com', 'omcuser'],
'on',['onionrings', 'on', 'onam', 'onan', 'once', 'one', 'ones', 'onesimus', 'onesiphorus', 'onions', 'only', 'ono', 'onward', 'onycha', 'onyx', 'Onizuka', 'Onnie', 'Ontake', 'ona', 'onarimom', 'onarimon', 'onderspoorte', 'onderstepoort', 'ondina', 'ontario', 'onlyidc', 'onlyidc232', 'onlyidc.com', 'onlyidc', 'onlyidc232', 'onlyidc', 'only', 'only123456', 'onlyidc123789+', 'onlyidc.com', 'onlyidc', 'only', 'onlyidc', 'only123456', 'onlyidc78963', 'only123#$%', 'onlyidc1q2w3e', 'onlycdn', 'onlyidcqqqa', 'onlyidcaa123', 'onlycdn', 'onlyidcqqq2', 'onlyidc125qwe', 'onlyidcka174', 'onlyidc235', 'onlyidc17ksd', 'onlyidc00123', 'onlyidc147258', 'onlyidceit', 'ons@sh2008', 'onlyidc2008', 'onlyidc2009', 'onlyidczj73', 'onlyidc@qazxc..', 'onlyidc123abc', 'onlyidcqwsa', 'onlyidc@1qasw', 'onlyidcqaz123', 'onlyidcqwe', 'onlyidc1qa2ws', 'onlyidc216243', 'onlyidc159357', 'onlyidc220220', 'onlyidc1998', 'onlyidcqaz', 'onlyidc123abc', 'onlyidc!@#abc', 'onlycdn10799', 'onlyidczj57', 'onlyidc', 'onlyidc220220', 'onlyidcqaz', 'onlyidc123aaa', 'onlyidc8899a', 'onlyidcqqa', 'onlyidc147258', 'onlycdn10799', 'onecat', 'only', 'Online', 'one', 'onlyidc', 'only.520', 'onlyidc2010', 'onlyidc.com', 'onlyidc.com!@#', 'onlyidc.com2010', 'onlinecq', 'onlinecq.com', 'onlyidc123123', 'onlyidc07051230', 'onlyidc0705', 'onlyidc070511', 'onlyidc2011'],
'oo',['oops', 'Oongaq', 'Oort', 'Oosterhoff', 'oorti', 'oortii', 'ooooo', 'ooo000', 'ooo000', 'ooo000', 'ooo123', 'ooo000', 'ooo000', 'ooo000', 'OOOOOOOOOO'],
'op',['openbar', 'opendoor', 'opensaysme', 'opensesame', 'open', 'opened', 'openest', 'openeth', 'opening', 'openings', 'openly', 'opens', 'operation', 'operations', 'ophel', 'ophir', 'ophni', 'ophrah', 'opinion', 'opinions', 'opportunity', 'oppose', 'opposed', 'opposest', 'opposeth', 'opposite', 'oppositions', 'oppress', 'oppressed', 'oppresseth', 'oppressing', 'oppression', 'oppressions', 'oppressor', 'oppressors', 'Ophelia', 'Opik', 'Oppavia', 'Oppolzer', 'Ops', 'opaca', 'opacus', 'opalescens', 'opklm,./', 'open3389', 'open4489', 'op9090', 'op123456', 'opop', 'op9090', 'op123456', 'opop', 'op9090', 'op123456', 'opop', 'op1380972249$', 'op9090', 'op123456', 'opop', 'op123456', 'opel', 'openc', 'opqw', 'open', 'opus', 'op9090', 'op123456', 'opop', 'open', 'openbraov', 'openbravo', 'openerp', 'openvpn', 'oper', 'opr'],
'oq',['OQMW33zGNTDyiAFr'],
'or',['orangeline', 'orca', 'or', 'oracle', 'oracles', 'oration', 'orator', 'orchard', 'orchards', 'ordain', 'ordained', 'ordaineth', 'order', 'ordered', 'ordereth', 'orderings', 'orderly', 'ordinance', 'ordinances', 'ordinary', 'oreb', 'oren', 'organ', 'organization', 'organs', 'originally', 'orion', 'ornament', 'ornaments', 'ornan', 'orpah', 'orphans', 'Orangia', 'Orchis', 'Orelskaya', 'Oriola', 'Orlenok', 'Orlov', 'Ornamenta', 'Orpheus', 'Orthos', 'Ortrud', 'Ortutay', 'orale', 'oralis', 'oraniemburg', 'oranienburg', 'orbiscindens', 'ord', 'ordalii', 'ordonez', 'oregon', 'oregonense', 'oregonensis', 'organoparus', 'organophilum', 'organotrophum', 'organovorum', 'oribaculum', 'orientali', 'orientalis', 'orientis', 'orinoci', 'orion', 'oris', 'oritamerin', 'orlando', 'orleanensis', 'orleans', 'ornatus', 'ornithinolytica', 'ornithobacterium', 'oroticum', 'orvenco', 'oryzae', 'oryzicola', 'oryzihabitans', 'oRe5_=WR', 'oracle', 'oracle', 'oracle', 'organization', 'oracle', 'oracle', 'organization', 'oracle', 'oranger', 'orchid', 'Orange', 'Orlando', 'oranges', 'orion', 'oracle', 'oracle', 'oracle1', 'oracle10', 'oracle11', 'oracle11g', 'oracrp', 'orademo', 'oradev', 'oraebs', 'oraprod', 'orauat', 'org'],
'os',['osee', 'oshea', 'ospray', 'ossifrage', 'ostrich', 'ostriches', 'Osiris', 'Osita', 'Oskar', 'Ostanina', 'Ostara', 'OSteen', 'Ostenia', 'Ostro', 'Ostrovskij', 'os', 'oscamicetus', 'oscillatoria', 'oscillochlor', 'oscillochloris', 'oscillospira', 'oskarshamn', 'oslo', 'osloensis', 'osnabrueck', 'ossamyce', 'ossamyceticus', 'ostermani', 'ostermanii', 'ostreogriseus', 'ostrinae', 'ostriniae', 'oscar', 'OSF', 'ospfd'],
'ot',['ot', 'other', 'others', 'otherwise', 'othni', 'othniel', 'Oterma', 'Otero', 'Otila', 'Ottegebe', 'Otthild', 'Ottilia', 'OttoSchmidt', 'OttoStruve', 'OttoSchmidt', 'Otto_Schmidt', 'OttoStruve', 'Otto_Struve', 'otakiensis', 'othmarchen', 'othmarschen', 'otitidis', 'otitidiscaviarum', 'otitis', 'ottawa', 'ottershaw', 'otrs'],
'ou',['outlaw', 'outtolunch', 'ouches', 'ought', 'oughtest', 'our', 'ours', 'ourselves', 'out', 'outcast', 'outcasts', 'outer', 'outgoings', 'outlandish', 'outline', 'outlived', 'outmost', 'outrageous', 'outrun', 'outside', 'outstretched', 'outward', 'outwardly', 'outwent', 'Oulu', 'Ounas', 'Outeniqua', 'ouakam', 'oudwijk', 'oulora', 'oulorum', 'ouou', 'OU812', 'oucaihai', 'oupuZ^#%*3681arsenal', 'oupu^#%*3681arsenal'],
'ov',['overthrow', 'overtime', 'oven', 'ovens', 'over', 'overcame', 'overcharge', 'overcharged', 'overcome', 'overcometh', 'overdrive', 'overflow', 'overflowed', 'overfloweth', 'overflowing', 'overflown', 'overinterpretation', 'overlaid', 'overlay', 'overlaying', 'overlived', 'overlooked', 'overmuch', 'overpass', 'overpast', 'overplus', 'overran', 'overrunning', 'oversee', 'overseer', 'overseers', 'overshadow', 'overshadowed', 'oversight', 'overspread', 'overspreading', 'overtake', 'overtaken', 'overtaketh', 'overthrew', 'overthrow', 'overthroweth', 'overthrown', 'overtook', 'overturn', 'overturned', 'overturneth', 'overwhelm', 'overwhelmed', 'ovale', 'ovalis', 'ovata', 'ovatus', 'oved', 'overchurch', 'overschie', 'overvecht', 'ovipneumoniae', 'ovis', 'ovolyticus'],
'ow',['owns', 'owe', 'owed', 'owest', 'oweth', 'owl', 'owls', 'own', 'owner', 'owners', 'owneth', 'Owa', 'Owensby', 'owasiensis', 'owen!@#'],
'ox',['ox', 'oxen', 'ox', 'oxalaticus', 'oxalicum', 'oxaliferum', 'oxaliticus', 'oxalobacter', 'oxamicetus', 'oxamicus', 'oxford', 'oxidans', 'oxidase', 'oxidoreducens', 'oxk', 'oxoniensis', 'oxydans', 'oxytoca', 'oxford', 'p'],
'oy',['oyonnax', 'oysterbeds', 'oyy1984tanaa', 'oyymaster007', 'oyymaster007'],
'oz',['ozem', 'ozias', 'ozni', 'oznites', 'ozaenae', 'ozanae', 'p'],
'pa',['painless', 'pakistan', 'pampers', 'papers', 'parallel', 'paranoia', 'passwd', 'password', 'password', 'paarai', 'paces', 'pacified', 'pacifieth', 'pacify', 'padan', 'padanaram', 'paddle', 'padon', 'pagiel', 'pahathmoab', 'pai', 'paid', 'pain', 'pained', 'painful', 'painfulness', 'pains', 'painted', 'paintedst', 'painting', 'pair', 'palace', 'palaces', 'palal', 'pale', 'paleness', 'palestina', 'palestine', 'pallu', 'palluites', 'palm', 'palmerworm', 'palms', 'palsies', 'palsy', 'palti', 'paltiel', 'paltite', 'pamphylia', 'pan', 'pangs', 'pannag', 'pans', 'pant', 'panted', 'panteth', 'paper', 'paphos', 'paps', 'parable', 'parables', 'paradise', 'paradoxes', 'paramours', 'paran', 'parbar', 'parcel', 'parched', 'parchments', 'pardon', 'pardoned', 'pardoneth', 'pare', 'parents', 'parlour', 'parlours', 'parmashta', 'parmenas', 'parnach', 'parosh', 'parshandatha', 'part', 'partaker', 'partakers', 'partakest', 'parted', 'parteth', 'parthians', 'partial', 'partiality', 'particular', 'particularly', 'parties', 'parting', 'partition', 'partly', 'partner', 'partners', 'partridge', 'parts', 'paruah', 'parvaim', 'pasach', 'pasdammim', 'paseah', 'pashur', 'pass', 'passage', 'passages', 'passed', 'passedst', 'passengers', 'passest', 'passeth', 'passing', 'passion', 'passions', 'passover', 'passovers', 'past', 'pastor', 'pastors', 'pasture', 'pastures', 'patara', 'pate', 'path', 'pathros', 'pathrusim', 'paths', 'pathway', 'patience', 'patient', 'patiently', 'patmos', 'patriarch', 'patriarchs', 'patrimony', 'patrobas', 'pattern', 'patterns', 'pau', 'paul', 'paulus', 'paved', 'pavement', 'pavilion', 'pavilions', 'paw', 'paweth', 'paws', 'pay', 'payed', 'payeth', 'payment', 'PaavoNurmi', 'PaavoNurmi', 'Paavo_Nurmi', 'Padua', 'Paeonia', 'Pafuri', 'Paganini', 'Paijanne', 'Painleva', 'Pakhmutova', 'Pala', 'Palala', 'Palamedes', 'Palatia', 'Pales', 'Palisana', 'Pallas', 'Palma', 'Palomaa', 'Paloque', 'Pamela', 'Pamina', 'Panacea', 'Pandarus', 'Pandora', 'Pannonia', 'Panopaea', 'Paola', 'Paolicchi', 'Papagena', 'Papanov', 'Paracelsus', 'Paradise', 'Parana', 'Parchomenko', 'Parenago', 'Pariana', 'Paris', 'Parsifal', 'Parthenope', 'Parvulesco', 'Parysatis', 'Pasacentennium', 'Pasadena', 'Pasasymphonia', 'Pasternak', 'Patientia', 'Paton', 'Patria', 'Patrice', 'Patricia', 'PatrickGene', 'PatrickGene', 'Patrick_Gene', 'Patroclus', 'Patry', 'Patsayev', 'Patsy', 'Patterson', 'Paul', 'Paula', 'Paulina', 'Pauly', 'Pawlowia', 'Pawona', 'Pax', 'Payne-Gaposchkin', 'pabuli', 'pacifica', 'pacificus', 'pactum', 'padanus', 'padlewskia', 'paidjan', 'pakistan', 'pakistani', 'palaearctica', 'palamaner', 'palime', 'pallens', 'palleroni', 'palleronii', 'pallida', 'pallido', 'pallidoaurantiacus', 'pallidocoerulea', 'pallidum', 'pallidus', 'palustre', 'palustris', 'panama', 'panayensis', 'panici', 'pankow', 'pantoea', 'pantothenticus', 'pantotropha', 'papavericola', 'papaveris', 'papuana', 'papuensis', 'papulans', 'papulosa', 'papyro', 'para', 'parabotulinum', 'parabrevis', 'parabuchneri', 'paracasei', 'paracholerae', 'paracitrovorum', 'paracoccus', 'paracochleatus', 'paracolobactrum', 'paraconjugatus', 'paracuniculus', 'paradisiaca', 'paradoxum', 'paradoxus', 'paradysenteriae', 'paraffinae', 'paraffineus', 'paraffinica', 'paraffinicum', 'paraffinoliticum', 'paraffinolyticus', 'parafortuitum', 'paragallinarum', 'paraguayensis', 'parahaemolytica', 'parahaemolyticus', 'parainfluenzae', 'paraldehydium', 'paraluiscuniculi', 'paramesenteroides', 'paramomycinus', 'parapatan', 'parapaucimobilis', 'paraperfringens', 'parapertussis', 'paraphenylpyruvica', 'paraphrohaemolyticus', 'paraphrophilus', 'parapsilosis', 'paraputrificum', 'parasanguis', 'parasiticum', 'parasuis', 'paratuberculosi', 'paratuberculosis', 'paratyphi', 'parauberis', 'paredis', 'parelongata', 'parera', 'paris', 'parisiensis', 'parker', 'parkeri', 'parkroyal', 'paromomycinus', 'paronomycinus', 'paronto', 'parontospora', 'parooe', 'parooensis', 'parow', 'parthenii', 'parva', 'parvisporogenes', 'parvisporogenum', 'parvopolyspora', 'parvula', 'parvullus', 'parvulum', 'parvulus', 'parvum', 'parvus', 'pascens', 'pascullei', 'pasing', 'paspali', 'passcullei', 'passiflorae', 'paste', 'pasteuranus', 'pasteurella', 'pasteuri', 'pasteuria', 'pasteurian', 'pasteurianum', 'pasteurianus', 'pasteurii', 'pastinacae', 'pastorianus', 'patelii', 'pathocidicus', 'patience', 'patoc', 'paucidiastaticus', 'paucimobilis', 'paucimobilish', 'paucisporogenes', 'paucivorans', 'pauliniae', 'paullina', 'paulo', 'paulus', 'paurometabola', 'paurometabolum', 'pavonacea', 'pavonaceae', 'paynteri', 'parad123', 'passwd', 'password', 'palhui', 'pass', 'password', 'pass', 'pass123', 'pass123456', 'password123', 'password123456', 'panshi111', 'passion', 'pass123', 'pass2008', 'passmima', 'pass', 'password1', 'password888', 'password111', 'password110', 'password', 'passwd', 'padan', 'patterson&19840830', 'patterson719840830', 'pamdx', 'panshi888', 'panshi', 'panshi123', 'panshi2008', 'password2008', 'PAEN23ZI23', 'panshi111', 'panshi371', 'pangyuany', 'password', 'pass', 'password1', 'password888', 'password111', 'password110', 'passidc', 'panshiwangluo', 'panshi', 'panshi2009', 'pass', 'passwd', 'panshi1234', 'panshi12369', 'panshi14789', 'password123', 'panshi', 'paipaila', 'PAIPAILA', 'passwordsa', 'paper@()*', 'Password123', 'password1', 'panshi123', 'pass123', 'panshi371', 'pass', 'passwd', 'panshi1234', 'panshi12369', 'panshi14789', 'password123', 'panshi', 'paipaila', 'PAIPAILA', 'pass', 'passwordsa', 'panshi', 'panshi11', 'panshi123', 'panshi123456', 'panjun24', 'paper@()*', 'Password123', 'password1', 'password1', 'pass', 'password', 'password', 'paboajuma', 'pansu888', 'panyufeng', 'paradise', 'parker', 'passme', 'passwd', 'passwor1', 'panni', 'pass', 'panyuanhuyou', 'Pacers', 'Packard', 'Packer', 'Packers', 'Paladin', 'Pamela', 'Pantera', 'Panther', 'Passwor', 'Patches', 'Patrick', 'pacific', 'painter', 'panda', 'pandora', 'papa', 'paris', 'parrot', 'pascal', 'passion', 'pat', 'patricia', 'paul', 'paula', 'pass@word', 'pass', 'panshi', 'panlei8039', 'password!@#', 'pass!@#', 'parr0lla789', 'panshi11', 'panshi123', 'panshi123456', 'passwerd0zero', 'panshi0426', 'pass', 'password', 'paiman', 'pan.zhang', 'pargono', 'pargono1', 'pariwisata', 'partha', 'partho', 'party', 'passwd', 'password', 'patriciar', 'patrol', 'pattinaja', 'paul'],
'pb',['pba', 'pbb', 'pbc', 'pbd', 'pbe', 'pbf', 'pbg', 'pbh', 'pbi', 'pbj', 'pbk', 'pbl', 'pbm', 'pbn', 'pbo', 'pbp', 'pbq', 'pbr', 'pbs', 'pbt', 'pbu', 'pbv', 'pbw', 'pbx', 'pby', 'pbz'],
'pc',['pcat', 'pcxt'],
'pd',['pdlyangium', 'pda', 'pdb', 'pdc', 'pdd', 'pde', 'pdf', 'pdg', 'pdh', 'pdi', 'pdj', 'pdk', 'pdl', 'pdm', 'pdn', 'pdo', 'pdp', 'pdq', 'pdr', 'pds', 'pdt', 'pdu', 'pdv', 'pdw', 'pdx', 'pdy', 'pdz'],
'pe',['peanutbutter', 'pegasus', 'penis', 'peace', 'peaceable', 'peaceably', 'peacemakers', 'peacocks', 'pearl', 'pearls', 'peculiar', 'pedahel', 'pedahzur', 'pedaiah', 'pedigrees', 'peeled', 'peep', 'peeped', 'pekah', 'pekahiah', 'pekod', 'pelaiah', 'pelaliah', 'pelatiah', 'peleg', 'pelet', 'peleth', 'pelethites', 'pelican', 'pelonite', 'pen', 'pence', 'peniel', 'peninnah', 'penknife', 'penny', 'pennyworth', 'pentateuch', 'pentecost', 'penuel', 'penury', 'people', 'peoples', 'peor', 'peradventure', 'perazim', 'perceive', 'perceived', 'perceivest', 'perceiveth', 'perceiving', 'perdition', 'peres', 'peresh', 'perez', 'perezuzza', 'perezuzzah', 'perfect', 'perfected', 'perfecting', 'perfection', 'perfectly', 'perfectness', 'perform', 'performance', 'performed', 'performeth', 'performing', 'perfume', 'perfumed', 'perfumes', 'perga', 'pergamos', 'perhaps', 'perida', 'peril', 'perilous', 'perils', 'perish', 'perished', 'perisheth', 'perishing', 'perizzite', 'perizzites', 'perjured', 'permission', 'permit', 'permitted', 'pernicious', 'perpetual', 'perpetually', 'perplexed', 'perplexity', 'persecute', 'persecuted', 'persecutest', 'persecuting', 'persecution', 'persecutions', 'persecutor', 'persecutors', 'perseverance', 'persia', 'persian', 'persians', 'persis', 'person', 'persons', 'perspectives', 'persuade', 'persuaded', 'persuadest', 'persuadeth', 'persuading', 'persuasion', 'persude', 'pertain', 'pertained', 'pertaineth', 'pertaining', 'peruda', 'perverse', 'perversely', 'perverseness', 'pervert', 'perverted', 'perverteth', 'perverting', 'pestilence', 'pestilences', 'pestilent', 'pestle', 'peter', 'pethahiah', 'pethor', 'pethuel', 'petition', 'petitions', 'peulthai', 'Peale', 'Pearce', 'Pecker', 'Pedersen', 'Peiroos', 'Peitho', 'Peking', 'Pelagia', 'Pele', 'Pels', 'Peltier', 'Pemba', 'Penelope', 'Penthesilea', 'Penza', 'Pepita', 'PerBrahe', 'Peraga', 'PerBrahe', 'Per_Brahe', 'Perec', 'Perkin', 'Perovskaya', 'Perrotin', 'Persephone', 'Perseverantia', 'Perth', 'Pervictoralex', 'Peter', 'Petrina', 'Petropolitana', 'Pettengill', 'Petunia', 'pecorum', 'pectinatus', 'pectinis', 'pectinophilus', 'pectinoschiza', 'pectinovora', 'pectinovorum', 'pectionolyticum', 'pectionovorum', 'pectobacterium', 'pedalii', 'pediculatus', 'pediococcus', 'pedioformis', 'pedis', 'pedomicrobium', 'pekinense', 'pekinensis', 'pelagi', 'pelagia', 'pelagica', 'pelagicum', 'pelagicus', 'pelagius', 'pelargonii', 'pelczaria', 'pellegrini', 'pellegrino', 'pelletieri', 'pelliculosus', 'pelobacter', 'pelodictyon', 'pelophila', 'penarth', 'pendens', 'penemifaciens', 'penetrans', 'penicillatus', 'penicillium', 'penicillum', 'pennamericanum', 'penneri', 'penniseti', 'pensacola', 'pentaticum', 'pentosaceum', 'pentosaceus', 'pentosus', 'peoriae', 'peptococcus', 'peptonophilus', 'peptostreptococcus', 'perameles', 'percedol', 'percolans', 'peregrinum', 'perenne', 'perfectomarina', 'perfilievii', 'perfingens', 'perflava', 'perfoetens', 'perfringens', 'perinet', 'periodonticum', 'periodontii', 'perlurida', 'pernyi', 'perolens', 'perometabolis', 'peromysci', 'peroxidans', 'peroxydans', 'persica', 'persicae', 'persicinus', 'persicum', 'persicus', 'pertenue', 'perth', 'pertucinogena', 'pertussis', 'peruviana', 'peruviensis', 'pestifer', 'pestis', 'petersonii', 'petraea', 'petroleophagus', 'petroleophila', 'petroliophila', 'petrophilum', 'petrotoga', 'peuce', 'peuceticius', 'peuceticus', 'peucetius', 'pengzhufuqq..5', 'peiben123', 'peng123', 'peng3322', 'peel1205/.,', 'pengzhufuqq..5', 'peiben123', 'peng123', 'peng3322', 'pengzhihui@!', 'peel1205/.,', 'penggen', 'pentium', 'people', 'Peaches', 'Peanut', 'Pebbles', 'Peewee', 'Penguin', 'Pepper', 'Peter', 'Petunia', 'peace', 'pearl', 'pearljam', 'pedro', 'peggy', 'penelope', 'penny', 'pepsi', 'percy', 'perry', 'pete', 'petey', 'peng.wang', 'peng.zhang', 'peng.li', 'peng.liu', 'peng.chen', 'pe', 'pepecamacho', 'perbacana', 'pervuhina'],
'pf',['pfennigii', 'pfdl'],
'pg',['pgonderin', 'pgup_2149*end', 'pgyidc', 'pgyidc.com', 'pg5yl8', 'pgadmin', 'pgsql'],
'ph',['phrack', 'phreak', 'phrick', 'phalec', 'phallu', 'phalti', 'phaltiel', 'phanuel', 'pharah', 'pharaoh', 'pharaohhophra', 'pharaohnecho', 'pharaohnechoh', 'phares', 'pharez', 'pharisee', 'pharisees', 'pharosh', 'pharpar', 'pharzites', 'phaseah', 'phebe', 'phenice', 'phenicia', 'phichol', 'philadelphia', 'philemon', 'philetus', 'philip', 'philipians', 'philippi', 'philippians', 'philistia', 'philistim', 'philistine', 'philistines', 'philologus', 'philosophers', 'philosophy', 'phinehas', 'phlegon', 'phrase', 'phrases', 'phrygia', 'phurah', 'phut', 'phuvah', 'phygellus', 'phylacteries', 'physician', 'physicians', 'physics', 'Phaedra', 'Phaeo', 'Phaethon', 'Phaetusa', 'Phereclos', 'Philagoria', 'Philia', 'Philippa', 'Philippina', 'Philoctetes', 'Philomela', 'Philosophia', 'Phocaea', 'Photographica', 'Phryne', 'Phthia', 'Phyllis', 'phaechromogenes', 'phaeobacteroides', 'phaeochromogenes', 'phaeoclathratiforme', 'phaeofaciens', 'phaeopurpureus', 'phaeovibrioides', 'phaeoviridis', 'phaepurpureus', 'phaeum', 'phage', 'phagedenis', 'phagocytophila', 'phaliron', 'pharaonis', 'pharr', 'pharyngis', 'phascolarctobacterium', 'phaseoli', 'phaseolicola', 'phenazinium', 'phenolicum', 'phenon', 'phenylobacterium', 'phenylpyruvica', 'phermani', 'philippiensis', 'philippinense', 'philippinensis', 'philodendroni', 'philomiragia', 'phlei', 'phleipratensis', 'phocacerebrale', 'phocarhinis', 'phocidae', 'phoeniceum', 'phoenix', 'phormidium', 'phormiicola', 'phosalacinea', 'phosalacineus', 'phosphoreum', 'photiniae', 'photobacterium', 'photometricum', 'photorhabdus', 'phyllanthi', 'phyllobacterium', 'physalidicola', 'physalidis', 'phytophtora', 'phytoplanktis', 'phplive', 'phdlytw.', 'phpadmin', 'philips', 'Phillip', 'phantom', 'phil', 'philip', 'phish', 'phoenix', 'phoenix1', 'photo', 'php', 'photo'],
'pi',['pinkfloyd', 'pipeorgan', 'pibeseth', 'pick', 'pictures', 'piece', 'pieces', 'pierce', 'pierced', 'pierceth', 'piercing', 'piercings', 'piety', 'pigeon', 'pigeons', 'pihahiroth', 'pilate', 'pildash', 'pile', 'pileha', 'pilgrimage', 'pilgrims', 'pillar', 'pillars', 'pilled', 'pillow', 'pillows', 'pilots', 'piltai', 'pin', 'pine', 'pineth', 'pining', 'pinnacle', 'pinon', 'pins', 'pipe', 'piped', 'pipers', 'pipes', 'piram', 'pirathon', 'pirathonite', 'pisgah', 'pisidia', 'pison', 'pispah', 'piss', 'pisseth', 'pit', 'pitch', 'pitched', 'pitcher', 'pitchers', 'pithom', 'pithon', 'pitied', 'pitieth', 'pitiful', 'pits', 'pity', 'Pia', 'Piazzia', 'Piccolo', 'Picka', 'Pickeringia', 'Pieksamaki', 'Pielinen', 'Pien', 'Pierre', 'Pierretta', 'Pieters', 'Piironen', 'Pikelner', 'Pilcher', 'PinoTorinese', 'PinoTorinese', 'Pino_Torinese', 'Pippa', 'Pire', 'Pirogov', 'Pirola', 'Pisek', 'Pittsburghia', 'pichia', 'picketii', 'pickettii', 'picolinophilus', 'pictorum', 'piechaudii', 'piedadensis', 'pierantonii', 'pietersburg', 'piger', 'pigra', 'pigrum', 'pikine', 'pikinensis', 'pilifera', 'piliforme', 'pilimelia', 'piliviolofuscus', 'pillotina', 'pilosum', 'pilosus', 'piloviolofuscus', 'pimelobacter', 'pina', 'pinensis', 'pingyangensis', 'piomogenus', 'pipientis', 'pireformis', 'pirella', 'pirellula', 'pirum', 'pisa', 'piscatorium', 'piscatorum', 'piscicida', 'piscicola', 'piscifermentans', 'piscirickettsia', 'piscium', 'pisi', 'pittsburghensis', 'pituitosum', 'pingsoft2184081', 'pingping', 'piaojian', 'pingchina', 'pingchina', 'pingjiyicun', 'pinidc.com2009', 'pinidc.com9477', 'pinidc9477', 'pinidc2009', 'pinidc.com9477', 'pinidc.com', 'pingjiyicun', 'pigpig', 'pingping', 'pity570', 'pipicool', 'Picard', 'Pickle', 'Piglet', 'piano', 'picasso', 'picture', 'pierce', 'pierre', 'pinkfloy', 'pirate', 'pisces', 'pizza', 'pinidc.com9477', 'pinidc.com2010', 'pinidc.com', 'pinidc2010', 'pinidc9477', 'pinidc.com2009', 'piaojian', 'pipi2010', 'ping.wang', 'ping.li', 'ping.li', 'ping.zhang', 'ping.wang', 'ping.wang', 'ping.zhang', 'ping.liu', 'ping.liu', 'ping.chen', 'ping.yang', 'ping.chen', 'pi', 'pico', 'pimg'],
'pj',['pjcjg', 'pja', 'pjb', 'pjc', 'pjd', 'pje', 'pjf', 'pjg', 'pjh', 'pji', 'pjj', 'pjk', 'pjl', 'pjm', 'pjn', 'pjo', 'pjp', 'pjq', 'pjr', 'pjs', 'pjt', 'pju', 'pjv', 'pjw', 'pjx', 'pjy', 'pjz'],
'pk',['pkcitylongan', 'pkpk', 'pkpkpk', 'pkpk', 'pkpkpk', 'pk306129', 'pk167.com_107', 'pka', 'pkb', 'pkbarua', 'pkc', 'pkd', 'pke', 'pkf', 'pkg', 'pkh', 'pki', 'pkj', 'pkk', 'pkl', 'pkm', 'pkn', 'pko', 'pkp', 'pkq', 'pkr', 'pks', 'pkt', 'pku', 'pkv', 'pkw', 'pkx', 'pky', 'pkz'],
'pl',['plaintruth', 'playground', 'plier', 'plugh', 'plumbrandy', 'plymouth', 'place', 'placed', 'places', 'plague', 'plagued', 'plagues', 'plain', 'plainly', 'plainness', 'plains', 'plaister', 'plaistered', 'plaiting', 'planes', 'planets', 'planks', 'plant', 'plantation', 'planted', 'plantedst', 'planters', 'planteth', 'planting', 'plantings', 'plants', 'plat', 'plate', 'plates', 'platted', 'platter', 'plausible', 'play', 'played', 'playedst', 'player', 'players', 'playeth', 'playing', 'plea', 'plead', 'pleaded', 'pleadeth', 'pleadings', 'pleasant', 'pleasantness', 'please', 'pleased', 'pleaseth', 'pleasing', 'pleasure', 'pleasures', 'pledge', 'pledges', 'pleiades', 'plenteous', 'plenteousness', 'plentiful', 'plentifully', 'plenty', 'plotteth', 'plough', 'plow', 'plowed', 'plowers', 'ploweth', 'plowing', 'plowman', 'plowmen', 'plowshares', 'pluck', 'plucked', 'plucketh', 'pluckt', 'plumbline', 'plummet', 'plunge', 'plus', 'Planckia', 'Planman', 'Plaskett', 'Platonov', 'Platzeck', 'Plavsk', 'Plovdiv', 'Plzen', 'pl', 'plagarum', 'planckendael', 'planctomyces', 'planobispora', 'planococcus', 'planomonospora', 'planopolyspora', 'planotetraspora', 'plantaginis', 'plantarii', 'plantarum', 'planticola', 'platensis', 'platypoecilus', 'platys', 'plauti', 'plautii', 'plectonema', 'pleisomonas', 'pleomorpha', 'pleomorphum', 'pleomorphus', 'plesiomonas', 'pleurocapsa', 'pleuropneumoniae', 'plexicaudatum', 'plicatilis', 'plicatus', 'plumbeus', 'pluricolorescens', 'pluton', 'plymouth', 'plymuthica', 'pleasemygod', 'pl,okm', 'pl,okmijn', 'pleasemygod2008', 'Pl0107,./-=', 'pl,okm', 'pl,okmijn', 'pleasemygod2008', 'pl,okmijn', 'plasticfish79', 'playboy', 'player', 'please', 'planet', 'plato', 'play', 'players', 'pluto', 'pl', 'play', 'PlcmSpIp', 'plesk'],
'pm',['pmacn.net', 'pmacn', 'pmacn2008', 'pmc', 'pmb', 'pmx', 'pmx1'],
'pn',['pneumaticum', 'pneumonia', 'pneumoniae', 'pneumonicus', 'pneumophila', 'pneumosintes', 'pneumotropica', 'pNYRARsibfmjDsPV'],
'po',['poiu', 'poiuy', 'poiuyt', 'polarbear', 'porsche', 'porsche914', 'portnoy', 'poster', 'powertool', 'power123', 'power.liu', 'power.yu', 'power.zhao', 'power.com', 'power123.0', 'power0.123', 'pochereth', 'poets', 'point', 'pointed', 'pointing', 'points', 'poison', 'pole', 'policy', 'polished', 'polishing', 'poll', 'polled', 'polls', 'pollute', 'polluted', 'polluting', 'pollution', 'pollutions', 'pollux', 'pomegranate', 'pomegranates', 'pommels', 'pomp', 'ponder', 'pondered', 'pondereth', 'ponds', 'pontius', 'pontus', 'pool', 'pools', 'poor', 'poorer', 'poorest', 'poplar', 'poplars', 'populous', 'poratha', 'porch', 'porches', 'porcius', 'port', 'porter', 'porters', 'portion', 'portions', 'positive', 'possess', 'possessed', 'possessest', 'possesseth', 'possessing', 'possession', 'possessions', 'possessor', 'possessors', 'possible', 'post', 'posted', 'posterity', 'posting', 'postings', 'posts', 'postscript', 'pot', 'potentate', 'potiphar', 'potipherah', 'pots', 'potsherd', 'potsherds', 'pottage', 'potter', 'potters', 'pound', 'pounds', 'pour', 'poured', 'pouredst', 'poureth', 'pouring', 'pours', 'pourtray', 'pourtrayed', 'poverty', 'powder', 'powders', 'power', 'powerful', 'powers', 'Pobeda', 'Pochaina', 'Poesia', 'Pogson', 'Poincare', 'Pokryshkin', 'Polana', 'Polit', 'Polonia', 'Polonskaya', 'Poltava', 'Polyhymnia', 'Polypoites', 'Polyxena', 'Polyxo', 'Polzunov', 'Pomona', 'Pompeja', 'Pongola', 'Ponomarev', 'Popov', 'Pordenone', 'Pori', 'Porphyro', 'Porter', 'Porthan', 'Portlandia', 'Porvoo', 'Porzia', 'Posnania', 'Postrema', 'Potomac', 'Poutanen', 'poae', 'poano', 'poeseldorf', 'poi', 'poinarii', 'poinsettiae', 'poinsettiaecola', 'poinsettiicola', 'polifungini', 'polonica', 'polyangium', 'polycarbophilus', 'polychroma', 'polychromegenus', 'polychromogenes', 'polychromogenus', 'polycolor', 'polyendosporum', 'polyendosporus', 'polymorpha', 'polymorphum', 'polymorphus', 'polymyxa', 'polynucleobacter', 'polyoltrophicus', 'polypragmatus', 'polysaccharae', 'polysaccharea', 'polysaccharogenes', 'polysaccharolyticum', 'polysepta', 'polyspheroidum', 'polyspora', 'polytricha', 'polytropus', 'polytrota', 'pomacea', 'pomaceae', 'pomacii', 'pomi', 'pomona', 'ponticus', 'pontis', 'pontypridd', 'poona', 'poonensis', 'popilliae', 'populeti', 'populi', 'porcinum', 'porcinus', 'poriferae', 'porphyrobacter', 'porphyromonas', 'porri', 'portbech', 'portland', 'portlandvere', 'portsmouth', 'portucalensis', 'pos', 'positive', 'postdam', 'postgatei', 'potengi', 'potosi', 'potsdam', 'potto', 'powell', 'popmusic789', 'power', 'power456', 'power123', 'powerjs.net.!%#yx', 'powerjs.net.^^yxlz', 'poiuytrewq', 'poiuytrewq', 'poiuyt', 'power', 'poco.cn', 'power', 'popmedia', 'power', 'poi098', 'power123445', 'power123', 'power123654', 'power!@#', 'power!@#$%^', 'poiuytrewq', 'postdatetime', 'power123456', 'poiuytrewq1234567890', 'pollyO0O!#%&', 'power(2008)', 'poco.cn', 'power', 'poi098', 'power', 'power123445', 'power123', 'power123654', 'power!@#', 'power!@#$%^', 'poiuytrewq', 'poi098', 'postdatetime', 'power123456', 'poiuytrewq1234567890', 'poiuytrewq', 'power123', 'power123456', 'power', 'power654', 'power.czidc', 'polk,m', 'power123445', 'power123', 'power123654', 'power!@#', 'power!@#$%^', 'power123445', 'power123', 'power123654', 'power!@#', 'power!@#$%^', 'poi098', 'poiuytrewq1234567890', 'poiuytrewq', 'power', 'pokey', 'poleshen', 'polesheng', 'polling', 'ponkylai790824', 'pop83326', 'poppy', 'post97405', 'Polaris', 'Pookie', 'Popcorn', 'Popeye', 'Porsche', 'poiuyt', 'police', 'politics', 'polo', 'pomme', 'poohbear', 'pookie1', 'porsche9', 'porter', 'portland', 'power', 'poweridc', 'portal()%', 'power123', 'power', 'power123456', 'power654', 'power.czidc', 'power2010', 'power123.0', 'power123', 'power.liu', 'power.yu', 'power.zhao', 'power.com', 'power123.0', 'power0.123', 'poi098', 'pol', 'policy', 'poly', 'portal', 'pos', 'postfix', 'postgres', 'postmaster'],
'pp',['ppp123', 'ppp123', 'pppp', 'ppppp', 'PPP', 'pp123321', 'pprasetyo'],
'pq',['pqowieuryt', 'pqowieuryt', 'pqowieuryt', 'pqowieuryt', 'pqowieuryt', 'pqrtwk'],
'pr',['prettyface', 'printer', 'prof.', 'pronghorn', 'practices', 'practise', 'practised', 'praetorium', 'praise', 'praised', 'praises', 'praiseth', 'praising', 'pransing', 'pransings', 'prating', 'pray', 'prayed', 'prayer', 'prayers', 'prayest', 'prayeth', 'praying', 'preach', 'preached', 'preacher', 'preachest', 'preacheth', 'preaching', 'precept', 'precepts', 'precious', 'predestinate', 'predestinated', 'preeminence', 'prefer', 'preferred', 'preferring', 'premeditate', 'preparation', 'preparations', 'prepare', 'prepared', 'preparedst', 'preparest', 'prepareth', 'preparing', 'presbytery', 'prescribed', 'prescribing', 'presence', 'present', 'presented', 'presenting', 'presently', 'presents', 'preserve', 'preserved', 'preserver', 'preservest', 'preserveth', 'presidents', 'press', 'pressed', 'presses', 'presseth', 'pressfat', 'presumably', 'presume', 'presumed', 'presumptuous', 'presumptuously', 'pretence', 'pretty', 'prevail', 'prevailed', 'prevailest', 'prevaileth', 'prevent', 'prevented', 'preventest', 'previously', 'prey', 'price', 'prices', 'pricked', 'pricking', 'pricks', 'pride', 'priest', 'priesthood', 'priests', 'prince', 'princes', 'princess', 'princesses', 'principal', 'principalities', 'principality', 'principles', 'print', 'printed', 'prisca', 'priscilla', 'prised', 'prison', 'prisoner', 'prisoners', 'prisons', 'private', 'privately', 'privily', 'privy', 'prize', 'probability', 'problem', 'problematic', 'problems', 'proceed', 'proceeded', 'proceedeth', 'proceeding', 'process', 'prochorus', 'proclaim', 'proclaimed', 'proclaimeth', 'proclaiming', 'proclamation', 'procure', 'procured', 'procureth', 'produce', 'profane', 'profaned', 'profaneness', 'profaneth', 'profaning', 'profess', 'professed', 'professing', 'profession', 'profit', 'profitable', 'profited', 'profiteth', 'profiting', 'profound', 'progenitors', 'prognosticators', 'prolong', 'prolonged', 'prolongeth', 'promise', 'promised', 'promisedst', 'promises', 'promising', 'promote', 'promoted', 'promoting', 'promotion', 'pronounce', 'pronounced', 'pronouncing', 'proof', 'proofs', 'proper', 'prophecies', 'prophecy', 'prophesied', 'prophesieth', 'prophesy', 'prophesying', 'prophesyings', 'prophet', 'prophetess', 'prophets', 'propitiation', 'proportion', 'proposed', 'proselyte', 'proselytes', 'prospect', 'prosper', 'prospered', 'prospereth', 'prosperity', 'prosperous', 'prosperously', 'prostitute', 'protection', 'protest', 'protested', 'protesting', 'proud', 'proudly', 'prove', 'proved', 'provender', 'proverb', 'proverbs', 'proveth', 'provide', 'provided', 'providence', 'provides', 'provideth', 'providing', 'province', 'provinces', 'proving', 'provision', 'provocation', 'provocations', 'provoke', 'provoked', 'provokedst', 'provoketh', 'provoking', 'prudence', 'prudent', 'prudently', 'prune', 'pruned', 'pruning', 'pruninghooks', 'Praha', 'Prast', 'Praxedis', 'Predappia', 'Preston', 'Pretoria', 'Preziosa', 'Priamus', 'Prieska', 'Primula', 'Princetonia', 'Principia', 'Priscilla', 'Priska', 'Prisma', 'Probitas', 'Prokne', 'Prokofjev', 'Prometheus', 'Proserpina', 'Proskurin', 'Protesilaos', 'Protogeneia', 'Prudentia', 'Prymno', 'Pryor', 'praeacuta', 'praeacutus', 'praecox', 'praevalens', 'pragia', 'praha', 'pramiso', 'prasina', 'prasinopilosus', 'prasinosporus', 'prasinus', 'prausnitzii', 'preisz', 'presov', 'preston', 'pretiosum', 'pretoria', 'pretoriana', 'prevotella', 'prevoti', 'prevotii', 'primatum', 'primigenium', 'primorioxydans', 'primulae', 'princetown', 'pristinaespiralis', 'proactinomyces', 'prochloron', 'prochlorothrix', 'productus', 'proechimys', 'profundum', 'profundus', 'prolinoborus', 'promicromonospora', 'promyxobacterium', 'propinoibacterium', 'propinquum', 'propionibacterium', 'propionica', 'propionici', 'propionicum', 'propionicus', 'propionigenium', 'propionispira', 'propionivibrio', 'propiophenicolus', 'propronibacterium', 'propurpuratus', 'prosperus', 'prosthecobacter', 'prosthecochloris', 'prosthecomicrobium', 'protaminobacter', 'protea', 'proteamacul', 'proteamaculans', 'proteofaciens', 'proteolytica', 'proteolyticum', 'proteolyticus', 'proteus', 'protomonas', 'protophormiae', 'providencia', 'providenciae', 'prowazeki', 'prowazekii', 'pruni', 'prunicolor', 'pruniniger', 'prunispiralis', 'pruniviolaceus', 'print', 'proxy', 'private', 'privatew', 'proxysrv', 'PROXYSRV', 'proxy', 'proxysrv', 'PROXYSRV', 'proxy', 'proxysrv', 'PROXYSRV', 'protel', 'PR0VIEW!', 'Prince', 'praise', 'preston', 'princess', 'prof', 'promethe', 'property', 'president', 'pran', 'prasetyo', 'prashant', 'pratikno2009', 'preprocess', 'prima', 'primevillas', 'print', 'printul', 'priyatna', 'production', 'prueba'],
'ps',['psalm', 'psalmist', 'psalms', 'psalteries', 'psaltery', 'Psyche', 'psammoticus', 'pseuceticus', 'pseud', 'pseudanabaena', 'pseudo', 'pseudoalbus', 'pseudoalcaligenes', 'pseudoamycolata', 'pseudoavium', 'pseudocaedibacter', 'pseudocatenulatum', 'pseudochromogenes', 'pseudodiphtheriae', 'pseudodiphthericum', 'pseudodiphtheriticum', 'pseudoechinosporeus', 'pseudoflava', 'pseudogenitalium', 'pseudogriseolus', 'pseudoiodinum', 'pseudolavendulae', 'pseudolongum', 'pseudomallei', 'pseudomesenteroides', 'pseudomon', 'pseudomona', 'pseudomonas', 'pseudomutans', 'pseudonecrophorum', 'pseudonocardia', 'pseudoplantarum', 'pseudoramosum', 'pseudosalmonicida', 'pseudosporangifera', 'pseudotetanicum', 'pseudotsugae', 'pseudotuberculosis', 'pseudotuberculosismurium', 'pseudotuberculosisovis', 'pseudovenezuelae', 'pseudovulgare', 'psidii', 'psittaci', 'psychrobacter', 'psychroerythrus', 'psychrophila', 'psychrophilum', 'psychrophilus', 'psychrosaccharolyticus', 'psjiqi', 'ps850218/.,', 'ps850218ok/.,', 'ps1205/.,', 'ps1205', 'psjiqi', 'ps850218/.,', 'ps850218ok/.,', 'ps1205/.,', 'ps1205', 'psyche', 'psda', 'Psycho', 'psalms', 'psd', 'pss', 'pssdac', 'pssl', 'psy', 'psybnc'],
'pt',['pt', 'ptolemais', 'pterotermitidis', 'ptyeos', 'ptyseos', 'pttohotbt'],
'pu',['pumkinpie', 'pua', 'puah', 'publican', 'publicans', 'publick', 'publickly', 'publish', 'published', 'publisheth', 'publius', 'pudens', 'puffed', 'puffeth', 'puhites', 'pul', 'pull', 'pulled', 'pulling', 'pulpit', 'pulse', 'punish', 'punished', 'punishment', 'punishments', 'punites', 'punon', 'pur', 'purchase', 'purchased', 'pure', 'purely', 'pureness', 'purer', 'purge', 'purged', 'purgeth', 'purging', 'purification', 'purifications', 'purified', 'purifier', 'purifieth', 'purify', 'purifying', 'purim', 'purity', 'purloining', 'purple', 'purpose', 'purposed', 'purposes', 'purposeth', 'purposing', 'purse', 'purses', 'pursue', 'pursued', 'pursuer', 'pursuers', 'pursueth', 'pursuing', 'purtenance', 'push', 'pushed', 'pushing', 'put', 'puteoli', 'putiel', 'putrifying', 'puttest', 'putteth', 'putting', 'Puijo', 'Pulcova', 'Pumma', 'Punkaharju', 'Pushkin', 'Putnam', 'pueris', 'puerto', 'puertorico', 'pulcher', 'pullorum', 'pulmonis', 'pulpudeva', 'pulveraceus', 'pulveris', 'pulvifaciens', 'pumilis', 'pumilus', 'punctata', 'punicae', 'puniceum', 'puniceus', 'purinolyticum', 'purpeobrunneus', 'purpeochromogenes', 'purpeofuscus', 'purpurascens', 'purpuratum', 'purpurea', 'purpureochromogenes', 'purpureofuscus', 'purpureus', 'purpurogena', 'purpurogeneiscleroticus', 'purpurogeniscleroticus', 'pusilla', 'pusillum', 'pussilla', 'putida', 'putidis', 'putidus', 'putredinis', 'putrefaciens', 'putrescens', 'putridiconchylium', 'putrificum', 'putten', 'puhua', 'puhua138', 'puhua110', 'puhua520', 'puhua330', 'puhua660', 'public', 'puhua', 'puhua138', 'puhua110', 'puhua520', 'puhua330', 'puhua660', 'puhua', 'puhua138', 'puhua110', 'puhua520', 'puhua330', 'puhua660', 'putty', 'puhua', 'puhua138', 'puhua110', 'puhua520', 'puhua330', 'puhua660', 'puffy222', 'pupu', 'Puckett', 'Pumpkin', 'Puppies', 'Purple', 'public', 'punkin', 'puppy', 'puppy123', 'public', 'purek1', 'purek2', 'purek3', 'putri'],
'pv',['pv', 'pvar', 'pvm', 'pvm1'],
'pw',['pwu@intel', 'pwd'],
'px',['pxry.gz', 'pxry.gz.com', 'pxry.gz', 'pxry.gz.com', 'pxzpass'],
'py',['pygarg', 'Pyatigoriya', 'Pyatiletka', 'PyotrPervyj', 'PyotrPervyj', 'Pyotr_Pervyj', 'Pyrrha', 'Pythia', 'pylori', 'pyloridis', 'pyocyanea', 'pyogenes', 'pyridomyceticus', 'pyriformis', 'pyrindicus', 'pyrinus', 'pyrobaculum', 'pyrococcus', 'pyrodictium', 'pyrogallica', 'pyrogenes', 'pyrophilus', 'pyrrocinia', 'q', 'pyrmont', 'pywdn', 'Pyramid', 'python'],
'pz',['pzhen', 'pzx0918'],
'qa',['qazwsx', 'qazxsw', 'qazwsx!@#123', 'qazwsx', 'qazxsw', 'qazwsx!@#123', 'qazxcvbnm,./', 'qazxcvbnm', 'qazwsxedcrfv', 'qazwsxedcrfvtgb', 'qaz13.14', 'qaz!@#', 'qaz520wsx', 'qazxswedc', 'qazwsx', 'qazwsxedc', 'qaz', 'qazxsw', 'qazqazqazqaz', 'qazwsxedcrfvtgbyhnujm', 'qazwsxedcrfvtgbyhn', 'qaz888', 'qazwsx888', 'qazwsx!!!', 'qazwsxedc!@#$%^&*', 'qa123456', 'qaz123456', 'qazwsx!@#123', 'qazpl,', 'QAZXSW', 'QAZXSWEDC', 'qaz47991798', 'qazwsx!@#!@#', 'qazwsx123', 'qaz13.14', 'qaz!@#', 'qazwsxedcrfv', 'qaz520wsx', 'qazxswedc', 'qazwsx', 'qazwsxedc', 'qazwsxedc', 'qazxswedcvfr', 'qa123456', 'qaz123456', 'qaz', 'qazqaz', 'qazqazqaz', 'qazwsx', 'qazwsxedc', 'qaz!!!', 'qaz!@#', 'qazwsx!@#$%^', 'qaqazzz', 'qazqazqazqaz', 'qazwsxedcrfvtgbyhnujm', 'qazwsxedcrfvtgbyhn', 'qaz888', 'qazwsx888', 'qazwsx!!!', 'qazwsxedc!@#$%^&*', 'qazwsx!@#$', 'qazwsxedcrfv', 'qaz47991798', 'qazxsw', 'qazxswedc', 'qawsedrf', 'qazwsxedcrfvtgbyhnujmik', 'qazwsxedcrfvtgbyhnujmik,ol.p;/', 'qazpl,', 'qaz.369', 'qaz963.', 'qazpl,okm', 'qazwsx!@#123', 'qaz123qaz', 'qaz1234qaz', 'qazwsxedc!@#!@#', 'qazwsx123!@#', 'qazwsx!@#!@#', 'qaz~!@#', 'QAZXSW', 'QAZXSWEDC', 'qazxswedcvfr', 'qa123456', 'qaz123456', 'qaz', 'qazqaz', 'qazqazqaz', 'qazwsx', 'qazwsxedc', 'qaz!!!', 'qaz!@#', 'qazwsx!@#$%^', 'qaqazzz', 'qazqazqazqaz', 'qazwsxedcrfvtgbyhnujm', 'qazwsxedcrfvtgbyhn', 'qaz888', 'qazwsx888', 'qazwsx!!!', 'qazwsxedc!@#$%^&*', 'qazwsx!@#$', 'qazxswedcvfr', 'qa123456', 'qaz123456', 'qazwsxedcrfv', 'qaz', 'qazqaz', 'qazqazqaz', 'qazwsx', 'qazwsxedc', 'qaz!!!', 'qaz!@#', 'qazwsx!@#$%^', 'qaqazzz', 'qaz47991798', 'qazxsw', 'qazxswedc', 'qazqazqazqaz', 'qazwsxedcrfvtgbyhnujm', 'qazwsxedcrfvtgbyhn', 'qaz888', 'qazwsx888', 'qazwsx!!!', 'qazwsxedc!@#$%^&*', 'qawsedrf', 'qazwsxedcrfvtgbyhnujmik', 'qazwsxedcrfvtgbyhnujmik,ol.p;/', 'qazpl,', 'qaz.369', 'qaz963.', 'qazwsx!@#$', 'qazpl,okm', 'qazxswedcvfr', 'qazwsxedc', 'qazwsx!@#$%^', 'qazwsx123123', 'qazwsx123!@#', 'QAZ123456', 'qaz', 'qaz1wsx2edc', 'qaz1wsx', 'qazxsw123', 'qazwsx123', 'qaz789!@#', 'qaz456!@#', 'qaz789456!@#', 'qaz456789!@#', 'qaz123!@#', 'qaz789!@#', 'qazwsx!@#123', 'qaz789', 'qas0.123', 'qazpl,', 'qaz.369', 'qaz963.', 'qaz', 'qazwsx', 'qazwsx', 'qazwsxedcrfv', 'qazwsx!@#$%^', 'qazwsx!@#$', 'qaz47991798', 'qazpl,okm', 'qaz', 'qazqaz', 'qazqazqaz', 'qazwsx', 'qazwsxedc', 'qazxsw', 'qaz!!!', 'qazxswedcvfr', 'qazxswedc', 'qaz!@#', 'qazwsx!@#$%^', 'qa123456', 'qaz123456', 'qazxsw', 'qazwsx', 'qazwsxedc', 'qazxdr', 'qaz123', 'qaz123456', 'qazwsx123', 'qaz1qaz', 'qadbb', 'qaz000...', 'qazwsx', 'qazwsxedc!@#$%^', 'qaz123456', 'QAZ123456', 'qazwsxedc', 'qazwsx123', 'qazxswedcvfr', 'qazwsxedcrfv', 'Qaz123wsx!@#', 'qazwsx', 'qazxsw', 'qazwsxedc', 'qaz123456', 'qa123456', 'qaz123456', 'qazwsxedcrfv', 'qaz', 'qazqaz', 'qazqazqaz', 'qazwsx', 'qazwsxedc', 'qaz!!!', 'qaz!@#', 'qazwsx!@#$%^', 'qaqazzz', 'qaz47991798'],
'qb',['qbj6723'],
'qc',['qczje', 'qcx'],
'qd',['qd123456', 'qd', 'qd123456', '', 'qd548ew', 'qd548ew'],
'qe',['qed', 'QeeKa^%@@!%@@', 'QEEKA^%@@!$@@', 'QeeKa^%@@!%@@'],
'qf',['qfcscd22953342810091'],
'qg',[],
'qh',['QHIDC2008', 'qhidc987654', 'qhidc2008', 'qhmtgmhdjjyksfjvn', 'qhdidc', 'qhdidc2010', 'qhdidc2009'],
'qi',['Qingbai', 'qingfengmyceticus', 'qifengjc09001.', 'qingtian1668', 'Qiangqianfang123', 'qing', 'qindao@', 'qianlong', 'qing', 'qindao', 'qianqian', 'qic_2008', 'qingdao', 'Qinghe_IDC', 'qinghe', 'qing_idc', 'qinhecjjmaomao0099', 'qinhecjjnihaoVN', 'qinhecjj88', 'qinjun9527', 'qianjin', 'qinggan123!@#', 'qianlong', 'qing', 'qindao', 'qinmao', 'qiidc', 'qi123456', 'qi1234567', 'qishi65', 'qianjin', 'qingfengyouxi!@#', 'qinmao', 'qiidc', 'qinmao', 'qi123456', 'qi1234567', 'qishiwojieyi', 'qing88', 'qing888', 'qizhan*.-', 'qidc838', 'Qiangqianfang', 'qifengjc09001.', 'qingshu', 'qingshu$', 'qi1056ng', 'qian76', 'qianzhenhua', 'qin7633', 'qing', 'qingguo', 'qingyuan', 'qinyuanqing', 'qiong', 'qiongyao', 'qiqi99', 'qiqiqi', 'qiushaokeasp', 'qiidc', 'qiidc2009', 'qiidc2010', 'qinshou934107', 'qiandafu', 'qiang.li', 'qiang.wang', 'qiang.zhang', 'qiang.liu', 'qian.zhang', 'qian.wang', 'qiang.chen', 'qin.wang', 'qian.li', 'qin.zhang', 'qin.li', 'qian.liu', 'qin.liu'],
'qj',['qj123456qq'],
'qk',[],
'ql',['qlidc', 'qlidc.cn', 'qlsf888.com', 'qlsf888'],
'qm',['qmidc', 'qmidc2008'],
'qn',['qnsjwz6050'],
'qo',[],
'qp',['qpmxwonciebv', 'qpwoeiruty+_)', 'qpwoeiruty', 'qpwoeiru', 'qpwoei', 'qpmxwonciebv', 'qpwoeiruty+_)', 'qpwoeiruty+', 'qpwoeiruty', 'qpmxwonciebv', 'qpwoeiruty+_)', 'qpwoeiruty+', 'qpmxwonciebv', 'qpmxwonciebv', 'qpwoeiruty+_)', 'qpwoeiruty+'],
'qq',['qq123.com', 'qqqqqq', 'qqii', 'qqqqqq', 'qqaazz', 'qq95857', 'qq@123456', 'qq7758520', 'qq5201314', 'qq1314520', 'qqww1122', 'qqq111', 'qqq222', 'qqq999', 'qqq888', 'qqq188', 'qq123456', 'qq.124', 'qq123456789', 'qqqqqq', 'qq1234', 'qq12345', 'qq.com', 'qqsjqmxun', 'qqsjqmxun2', 'qqq123456', 'qqwwee', 'qqwwee123', 'qqwwee1234', 'qqwwee1234%^&*', 'qqwweerr', 'qq13960800870', 'qq123', 'qquejvvn', 'qq', 'qq365', 'qqq111', 'qqq222', 'qqq999', 'qqq888', 'qqq188', 'qq5201314', 'qq123456', 'qq.124', 'qq123456789', 'qqqqqq', 'qq1234', 'qq12345', 'qq984014Xm', 'qq123', 'qq123456', 'qqq123456', 'qq123', 'qq123456789', 'qqqaaa', 'qqwwee', 'qqaazz', 'qqqqqq', 'qqqwww', 'qqpp', 'qq11ww22', 'qq11ww22ee33', 'qq123.0', 'qqq111', 'qq51851828', 'Qq()#*(*', 'qq82762110159', 'qq95857', 'qq.com', 'qq3131', 'qq520', 'qqcml745201314', 'qq313155550', 'qq31315555', 'qq123456', 'qqq123456', 'qq123', 'qq123456789', 'qqqaaa', 'qqwwee', 'qqaazz', 'qqqqqq', 'qq123456', 'qqq123456', 'qq123', 'qq123456789', 'qqqaaa', 'qqwwee', 'qqaazz', 'qqqqqq', 'qqqwww', 'qqpp', 'qq11ww22', 'qq11ww22ee33', 'qq123.0', 'qqq111', 'qqq123', 'qqq123', 'qqqaaa+-*/', 'qq.com', 'qq123456(*&', 'qq123', 'qq123456', 'qq123!@#', 'qq1234567', 'qq2008', 'qq51851828', 'Qq()#*(*', 'qq82762110159', 'qqww999888', 'qq123456', 'qq123.0', 'qqaazz', 'qqwwee', 'qqq111', 'qq123456', 'qqq123456', 'qq123456789', 'qqqq', 'qqqqq', 'qq123456', 'qqqqqqqq', 'qqhqq', 'qq149206755', 'qq520', 'qqaazzq', 'qq', 'qq520520--++', 'qq123.com', 'qqqqqq', 'qq585858', 'qq123456', 'qqii', 'qqqqqq', 'qqaazz', 'qq123456', 'qq123456789', 'qq5201314', 'qq123456', 'qqq123456', 'qq123', 'qq123456789', 'qqqaaa', 'qqwwee', 'qqaazz'],
'qr',[],
'qs',['qsx6059410172.', 'qs1234!@#', 'qsx6059410172.', 'qsx6059410172.', 'qsh', 'qssd'],
'qt',['qt11541'],
'qu',['quails', 'quake', 'quaked', 'quaking', 'quantity', 'quarrel', 'quarries', 'quarter', 'quarters', 'quartus', 'quaternions', 'queen', 'queens', 'quench', 'quenched', 'question', 'questioned', 'questioning', 'questions', 'quick', 'quicken', 'quickened', 'quickeneth', 'quickening', 'quickly', 'quicksands', 'quiet', 'quieted', 'quieteth', 'quietly', 'quietness', 'quit', 'quite', 'quiver', 'quivered', 'quotes', 'Quadea', 'Quaide', 'Queteleta', 'Quetzalcoatl', 'Quintilla', 'quangdong', 'quartum', 'quebec', 'quentin', 'quercicolum', 'quercina', 'quercito', 'questionable', 'quidae', 'quimbamba', 'quinella', 'quinhon', 'quiniela', 'quinlivanii', 'quinova', 'quinovora', 'quintana', 'r', 'quanzhou', 'qunying3389', 'query123456', 'query', 'queee', 'qufeng0117', 'query123456', 'query', 'queee', 'query123456', 'query', 'queee', 'qunlian0', 'qunlian123', 'qunlian123456', 'qunlian1', 'qunlian789', 'qunlian123.0', 'qunlian', 'qunlian.com', 'qunlianidc', 'quanoangediao123', 'qunyinaite789', 'qunying**123123', 'query', 'query123456', 'quality', 'quebec', 'quest', 'query123456', 'query', 'quebrade'],
'qv',['qvbqvb'],
'qw',['qwer', 'qwert', 'qwerty', 'qwertyu', 'qwertyui', 'qwe123', 'qwe1234', 'qwer', 'qwer1234', 'qwe123!@#', 'qwerty', 'qweqwe', 'qwe321', 'qwertyuiop', 'qweasdzxc', 'qweasd', 'qweasd', 'qweasdzxc', 'qwertyujhgfdsa', 'qwertyuioppoiuytrewq', 'qwertyuiopasdfghjklzxcvbnm', 'qwer1234', 'qwer1234', 'qwertyuiop', 'qwerty', 'qwe123!@#', 'qwe-5158-dsa', 'qwe-5158-sa', 'qwe123456qwe', 'qwer', 'qwer4321', 'qwer', 'qwer!@#$', 'qwerty!@#$%^', 'qwe123$%^789', 'qwezxc123', 'qwe@123', 'qweqwer12345', 'qwezxc789', 'qwert12345', 'qwer1234', 'qwe#@!', 'qwer123456', 'qwer1234!@#$', 'qwert', 'qwerasdf', 'qwertyui', 'qwertyuiop', 'qwe123456', 'qwe13.14', 'qweqwe123', 'qw123456', 'qwqwqw', 'qwe123', 'qwqaqz', 'qweqwe', 'qwe,./', 'qwerty', 'qwqwqwa', 'qwe123!@#', 'qwe!@#', 'qweasd', 'qwertyuiopasdfghjklzxcvbnm', 'qwertyuiopasdfghjkl', 'qwertyuiopzxcvbnm', 'qwertyasdfghzxcvbn', 'qwert!@#$%', 'qwqw123', 'qwerty111111', 'qwerqwer', 'qwertqwert', 'qwer1234!@#$%^', 'qwer12345', 'QWER1234', 'QWER!@#$', 'QWE123', 'QWE!@#', 'qwert', 'qwertyu', 'qwer1234%^&*', 'qwerasdfzxcv', 'qwerzxcvpoiu', 'qwaszx', 'qweasdzxc', 'qweasdzxc123!@#', 'qwedsazxc', 'qwerty123456', 'qwe1234', 'qweqwe', 'qwert123', 'qwer', 'qwerty', 'qwe,./', 'qwer123456', 'qwer!@#$', 'qwert', 'qwerasdf', 'qwertyui', 'qwertyuiop', 'qwe123456', 'qwe13.14', 'qwer1234', 'qweqwe123', 'qwqwqw', 'qwe123', 'qwqaqz', 'qweqwe', 'qwe!@#bb520', 'qwertyuiop', 'qwe123!@#', 'qwer1234', 'qwe123', 'qweasdzxc', 'qwertasdfgzxcvb', 'qwerasdf', 'qwerasdfzxcv', 'qwertasdfg', 'qwertyasdfgh', 'qwertyu', 'qwertyui', 'qwertyuio', 'qwertyuiop', 'qwertyuasdfghj', 'qwertzxcvb', 'qwertyzxcvbn', 'qwedsazxc', 'qwerzxcv', 'qwer123', 'qwerty111111', 'qw123456', 'qwe1234', 'qwqw123', 'qweqwe123', 'qwer123456', 'qwinsta', 'qwaszx', 'qwer!@#$', 'qwe!@#', 'qweqwe', 'qwertyuiopasdfghjklzxcvbnm', 'qwertyuiopasdfghjkl', 'qwertyuiopzxcvbnm', 'qwertyasdfghzxcvbn', 'qwerty!@#$%^', 'qwert!@#$%', 'qwqwqw', 'qwqw', 'qwqwqwqw', 'qwe', 'qwert', 'qwefghnm,.', 'qwer1234', 'qwert12345', 'qwe123', 'qweasd', 'qwerty', 'qwefghnm,.!@#', 'qwe123.0', 'qwaszx12', 'qwe123456', 'qwer123', 'qwe123!@#', 'qwe-5158-dsa', 'qwe-5158-sa', 'qwe123qwe', 'qwe~!@#', 'qwaszx~!@#', 'QWER1234', 'QWER!@#$', 'qwer1234%^&*', 'qweasdzxc', 'qwertasdfgzxcvb', 'qweasdzxc', 'qwerasdf', 'qwerasdfzxcv', 'qwertasdfg', 'qwertasdfgzxcvb', 'qwertyasdfgh', 'qwertyu', 'qwertyui', 'qwertyuio', 'qwertyuiop', 'qwertyuasdfghj', 'qwertzxcvb', 'qwertyzxcvbn', 'qwedsazxc', 'qwerzxcv', 'qwerty111111', 'qw123456', 'qwe1234', 'qwqw123', 'qweqwe123', 'qwer123456', 'qwinsta', 'qwaszx', 'qwer!@#$', 'qwe!@#', 'qweqwe', 'qwertyuiopasdfghjklzxcvbnm', 'qwertyuiopasdfghjkl', 'qwertyuiopzxcvbnm', 'qwertyasdfghzxcvbn', 'qwerty!@#$%^', 'qwert!@#$%', 'qwqwqw', 'qwqw', 'qwqwqwqw', 'qwe', 'qwert', 'qwefghnm,.', 'qwer1234', 'qwert12345', 'qweasdzxc', 'qwerasdf', 'qwerasdfzxcv', 'qwertasdfg', 'qwertasdfgzxcvb', 'qwertyasdfgh', 'qwertyu', 'qwertyui', 'qwertyuio', 'qwertyuiop', 'qwertyuasdfghj', 'qwertzxcvb', 'qwertyzxcvbn', 'qwedsazxc', 'qwerzxcv', 'qwerty111111', 'qw123456', 'qwe1234', 'qwqw123', 'qweqwe123', 'qwer123456', 'qwinsta', 'qwaszx', 'qwer!@#$', 'qwe!@#', 'qweqwe', 'qwe123', 'qweasd', 'qwerty', 'qwertyuiopasdfghjklzxcvbnm', 'qwertyuiopasdfghjkl', 'qwertyuiopzxcvbnm', 'qwertyasdfghzxcvbn', 'qwerty!@#$%^', 'qwert!@#$%', 'qwe', 'qwert', 'qwefghnm,.', 'qwer1234', 'qwefghnm,.!@#', 'qwe123.0', 'qwaszx12', 'qwe123456', 'qwertyuiop', 'qwertyuiop', 'qwer1234', 'qwe/*-789', 'qwerty741', 'qwerty789', 'qwerty123', 'qwerty789!', 'qwerty123!', 'qwertyuiop147', 'qwertyua', 'qweadmin', 'qwert123asdfg', 'qwerfdsa/*-+', 'qwertya', 'qwerta', 'qwertgfdsazxcvb', 'QWERTYasdfgh', 'qwert!@#$', 'qwe789asd4565', 'qwe2813951', 'QWE2813951', 'qwe789asd45651', 'qwertzxcvb', 'qwertyuiop!@#$', 'qwertyuiop!@#$%', 'qwertyuiop!@#$%^', 'QWERTYUIOP', 'QWEASD', 'QWERASDF', 'QWERTASDFG', 'QWE123', 'QWERTY123456', 'QWE123456', 'qwe12345612..', 'qwert123455', 'qwer1234567890-', 'QWERTY123456', 'qwer!@#$', 'qwert789', 'qwert789789', 'qwert789456', 'qwert789123', 'qwert123789', 'qwe147', 'qwe369', 'qwe741', 'qwe789', 'qwe789123', 'qwe789456', 'qwe789789', 'qwertyuiop123456', 'qwe1234', 'qwe12345', 'qwe1234567', 'qwert111', 'qwer123456', 'qwert123', 'qwert1234', 'qwert12345', 'qwer123456', 'qwer123', 'qwe567@#', 'qwert1234567', 'qwert12345678', 'qwerty123456', 'qwer1234!@#$', 'qwer123', 'qweasdzxc123!@#', 'qwertjinyu', 'qwert123456', 'qwe123!@#', 'qwertyuiop1234567890-', 'qwer123456', 'qwe', 'qwert', 'qwertyuiop', 'qwefghnm,.', 'qwert!@#$%', 'qwerty!@#$%^', 'qwerasdfzxcv', 'qwer1234', 'qwefghnm,.!@#', 'qwe123.0', 'qwer!@#$', 'qwinsta', 'qwaszx12', 'qwertyuiop', 'qweasdzxc', 'qwaszx', 'qwer!@#$', 'qwe!@#', 'qwe123456', 'qwqw123', 'qweqwe123', 'qwerty111111', 'qw123456', 'qweasd', 'qwezxc', 'qwerty', 'qwaszx', 'qweasdzxc', 'qwert', '1', '2', '3', '4', '5', 'qwe', 'qwer', 'qw7737', 'qwe123', 'qwr888', 'qwx111', 'qwerasdf', 'qwe123456', 'qweqweqwe', 'qwer1234', 'qwertyui', 'qwertyuiop', 'qwezxcal', 'qwe1', 'qwer!@#$%', 'qwerty12', 'r', 'qwaszx', 'qwe123', 'qwe1234', 'qwertyqwerty.poweridc', 'qwe123*', 'qwer1234', 'qwe12.wang', 'qwe~!@.wang', 'qwer@0988', 'qwerasdf1qaz2wsx', 'qwerasdfzxcv', 'qwer1234', 'qwer1234', 'qwer', 'qwer1234', 'qwe123!@#', 'qwerty', 'qweqwe', 'qwe321', 'qwertyuiop', 'qwe123456', 'qwe123', 'qwerty', 'qwertyuiop', 'qwerty111111', 'qw123456', 'qwe1234', 'qwqw123', 'qweqwe123', 'qwer123456', 'qwinsta', 'qwertyuiop', 'qweasdzxc', 'qwaszx', 'qwer!@#$', 'qwe!@#', 'qweqwe', 'qwerasdfzxcv', 'qwertyuiop', 'qwerty'],
'qx',['qxo1'],
'qy',['qyeee', 'qy123456', 'qyidc838', 'qyidc', 'qyidc2007', 'qyadmin', 'qy2008', 'qy2007', 'qywl', 'qy1234457', 'qy321321', 'qy1234567', 'qy.com.cn', 'qy123456', 'qyadmin', 'qy123456', 'qy123445', 'QY123445', 'qy.com.cn', 'qy0668', 'qy0668-2196688', 'qy2196688', 'qy147258', 'qy654789', 'qy123123', 'qy123654', 'QYWEB(BOOL)', 'QYWEB', 'qyidc2007', 'qy2008', 'qy2007', 'qywl', 'qy1234457', 'qy321321', 'qyidc', 'QYWL', 'qyipsec', 'qy_0901gd', 'qyadmin0401', 'qy0901gd', 'qywl.cn', 'qywl.net', 'qywl.com', 'qyadminidc', 'QY123456', 'qy1234567', 'qyfjso', 'qy_soft', 'qy_downsoft', 'qyidc838', 'qy123.36', 'qyadmin', 'qy123456', 'qy123445', 'QY123445', 'qy.com.cn', 'qy0668', 'qy0668-2196688', 'qy2196688', 'qy147258', 'qy654789', 'qy123123', 'qy123654', 'QYWEB(BOOL)', 'QYWEB', 'qyadmin', 'qy123456', 'qy123445', 'QY123445', 'qy.com.cn', 'qy0668', 'qy0668-2196688', 'qy2196688', 'qyidc2007', 'qy2008', 'qy2007', 'qywl', 'qy1234457', 'qy321321', 'qyidc', 'qy147258', 'qy654789', 'qy123123', 'qy123654', 'QYWL', 'QYWEB(BOOL)', 'QYWEB', 'qyipsec', 'qy_0901gd', 'qyadmin0401', 'qy0901gd', 'qywl.cn', 'qywl.net', 'qywl.com', 'qyadminidc', 'QY123456', 'qy1234567', 'qyadmin', 'qyidc', 'qyadmin', 'qyidc', 'qyzj1513', 'QY@zjywIDC', 'qymm1207', 'qyeee', 'qyeee.com', 'qyidc838', 'qyidc789456', 'qyidc@))(', 'qyidc838', 'qy1234567', 'qyidc789456', 'QYSR-02-2145', 'qy.com', 'qyeee521', 'QYgm+_pass=194', 'qyeee0759', 'qy$mu#song#chao#..', 'qy.16wan.yyyppp', 'qy123qwe', 'qyidc838123', 'qy730552', 'qyeeetyu887', 'qyeee789456', 'qyeee98qwsa', 'qy123123', 'qyfjso', 'QYghost@))*', 'qyidc838', 'qy123qwe', 'qyadmin', 'qyidc', 'qyj1744200', 'qyz12345', 'qyz1975', 'qy.com.cn', 'qyzj1513', 'QY@zjywIDC', 'qymm1207', 'qyeee.com', 'qyidc838', 'qyidc789456', 'qyidc@))(', 'qy1234567', 'qyeee'],
'qz',['qzcslj', 'qzcsljconfig', 'qzcslj2008', 'qzcslj123456', 'qzcslj123', 'qzwxec', 'qzwxec', 'qzwxec', 'qzwxec'],
'ra',['radio', 'rastaman', 'ranglm123456', 'raamah', 'raamiah', 'raamses', 'rabbah', 'rabbath', 'rabbi', 'rabbith', 'rabboni', 'rabmag', 'rabsaris', 'rabshakeh', 'raca', 'race', 'rachab', 'rachal', 'rachel', 'raddai', 'rafters', 'ragau', 'rage', 'raged', 'rageth', 'ragged', 'raging', 'rags', 'raguel', 'rahab', 'raham', 'rahel', 'rail', 'railed', 'railer', 'railing', 'railings', 'raiment', 'rain', 'rainbow', 'rained', 'rainy', 'raise', 'raised', 'raiser', 'raiseth', 'raising', 'raisins', 'rakem', 'rakkath', 'rakkon', 'ram', 'rama', 'ramah', 'ramath', 'ramathaimzophim', 'ramathite', 'ramathlehi', 'ramathmizpeh', 'rameses', 'ramiah', 'ramoth', 'ramothgilead', 'rampart', 'rams', 'ran', 'rang', 'range', 'ranges', 'ranging', 'rank', 'ranks', 'ransom', 'ransomed', 'rapha', 'raphu', 'rare', 'rase', 'rash', 'rashly', 'rate', 'rather', 'rattleth', 'rattling', 'raven', 'ravening', 'ravenous', 'ravens', 'ravin', 'ravished', 'raw', 'razor', 'Raahe', 'Rabe', 'Rachele', 'Radcliffe', 'Radishchev', 'Rafita', 'Ragazza', 'Raimonda', 'Raissa', 'Raksha', 'Rantaseppa', 'Raphaela', 'Rarahu', 'Ra-Shalom', 'Ratisbona', 'Rauma', 'rabaulensis', 'rabinowitch', 'racemicus', 'racemilacticus', 'racemochromogenes', 'racemochromogenus', 'racemosus', 'rachmati', 'radiobacter', 'radiodurans', 'radiophilus', 'radioproteolyticus', 'radiopugnans', 'radiora', 'radioresistens', 'radiotolerans', 'raffinolactis', 'raffinosaceum', 'raffinosivorans', 'raffinosus', 'rahnella', 'rama', 'ramatgan', 'rameus', 'ramibacterium', 'ramigera', 'ramisi', 'ramocissimus', 'ramosa', 'ramosissimus', 'ramosum', 'ramosus', 'ramsey', 'ramulosus', 'ramulus', 'ranarum', 'rancens', 'rand', 'rangiferitarandi', 'rangoon', 'raphani', 'rapidicrescens', 'rappini', 'rarobacter', 'rasio', 'rathayi', 'rathayibacter', 'rathonis', 'rathyi', 'ratnapura', 'ratti', 'rattus', 'raus', 'ravidus', 'ravus', 'rawash', 'rayonus', 'RavPatch12!@', 'ran830507', 'ranshao2008', 'ranshao2008', 'radmin', 'ratetimes', 'rao13607016077', 'radmin', 'ratetimes', 'ray16394506', 'radmin', 'radmin', 'rabbit123', 'rain76', 'rainbow', 'raincry', 'Rabbit', 'Rachel', 'Racing', 'Raider', 'Raiders', 'Raistlin', 'Ranger', 'Rasta', 'Raymond', 'racerx', 'racoon', 'radio', 'rain', 'rambo1', 'random', 'randy', 'raptor', 'raquel', 'rascal', 'raven', 'ray16394506', 'ranglm123456', 'ranglm123456', 'radmin', 'radmin', 'rabbitmq', 'radu', 'rafel', 'rafique', 'rahat', 'rahulb', 'raj', 'raja', 'rajiv', 'rakesh', 'ramon_t', 'rana', 'rangga', 'ras', 'rashed', 'rasholidays', 'rasono', 'ratan', 'ravi', 'ravi1'],
'rb',['rBqW3o2v', 'rb6903sh'],
'rc',[],
'rd',['rd'],
're',['real', 'realfriend', 'really', 'realthing', 'realtime', 'reboot', 'redbaron', 'redbrick', 'redline', 'remote', 're', 'reach', 'reached', 'reaches', 'reacheth', 'reaching', 'read', 'reader', 'readest', 'readeth', 'readiness', 'reading', 'ready', 'reaia', 'reaiah', 'reality', 'realize', 'really', 'realm', 'reap', 'reaped', 'reaper', 'reapers', 'reapest', 'reapeth', 'reaping', 'rear', 'reared', 'rearranged', 'reason', 'reasonable', 'reasonably', 'reasoned', 'reasoning', 'reasons', 'reba', 'rebecca', 'rebekah', 'rebel', 'rebelled', 'rebellest', 'rebellion', 'rebellious', 'rebels', 'rebuke', 'rebuked', 'rebuker', 'rebukes', 'rebuketh', 'rebuking', 'recall', 'receipt', 'receive', 'received', 'receivedst', 'receiver', 'receiveth', 'receiving', 'rechab', 'rechabites', 'rechah', 'reckon', 'reckoned', 'reckoneth', 'reckoning', 'recommended', 'recompence', 'recompences', 'recompense', 'recompensed', 'recompensest', 'recompensing', 'reconcile', 'reconciled', 'reconciliation', 'reconciling', 'record', 'recorded', 'recorder', 'records', 'recount', 'recover', 'recovered', 'recovering', 'red', 'reddish', 'redeem', 'redeemed', 'redeemedst', 'redeemer', 'redeemeth', 'redeeming', 'redemption', 'redness', 'redound', 'reed', 'reeds', 'reel', 'reelaiah', 'refer', 'referring', 'refers', 'refine', 'refined', 'refiner', 'reformation', 'reformed', 'refrain', 'refrained', 'refraineth', 'refresh', 'refreshed', 'refresheth', 'refreshing', 'refuge', 'refuse', 'refused', 'refusedst', 'refuseth', 'regard', 'regarded', 'regardest', 'regardeth', 'regarding', 'regem', 'regemmelech', 'regeneration', 'region', 'regions', 'register', 'rehabiah', 'rehearse', 'rehearsed', 'rehob', 'rehoboam', 'rehoboth', 'rehum', 'rei', 'reign', 'reigned', 'reignest', 'reigneth', 'reigning', 'reins', 'reject', 'rejected', 'rejecteth', 'rejoice', 'rejoiced', 'rejoicest', 'rejoiceth', 'rejoicing', 'rekem', 'release', 'released', 'relied', 'relief', 'relieve', 'relieved', 'relieveth', 'religion', 'religious', 'rely', 'remain', 'remainder', 'remained', 'remainest', 'remaineth', 'remaining', 'remaliah', 'remark', 'remedy', 'remember', 'remembered', 'rememberest', 'remembereth', 'remembering', 'remembrance', 'remembrances', 'remeth', 'remission', 'remit', 'remitted', 'remmon', 'remmonmethoar', 'remnant', 'remotely', 'remove', 'removed', 'removeth', 'removing', 'remphan', 'rend', 'render', 'rendered', 'renderest', 'rendereth', 'rendering', 'rending', 'renew', 'renewed', 'renewest', 'renewing', 'renounced', 'renown', 'renowned', 'rent', 'rentest', 'repair', 'repaired', 'repairer', 'repairing', 'repay', 'repayed', 'repayeth', 'repeateth', 'repent', 'repentance', 'repented', 'repentest', 'repenteth', 'repenting', 'repentings', 'repetitions', 'rephael', 'rephah', 'rephaiah', 'rephaim', 'rephaims', 'rephidim', 'replaced', 'replenish', 'replenished', 'replies', 'repliest', 'reply', 'replying', 'report', 'reported', 'representative', 'reproach', 'reproached', 'reproaches', 'reproachest', 'reproacheth', 'reproachfully', 'reprobate', 'reprobates', 'reproof', 'reproofs', 'reprove', 'reproved', 'reprover', 'reproveth', 'reputation', 'reputed', 'request', 'requested', 'requests', 'require', 'required', 'requirest', 'requireth', 'requiring', 'requite', 'requited', 'requiting', 'rereward', 'rescue', 'rescued', 'rescueth', 'research', 'resemblance', 'resemble', 'resembled', 'resen', 'resent', 'reserve', 'reserved', 'reserveth', 'resheph', 'residue', 'resist', 'resisted', 'resisteth', 'resolution', 'resolve', 'resolved', 'resort', 'resorted', 'respect', 'respected', 'respecter', 'respecteth', 'respite', 'response', 'responses', 'rest', 'rested', 'restest', 'resteth', 'resting', 'restingplace', 'restitution', 'restore', 'restored', 'restorer', 'restoreth', 'restrain', 'restrained', 'restrainest', 'restraint', 'rests', 'result', 'resurrection', 'retain', 'retained', 'retaineth', 'retire', 'retired', 'return', 'returned', 'returneth', 'returning', 'returns', 'reu', 'reuben', 'reubenite', 'reubenites', 'reuel', 'reumah', 'reveal', 'revealed', 'revealer', 'revealeth', 'revelation', 'revelations', 'revellings', 'revenge', 'revenged', 'revenger', 'revengers', 'revenges', 'revengeth', 'revenging', 'revenue', 'revenues', 'reverence', 'reverenced', 'reverend', 'reverse', 'revile', 'reviled', 'revilers', 'revilest', 'revilings', 'revised', 'revive', 'revived', 'reviving', 'revolt', 'revolted', 'revolters', 'revolting', 'reward', 'rewarded', 'rewarder', 'rewardeth', 'rewards', 'rezeph', 'rezia', 'rezin', 'rezon', 'Reaves', 'Rebekka', 'Reblin', 'Recha', 'Reddish', 'Regge', 'Regina', 'Reginhild', 'Reginita', 'Reinmuthia', 'Reiss', 'Remek', 'Renate', 'Renauxa', 'Reni', 'Renzia', 'Repsolda', 'Requiem', 'Reseda', 'Resi', 'Resnik', 'Retsina', 'Reunerta', 'Rezia', 'reactans', 'reading', 'rechovot', 'recifensis', 'recreo', 'recta', 'rectale', 'recticatena', 'rectilavendulae', 'rectilineatus', 'rectiverticillatum', 'rectiverticillatus', 'rectiviolaceus', 'rectivirgula', 'rectum', 'rectus', 'recurrentis', 'redba', 'redhill', 'redlands', 'reducens', 'refringens', 'regalis', 'regensburgei', 'regensis', 'regent', 'regularis', 'reinickendorf', 'relevant', 'remete', 'remo', 'renale', 'renibacterium', 'renobacter', 'reptilivora', 'resinovorans', 'resinovorum', 'resistant', 'resistomycificus', 'restricta', 'retbaense', 'reticuli', 'reticulitermitidis', 'reticuloroseum', 'reticulum', 'rettgeri', 'reubeuss', 'reuteri', 'rewqasdf', 'rednet', 'renjie', 'rednet', 'reton', 'reton123', 'rewqasdfvcxz', 'rewq1234', 'rewq!@#$', 'red35inter', 'rewq4321', 'rewq$#@!', 'rewqasdf', 'restinpeace', 'renzhenting', 'renren', 'reton', 'reton123', 'rewqasdfvcxz', 'rewq1234', 'rewq!@#$', 'red35inter', 'reton', 'reton123', 'rewq4321', 'rewqasdfvcxz', 'rewq1234', 'rewq!@#$', 'rewq$#@!', 'rewqasdf', 'rednet', 'restinpeace', 'renzhenting', 'renren', 'rewq4321', 'rewqasdfvcxz', 'rewq1234', 'rewq!@#$', 'rewq$#@!', 'rewqasdf', 'rensheng', 'readme', 'reedhatcher', 'renata', 'renmin', 'renren.com', 'retnec', 'renlong', 'Reader', 'Reading', 'Reality', 'Rebecca', 'Rebels', 'RedDog', 'Redskin', 'Reebok', 'Reefer', 'Reggie', 'Renee', 'Retard', 'red', 'redrum', 'redwing', 'remember', 'republic', 'research', 'reynolds', 'reznor', 'rednet', 'reaz', 'redhat', 'redis', 'redjava', 'redmine', 'rehman', 'reina', 'rektor', 'report', 'research', 'resin', 'retno', 'rex', 'reza', 'rezza'],
'rf',['rfv', 'rfvujm', 'rfvedcwsxqaz', 'rfvujm', 'rfvujm', 'rfvedcwsxqaz', 'rfvujm', 'rfkl', 'rfvujm'],
'rg',['rg21shuma090512', 'rg21sjsm'],
'rh',['rhegium', 'rhesa', 'rhoda', 'rhodes', 'Rhea', 'Rhoda', 'Rhodesia', 'Rhodia', 'Rhodope', 'rhamnosus', 'rhapontici', 'rhinoscleroma', 'rhinoscleromatis', 'rhinosculeromatis', 'rhinosderomatis', 'rhinotracheale', 'rhipicephali', 'rhizobacter', 'rhizobium', 'rhizogenes', 'rhizomonas', 'rhizopus', 'rhodesiae', 'rhodesianum', 'rhodesiense', 'rhodinum', 'rhodnii', 'rhodobacter', 'rhodochrous', 'rhodocista', 'rhodococcus', 'rhodocyclus', 'rhodoferax', 'rhodomicrobium', 'rhodopila', 'rhodopseudomonas', 'rhodorangea', 'rhodos', 'rhodospirillum', 'rhodothermus', 'rhodotorula', 'rhodovolum', 'rhone', 'rhusiopathiae', 'rhydyfelin', 'rhynchosiae', 'Rhonda'],
'ri',['riacs', 'ringo', 'rib', 'ribai', 'ribband', 'riblah', 'ribs', 'rich', 'richer', 'riches', 'richly', 'rid', 'riddance', 'ridden', 'riddle', 'ride', 'rider', 'riders', 'rideth', 'ridges', 'riding', 'rie', 'rifled', 'right', 'righteous', 'righteously', 'righteousness', 'righteousnesses', 'rightly', 'rigour', 'rimmon', 'rimmonparez', 'ring', 'ringleader', 'rings', 'ringstraked', 'rinnah', 'rinsed', 'riot', 'rioting', 'riotous', 'rip', 'ripe', 'ripening', 'riphath', 'ripped', 'rise', 'risen', 'risest', 'riseth', 'rising', 'rissah', 'rites', 'rithmah', 'river', 'rivers', 'rizpah', 'Ricarda', 'Riceia', 'Richilde', 'Richter', 'Rickman', 'Ricouxa', 'Riema', 'Riga', 'Rimito', 'Ristenpart', 'Ristiina', 'Rita', 'Riviera', 'ribicola', 'riboflavina', 'ribosidificus', 'ricardi', 'riccardi', 'richardii', 'richmond', 'ricini', 'ricketts', 'rickettsi', 'rickettsia', 'rickettsiella', 'rickettsii', 'rico', 'rideal', 'rideau', 'ridge', 'ried', 'riemerella', 'rifamyceticam', 'rifamycini', 'rigense', 'riggil', 'rigidum', 'rikenella', 'rimae', 'rimofaciens', 'rimosous', 'rimosus', 'riogrande', 'riparia', 'rishiriensis', 'rissen', 'ristella', 'risticii', 'rittersbach', 'riverside', 'rizogenes', 'riri123456', 'ri123456', 'rinima', 'ricoh', 'rininiang', 'rinima', 'richcall', 'riri123456', 'rinimama7474', 'richcall', 'richcall', 'riri123456', 'rising1988', 'riri123456', 'rinima', 'richard', 'richgirl', 'ricky', 'riverside', 'ri', 'Ripper', 'river', 'rinimama', 'ria', 'riadika', 'riaj', 'rica', 'rica1', 'richard', 'right', 'ripon', 'rita', 'riyanti', 'rizon', 'rizvi'],
'rj',['rJ3SVz', 'rjie123456'],
'rk',['rk100302019', 'rk'],
'rl',['rl740812'],
'rm',['rmb123456', 'RMBRMB', 'rmvb2c6e4a'],
'rn',['rnidi', 'rnidi888', 'rnidi', 'rnidi888', 'rnidi', 'rnidi888'],
'ro',['rolex', 'rolex', 'rolidex', 'romulan', 'romulans', 'ronin', 'roses', 'ro', 'road', 'roar', 'roared', 'roareth', 'roaring', 'roarings', 'roast', 'roasted', 'roasteth', 'rob', 'robbed', 'robber', 'robbers', 'robbery', 'robbeth', 'robe', 'robertson', 'robes', 'roboam', 'rock', 'rocks', 'rod', 'rode', 'rods', 'roe', 'roebuck', 'roebucks', 'roes', 'rogelim', 'rohgah', 'roll', 'rolled', 'roller', 'rolleth', 'rolling', 'rolls', 'romamtiezer', 'roman', 'romans', 'rome', 'roof', 'roofs', 'room', 'rooms', 'root', 'rooted', 'roots', 'rope', 'ropes', 'rose', 'rosh', 'rot', 'rotten', 'rottenness', 'rough', 'roughly', 'round', 'rouse', 'rovers', 'row', 'rowed', 'rowers', 'rowing', 'rows', 'royal', 'Robelmonte', 'Roberbauxa', 'Roberta', 'Robeson', 'Rockefellia', 'RockwellKent', 'RockwellKent', 'Rockwell_Kent', 'Rodari', 'Roehla', 'Roemera', 'Rogeria', 'Roka', 'Rokoske', 'Rollandia', 'Roma', 'Roman', 'Romilda', 'RonHelin', 'RonHelin', 'Ron_Helin', 'Rontaylor', 'Rosa', 'Rosalia', 'Rosalinde', 'Rosamunde', 'Rosemary', 'Rosina', 'Rosseland', 'Rosselia', 'Rostia', 'Roswitha', 'Rotraut', 'Roucarie', 'Rovaniemi', 'Roxane', 'roan', 'robefuscus', 'robertson', 'robiginosus', 'robigocidicus', 'robinsoni', 'rochalimaea', 'rochdale', 'rochei', 'rod', 'rodentium', 'rods', 'roggeveld', 'rogosae', 'rogy', 'rohdei', 'romanby', 'roodepoort', 'rooikrantz', 'rosa', 'rosaria', 'rosea', 'roseburia', 'roseisceroticus', 'roseiscleroticus', 'rosenthal', 'roseo', 'roseoaurantius', 'roseobacter', 'roseocastaneus', 'roseochromogenes', 'roseochromogenus', 'roseocinereus', 'roseocromogens', 'roseodiastaticus', 'roseoflavus', 'roseofulvus', 'roseofungini', 'roseofuscus', 'roseogriseus', 'roseola', 'roseolilacinus', 'roseolus', 'roseolutaceus', 'roseoluteus', 'roseomonas', 'roseoparaffinus', 'roseopersicina', 'roseoplatus', 'roseorubens', 'roseorufa', 'roseosporangius', 'roseosporus', 'roseoverticillatum', 'roseoverticillatus', 'roseoviolacea', 'roseoviolaceus', 'roseoviolascens', 'roseovirens', 'roseoviridis', 'roseoviridus', 'roseum', 'roseus', 'ross', 'rossi', 'rossii', 'rossleben', 'rostock', 'rotans', 'roterberg', 'rothia', 'rotterdam', 'rottnest', 'routienii', 'rovaniemi', 'rowbarton', 'root', 'root', 'rockrock', 'rosemel2008', 'router', 'Root@sd123', 'rockrock', 'root', 'rosemel2008', 'rockrock', 'root', 'rockrock', 'rockrock', 'root', 'roots', 'robert', 'romantic', 'rose', 'Robbie', 'Rodman', 'Ronald', 'Rooster', 'Roping', 'Rosebud', 'Rosie', 'Royals', 'robert1', 'robin', 'robinhoo', 'robotech', 'rock', 'rocket', 'rocky', 'roger', 'roman', 'roses', 'roxy', 'roy', 'royal', 'root_admin', 'root', 'rong.wang', 'rong.li', 'rong.zhang', 'rockrock', 'robert', 'roberta', 'robi', 'roentaryo', 'rogerio', 'rohit', 'roo', 'rootkit', 'route'],
'rp',['rpm'],
'rq',[],
'rr',['rrna', 'rrf.com', 'rrf.com.cn', 'rrf.com', 'rrf.com.cn', 'rrr123'],
'rs',['rst_login', 'rs', 'rslzb', 'rst_login'],
'rt',['rti', 'rtj4r5u65', 'rtj4r5u65', 'rtj4r5u65', 'rta', 'rtb', 'rtc', 'rtd', 'rte', 'rtf', 'rtg', 'rth', 'rti', 'rtj', 'rtk', 'rtl', 'rtm', 'rtn', 'rto', 'rtp', 'rtq', 'rtr', 'rts', 'rtt', 'rtu', 'rtv', 'rtw', 'rtx', 'rty', 'rtz'],
'ru',['rules', 'rubbing', 'rubbish', 'rubies', 'rudder', 'ruddy', 'rude', 'rudiments', 'rue', 'rufus', 'ruhamah', 'ruin', 'ruined', 'ruinous', 'ruins', 'rule', 'ruled', 'ruler', 'rulers', 'rulest', 'ruleth', 'ruling', 'rumah', 'rumbling', 'rumour', 'rumours', 'rump', 'run', 'runnest', 'runneth', 'running', 'runs', 'rush', 'rushed', 'rushes', 'rusheth', 'rushing', 'rust', 'ruth', 'Ruanda', 'Rublyov', 'Ruby', 'Rudaux', 'Rudneva', 'Rumpelstilz', 'Ruperto-Carola', 'Rupertwildt', 'Ruppina', 'Rusheva', 'Russell', 'Russia', 'Rusthawelia', 'Ruth', 'RuthWolfe', 'Rutherfordia', 'RuthWolfe', 'Ruth_Wolfe', 'Rutllant', 'Ruvuma', 'Ruzena', 'rubellomurinus', 'rubellus', 'rubens', 'ruber', 'rubescens', 'rubi', 'rubiacearum', 'rubicolor', 'rubidaea', 'rubidea', 'rubiginosohelvolus', 'rubiginosus', 'rubireticuli', 'rubislaw', 'rublilucens', 'rubra', 'rubradiri', 'rubradiris', 'rubrifaciens', 'rubrilineans', 'rubrilucens', 'rubrireticuli', 'rubrisorghi', 'rubrisubalbicans', 'rubrivivax', 'rubroaurantiacum', 'rubrobacter', 'rubrobrunea', 'rubrochlorinum', 'rubrocyaneus', 'rubrocyanodiastaticus', 'rubrogriseus', 'rubrolavendulae', 'rubropertincta', 'rubropertinctus', 'rubroverrucosus', 'rubroverticillatum', 'rubrum', 'ruckeri', 'ruflandii', 'rufochromogenes', 'rufus', 'rugamonas', 'rugatobispora', 'rugiseptum', 'rugosa', 'rugosum', 'ruhlandii', 'ruiru', 'ruki', 'rumford', 'ruminantium', 'ruminicola', 'ruminis', 'ruminobacter', 'ruminococcus', 'runby', 'runella', 'runyonii', 'rupa', 'rupae', 'russii', 'rustigianii', 'rutgers', 'rutgersen', 'rutgersensis', 'rutila', 'rutilosporangius', 'rutilosus', 'rutilum', 'rutilus', 'ruzizi', 'ruian.123', 'rusuan', 'ruan', 'ruofu', 'rufeng01', 'Runner', 'Russel', 'Russell', 'ruby', 'rufus', 'rugby', 'running', 'ruqin', 'rusty', 'ruth', 'rux', 'ruy', 'rui.wang', 'rui.zhang', 'ruba', 'rumeno'],
'rv',[],
'rw',[],
'rx',[],
'ry',['Ryoma', 'ryensis', 's', 'ryu', 'ryua', 'ryan', 's'],
'rz',[],
'sa',['saab', 'saab900', 'saab9000', 'saabturbo', 'samadams', 'sanfran', 'sanfrancisco', 'sauvignon', 'sawedoff', 'sanhe123', 'sanhe000~!@#', 'sabachthani', 'sabaoth', 'sabbath', 'sabbaths', 'sabeans', 'sabta', 'sabtah', 'sabtecha', 'sabtechah', 'sacar', 'sack', 'sackbut', 'sackcloth', 'sackclothes', 'sacks', 'sacrifice', 'sacrificed', 'sacrificedst', 'sacrifices', 'sacrificeth', 'sacrificing', 'sacrilege', 'sad', 'saddle', 'saddled', 'sadducees', 'sadly', 'sadness', 'sadoc', 'safe', 'safeguard', 'safely', 'safety', 'saffron', 'said', 'saidst', 'sail', 'sailed', 'sailing', 'sailors', 'saint', 'saints', 'saith', 'sake', 'sakes', 'sala', 'salah', 'salamis', 'salathiel', 'salcah', 'salchah', 'sale', 'salem', 'salim', 'sallai', 'sallu', 'salma', 'salmon', 'salmone', 'salome', 'salt', 'salted', 'saltness', 'saltpits', 'salu', 'salutation', 'salutations', 'salute', 'saluted', 'saluteth', 'salvation', 'samaria', 'samaritan', 'samaritans', 'same', 'samgarnebo', 'samlah', 'samos', 'samothracia', 'sample', 'samson', 'samsung', 'samuel', 'sanballat', 'sanctification', 'sanctified', 'sanctifieth', 'sanctify', 'sanctuaries', 'sanctuary', 'sand', 'sandals', 'sang', 'sank', 'sansannah', 'sap', 'saph', 'saphir', 'sapphira', 'sapphire', 'sapphires', 'sara', 'sarah', 'sarai', 'saraph', 'sardine', 'sardis', 'sardites', 'sardius', 'sardonyx', 'sarepta', 'sargon', 'sarid', 'saron', 'sarsechim', 'saruch', 'sat', 'satan', 'satest', 'satiate', 'satiated', 'satisfaction', 'satisfactory', 'satisfied', 'satisfiest', 'satisfieth', 'satisfy', 'satisfying', 'saturday', 'satyr', 'satyrs', 'saul', 'save', 'saved', 'savest', 'saveth', 'saving', 'saviour', 'saviours', 'savour', 'savourest', 'savours', 'savoury', 'saw', 'sawed', 'sawest', 'sawn', 'saws', 'say', 'sayest', 'saying', 'sayings', 'says', 'Sabauda', 'Sabine', 'Sabrina', 'Sadeya', 'Safara', 'Safronov', 'Saga', 'Sagan', 'Sahade', 'Sahlia', 'Saimaa', 'Saint-Exupery', 'Saito', 'Sakharov', 'Sakuntala', 'Salazar', 'Saldanha', 'Salli', 'Salome', 'Salonta', 'Salvia', 'Samantha', 'Samitchell', 'Sampo', 'SanDiego', 'SanJuan', 'Sanders', 'SanDiego', 'San_Diego', 'Sandra', 'Sandrine', 'SanJuan', 'San_Juan', 'Santa', 'Sapientia', 'Sappho', 'Sapporo', 'Sara', 'Sarabhai', 'Sarahill', 'Sarema', 'Sarita', 'Sarmiento', 'Sarpedon', 'Sasha', 'Saskia', 'Sather', 'Satpaev', 'Saucier', 'Savo', 'Savonlinna', 'SawyerHogg', 'SawyerHogg', 'Sawyer_Hogg', 'Sax', 'Sazava', 'sa', 'saarbruecken', 'sabaudiense', 'saboya', 'saburreum', 'sacchari', 'saccharlyticus', 'saccharoacetobutylicum', 'saccharobacter', 'saccharobacterium', 'saccharobutyricum', 'saccharococcus', 'saccharoly', 'saccharolytica', 'saccharolyticum', 'saccharolyticus', 'saccharomonospora', 'saccharomyces', 'saccharoperbutyacetonicum', 'saccharoperbutylacetonicum', 'saccharophia', 'saccharophila', 'saccharophilum', 'saccharophobus', 'saccharopolyspora', 'saccharothrix', 'saccharovorans', 'saccharovorum', 'sachsenwald', 'sada', 'saeculare', 'sagamiensis', 'saganonensis', 'sahachiroi', 'sainfoin', 'saintemarie', 'sainthelensi', 'saintpaul', 'saitamica', 'saka', 'sakai', 'sakaiensis', 'sakaraha', 'sakazakii', 'sake', 'sal', 'salamae', 'salamonella', 'salegens', 'salexigens', 'salford', 'salicinius', 'salicis', 'salina', 'salinarium', 'salinarum', 'salinatis', 'salinicoccus', 'salinus', 'salivae', 'salivarium', 'salivarius', 'salivosa', 'salivosus', 'salm', 'salmo', 'salmon', 'salmone', 'salmonea', 'salmonel', 'salmonell', 'salmonella', 'salmoneum', 'salmoneus', 'salmoni', 'salmonicida', 'salmonicolor', 'salmoninarum', 'salmoniph', 'salmonis', 'saloniki', 'salopia', 'salpingitidis', 'samaru', 'sambre', 'sampsonii', 'san', 'sancti', 'sandiego', 'sandow', 'sanfrancisco', 'sanga', 'sangalkam', 'sangera', 'sanguineum', 'sanguis', 'sanjuan', 'sanktgeorg', 'sanktmarx', 'sanmartini', 'sannanensis', 'santarosai', 'santhiaba', 'santiago', 'santicrucis', 'sao', 'saperdae', 'saperdea', 'saphenus', 'saphra', 'saphrophyticus', 'sapomandens', 'saponavida', 'saporonensis', 'sapovorans', 'sapporonense', 'sapporonensis', 'saprophyticus', 'saprospira', 'sara', 'saraceticus', 'sarajane', 'sarcina', 'sarcobium', 'sardinia', 'sardiniensis', 'sarepta', 'sarmin', 'sarraceniospora', 'sartagoformum', 'sarveparensis', 'sarveparentis', 'saturnea', 'saugus', 'savastanoi', 'savastonoi', 'saxkcebing', 'saxkoebing', 'sayamaensis', 'sa', 'satan', 'sa', 'sasa', 'sasasa', 'sasasasa', 'sasasasasa', 'sasasasasasa', 'sasasasasasasa', 'sasasasasasasasa', 'sa...', 'sa......', 'sa!', 'sa!@', 'sa!@#', 'sa!@#$', 'sa!@#$%', 'sa!@#$%^', 'sa!@#$%^&', 'sa!@#$%^&*', 'sa!@#$%^&*', 'sa!@#$%^&*(', 'sa!@#$%^&*((', 'saqwe', 'saqweasd', 'saqaz', 'saqazwsx', 'sa!!!!!!', 'sa@@@@@@', 'sa######', 'sa$$$$$$', 'sa%%%%%%', 'sa^^^^^^', 'sa&&&&&&', 'sa******', 'sa!!@@##', 'sa!!@@##$$%%^^&&**', 'saabc', 'saqqwwee', 'saqqaazz', 'saaabbcc', 'sa112233', 'sa445566', 'sa778899', 'sa111222333', 'sa777888999', 'sa@zhejiang', 'sa1433', 'sa@shanghai', 'sasa123', 'SakainorikO', 'sasunwave', 'sasa', 'sasasa', 'sa123456', 'sasasasa', 'sasasa', 'sa2008', 'sa2007', 'sa@2007', 'sa@20082008', 'sa@1433', 'san123123...', 'savip', 'saserver', 'sasa', 'sasa2008', 'sazxc', 'sapass', 'sapass1234', 'saynsay', 'samima', 'sauoo.com153', 'sauoo.com', 'sailing06319', 'sa123456', 'sailing1205', 'savip', 'saserver', 'sasa', 'sasa', 'sasa2008', 'sazxc', 'savip', 'saserver', 'sasa', 'sapass', 'sapass1234', 'saynsay', 'samima', 'sasa2008', 'samsungT()', 'samsungT1()', 'sadfer@d&dfdfgg', 'sauoo.com153', 'sauoo.com', 'sad892kldasdf', 'saigesong', 'sad892kldasdf', 'sailing1205', 'sa', 'sa123', 'sa', 'sadness', 'sasa', 'Satan', 'sadbady', 'sady', 'saintflower', 'sally', 'samsung', 'sanda', 'sansan', 'savers', 'sayno', 'sadam', 'sa868', 'safe86', 'Sammie', 'Sampler', 'Samson', 'Sanders', 'Sango', 'Sarah1', 'sabrina', 'sadie', 'safety', 'sailing', 'sailor', 'sales', 'salmon', 'salut', 'sam', 'samantha', 'sammy', 'sampson', 'samuel', 'sandra', 'sandy', 'sanjose1', 'santa', 'sapphire', 'sarah', 'sasha', 'saskia', 'sassy', 'saturn', 'savage', 'sanji', 'sanhe000', 'sanhe000~!@#', 'SA_root060213', 'sakElonw@11j', 'sanhe123', 'sanhe000~!@#', 'sanhe123', 'sanhe000~!@#', 'sanhe123', 'sanhe888', 'savip', 'saserver', 'saad', 'saas', 'sabin', 'sadana', 'saeed', 'saiful', 'salehin', 'sales', 'sam', 'samba', 'samsung', 'sandeep', 'sanjay', 'sanjoy', 'sanjukta', 'santosa_h', 'sara', 'sartiyah', 'sartiyah1', 'sarwar', 'sasaki', 'satya', 'sayeeda', 'sayem', 'sazzad'],
'sb',['sbshn211', 'SBKJef12669136116', 'SBKJef12669136116', 'SBKJef12669136116', 'sb65904321', 'sbdfffitxit110110jsnet', 'sb', 'sb360', 'sbsb520', 'sbdc', 'sbwhfe', 'sbcaonima', 'sbin'],
'sc',['scamper', 'scrofula', 'scumbag', 'scictd9821622', 'scab', 'scabbard', 'scabbed', 'scaffold', 'scales', 'scaleth', 'scall', 'scalp', 'scan', 'scant', 'scapegoat', 'scarce', 'scarcely', 'scarceness', 'scarest', 'scarlet', 'scatter', 'scattered', 'scattereth', 'scattering', 'scent', 'sceptre', 'sceptres', 'sceva', 'schism', 'scholar', 'scholarly', 'school', 'schoolmaster', 'science', 'scoff', 'scoffers', 'scorch', 'scorched', 'scorn', 'scorner', 'scorners', 'scornest', 'scorneth', 'scornful', 'scorning', 'scorpion', 'scorpions', 'scoured', 'scourge', 'scourged', 'scourges', 'scourgeth', 'scourging', 'scourgings', 'scrabbled', 'scrape', 'scraped', 'screech', 'scribe', 'scribes', 'scrip', 'scripture', 'scriptures', 'scroll', 'scum', 'scurvy', 'scythian', 'Scabiosa', 'Scaltriti', 'Scania', 'Schaber', 'Schaifers', 'Schalen', 'Schaumasse', 'Scheherezade', 'Scheila', 'Schiller', 'Schilowa', 'Schilt', 'Schlesinger', 'Schlutia', 'Schmadel', 'Schmakova', 'Schmidt', 'Schneller', 'Schober', 'Scholl', 'Schorria', 'Schubart', 'Schulhof', 'Schumann', 'Schuster', 'Schuyler', 'Schwall', 'Schwambraniya', 'Schwarzschilda', 'Schwassmannia', 'Schweikarda', 'Scobee', 'Scott', 'Scotti', 'Scylla', 'Scythia', 'scabies', 'scarlatinae', 'scatologenes', 'schalkwijk', 'schlegelii', 'schleifer', 'schleiferi', 'schleissheim', 'schmidlei', 'schmitzii', 'schoeneberg', 'schotochrogene', 'schottmuelleri', 'schtitka', 'schubertii', 'schueffneri', 'schuylkilliensis', 'schwarzengrund', 'schwerin', 'scindens', 'sciuri', 'sclerogranulatus', 'sclerotialus', 'scopicus', 'scrofulaceum', 'scytonema', 'sc123!@#', 'sc1234%^&*', 'sc512', 'scscsc', 'sc963852741', 'sc13942429872', 'sc031037', 'scjaq1888..fp', 'scjaq1888..fp', 'schost', 'scidc', 'sc123445', 'scidc123445', 'scidc123123', 'scidc1234457', 'scidc147258', 'scidc123445789', 'sc123456', 'scidc123456', 'scidc1234567', 'scidc123456789', 'sc1234567', 'Scpchina', 'scpchina', 'scdx', 'scidc123', 'Scm2988#shnet', 'sc2008', 'scdxidc', 'sc031037', 'schost', 'scidc', 'sc123445', 'scidc123445', 'scidc123123', 'scidc1234457', 'scidc147258', 'scidc123445789', 'sc123456', 'scidc123456', 'scidc1234567', 'scidc123456789', 'sc1234567', 'Scpchina', 'scpchina', 'scdx', 'schost', 'scidc', 'sc123445', 'scidc123445', 'scidc123123', 'scidc1234457', 'scidc147258', 'scidc123445789', 'scidc123', 'sc123456', 'scidc123456', 'scidc1234567', 'scidc123456789', 'sc1234567', 'Scm2988#shnet', 'scshenyu*', 'Scarlett', 'School', 'Science', 'Scooby', 'Scooter', 'Scotty', 'scarlet', 'scooter1', 'scorpio', 'scorpion', 'scotch', 'scott', 'scout', 'scruffy', 'scuba1', 'scictd9821622', 'scictd9821622', 'scanner', 'scd'],
'sd',['sdwer', 'sdwer123', 'sdfWerQfR42De', 'sdgfs', 'sd!@#123', 'sd888888', 'sdxc123456', 'sd@123456', 'sd123456', 'sdsdsd', 'sdfgsdf', 'sd^L*s&jHfy5geb%93#4$88^', 'sdo', 'sdgfs', 'sd123456', 'sdsdsd', 'sdfsd', 'sdfsd34352', 'SDF#$d567dsQEW', 'sdfgsdf', 'sdfrfvQAZ', 'Sdr%Tw', 'Sdr%Tw0308', 'Sdr%Tw564', 'sd9fk3271', 'sdfsd', 'sdfsd34352', 'SDF#$d567dsQEW', 'sdfsd', 'sdfsd34352', 'sdfgsdf', 'sdfrfvQAZ', 'sdcsk', '', 'sdBN{""""{IOBjfds[ov', 'sdfsdf55', 'sdlkfwddd', 'sdfsefsefs123', 'sdfjkwui123..', 'sd56dffg', 'sd@fw#$Edf', 'sdcsk', 'sdfrfvQAZ', 'sdsd', 'sdtobk', 'sds', 'sdf432s', 'sds33322', 'sdwer', 'sdwer123', 'sda', 'sdb', 'sdc', 'sdd', 'sde', 'sdf', 'sdg', 'sdh', 'sdi', 'sdj', 'sdk', 'sdl', 'sdm', 'sdn', 'sdo', 'sdp', 'sdq', 'sdr', 'sds', 'sdt', 'sdu', 'sdv', 'sdw', 'sdx', 'sdy', 'sdyang', 'sdyang1', 'sdz'],
'se',['seabreeze', 'sei', 'seive', 'selftime', 'semperfi', 'sequent', 'serenity', 'server', 'sesamestreet', 'sexfiend', 'senlinyan', 'senlinyan$', 'sea', 'seafaring', 'seal', 'sealed', 'sealest', 'sealeth', 'sealing', 'seals', 'seam', 'search', 'searched', 'searchest', 'searcheth', 'searching', 'searchings', 'seared', 'seas', 'season', 'seasoned', 'seasons', 'seat', 'seated', 'seats', 'seatward', 'seba', 'sebat', 'secacah', 'sechu', 'second', 'secondarily', 'secret', 'secretly', 'secrets', 'sect', 'section', 'secundus', 'secure', 'securely', 'security', 'sedition', 'seditions', 'seduce', 'seduced', 'seducers', 'seduceth', 'seducing', 'see', 'seed', 'seeds', 'seedtime', 'seeing', 'seek', 'seekest', 'seeketh', 'seeking', 'seem', 'seemed', 'seemeth', 'seemly', 'seen', 'seer', 'seers', 'sees', 'seest', 'seeth', 'seethe', 'seething', 'segub', 'sei', 'seir', 'seirath', 'seize', 'seized', 'sela', 'selah', 'selahammahlekoth', 'selected', 'seled', 'seleucia', 'self', 'selfsame', 'selfwill', 'selfwilled', 'sell', 'seller', 'sellers', 'sellest', 'selleth', 'selvedge', 'selves', 'sem', 'semachiah', 'semei', 'senaah', 'senate', 'senators', 'send', 'sender', 'sendest', 'sendeth', 'sending', 'seneh', 'senir', 'sennacherib', 'sense', 'senses', 'sensual', 'sent', 'sentence', 'sentences', 'sentest', 'senuah', 'seorim', 'separate', 'separated', 'separateth', 'separating', 'separation', 'sephar', 'sepharad', 'sepharvaim', 'sepharvites', 'sepulchre', 'sepulchres', 'sequence', 'serah', 'seraiah', 'seraphims', 'sered', 'sergius', 'serjeants', 'serpent', 'serpents', 'serug', 'servant', 'servants', 'serve', 'served', 'servedst', 'servest', 'serveth', 'service', 'servile', 'serving', 'servitor', 'servitude', 'set', 'seth', 'sethur', 'setter', 'settest', 'setteth', 'setting', 'settings', 'settle', 'settled', 'settlest', 'settling', 'seven', 'sevenfold', 'sevens', 'seventeen', 'seventeenth', 'seventh', 'seventy', 'sever', 'several', 'severally', 'severed', 'severity', 'sew', 'sewed', 'sewest', 'seweth', 'Sebastiana', 'Sedov', 'Seeligeria', 'Segovia', 'Seidelman', 'Seili', 'Seillier', 'Seinajoki', 'Sekanina', 'Seki', 'Selene', 'Seleucus', 'Selinur', 'Semele', 'Semenov', 'Semiramis', 'Semirot', 'Semphyra', 'Sendai', 'Seneca', 'Senta', 'Seppina', 'Sequoia', 'Seraphina', 'Serkowski', 'Sersic', 'Setouchi', 'Sevastopol', 'Severny', 'seaforth', 'seattle', 'sebaldella', 'sebekia', 'sebivorans', 'secalis', 'sedentarius', 'sedgwick', 'sedlakii', 'sedula', 'seegefeld', 'seeligeri', 'seftenberg', 'segmentosum', 'segnis', 'seiffertii', 'sejroe', 'sekondi', 'selandia', 'selandiae', 'selby', 'selenatis', 'selenomonas', 'seliberia', 'semarang', 'semaranga', 'seminis', 'seminole', 'seminum', 'seminus', 'senarmontii', 'sendai', 'senegal', 'senegalense', 'senftenberg', 'sennet', 'sennetsu', 'senoensis', 'sensu', 'sentot', 'seonmiso', 'sepedonicu', 'sepedonicum', 'sepedonicus', 'sepiae', 'septatum', 'septatus', 'septica', 'septicum', 'ser', 'seregens', 'seremban', 'serica', 'sericea', 'seriolae', 'seriolicida', 'serogroup', 'seropedicae', 'serotype', 'serotypes', 'serovar', 'serpens', 'serpula', 'serpulina', 'serratia', 'serrekunda', 'serretia', 'sesami', 'sesbaniae', 'setae', 'setariae', 'setonensis', 'setonii', 'setosus', 'setubal', 'sewanense', 'security', 'setup', 'setup', 'sever1<jyyy>)*', 'server360', 'server2008', 'server', 'sex123456', 'sexsex', 'sex!@#$', 'secret', 'segawow123', 'security', 'server2007', 'seaf', 'server2', 'serv', 'server.bluedoor.com.cn', 'server2008', 'server', 'sex123456', 'sexsex', 'sex!@#$', 'secret', 'server2007', 'segawow123', 'server2000', 'secret', 'server2003', 'server2006', 'server2007', 'server2008', 'server', 'service', 'server2000', 'secret', 'server2000', 'server2003', 'server2006', 'server2007', 'server2008', 'server', 'service', 'secret', 'server2000', 'server2003', 'server2006', 'server2007', 'server2008', 'selina', 'server.exe', 'SEF#@fdg54FG', 'secret', 'server', 'server2007', 'server2008', 'server2003', 'server2000', 'secret', 'server2003', 'server2006', 'server2007', 'se070217', 'seral', 'sex112', 'seo0510', 'sensen', 'searchers', 'sexier', 'ses', 'Secret', 'Sendit', 'Senior', 'Service', 'sean', 'seattle', 'septembe', 'sergei', 'seven', 'seven7', 'sexy', 'secret', 'selina', 'seeku13', 'senlinyan', 'senlinyan$', 'senlinyan', 'senlinyan$', 'secret', 'secret', 'server2000', 'server2003', 'server2006', 'server2007', 'server2003', 'server2000', 'server2003', 'sea', 'search', 'seb', 'sec', 'secola', 'second', 'secondhand', 'secor', 'secord', 'secorra', 'secourgeon', 'secre', 'secrest', 'secret', 'sed', 'see', 'sef', 'seg', 'seh', 'sei', 'sej', 'sek', 'sel', 'selim', 'sem', 'sen', 'send', 'senezroofing', 'seo', 'seoul', 'sep', 'seq', 'ser', 'sercon', 'server', 'service', 'ses', 'set', 'setup', 'seu', 'sev', 'sew', 'sex', 'sey', 'sez'],
'sf',['sfidc', 'sfidc', 'sfidc', 'SF2008.com.cnHAIHONG', 'sfx12', 'sf512admin!@', 'sfgs123', 'sftp'],
'sg',['sgalactiae', 'SG_sz3&%^', 'sgzfvod164', 'sgxdirdir', 'sgt96870', 'sghfnxa', 'sgpassq+82503185', 'sgpassq', 'sga', 'sgb', 'sgc', 'sgd', 'sge', 'sgf', 'sgg', 'sgh', 'sghosh', 'sgi', 'sgj', 'sgk', 'sgl', 'sgm', 'sgn', 'sgo', 'sgp', 'sgq', 'sgr', 'sgs', 'sgt', 'sgu', 'sgv', 'sgw', 'sgx', 'sgy', 'sgz'],
'sh',['shadyside', 'shakespeare', 'sharks', 'shazam', 'shazzam', 'shit', 'shit-head', 'shitfaced', 'shitforbrains', 'shithead', 'shivers', 'showoff', 'shrdlu', 'shisp.net', 'shaalabbin', 'shaalbim', 'shaalbonite', 'shaaph', 'shaaraim', 'shaashgaz', 'shabbethai', 'shachia', 'shade', 'shadow', 'shadowing', 'shadows', 'shadrach', 'shady', 'shaft', 'shage', 'shaharaim', 'shahazimah', 'shake', 'shaked', 'shaken', 'shaketh', 'shaking', 'shalem', 'shalim', 'shalisha', 'shall', 'shallecheth', 'shallum', 'shallun', 'shalmai', 'shalman', 'shalmaneser', 'shalt', 'shama', 'shamariah', 'shambles', 'shame', 'shamed', 'shamefacedness', 'shameful', 'shamefully', 'shamelessly', 'shamer', 'shameth', 'shamgar', 'shamhuth', 'shamir', 'shamma', 'shammah', 'shammai', 'shammoth', 'shammua', 'shammuah', 'shamsherai', 'shape', 'shapen', 'shapes', 'shapham', 'shaphan', 'shaphat', 'shapher', 'sharai', 'sharaim', 'sharar', 'share', 'sharezer', 'sharon', 'sharonite', 'sharp', 'sharpen', 'sharpened', 'sharpeneth', 'sharper', 'sharply', 'sharpness', 'sharuhen', 'shashai', 'shashak', 'shaul', 'shaulites', 'shave', 'shaved', 'shaveh', 'shaven', 'shavsha', 'she', 'sheaf', 'sheal', 'shealtiel', 'shear', 'shearer', 'shearers', 'sheariah', 'shearing', 'shearjashub', 'sheath', 'sheaves', 'sheba', 'shebah', 'shebam', 'shebaniah', 'shebarim', 'sheber', 'shebna', 'shebuel', 'shecaniah', 'shechaniah', 'shechem', 'shechemites', 'shed', 'shedder', 'sheddeth', 'shedding', 'shedeur', 'sheep', 'sheepcote', 'sheepcotes', 'sheepfold', 'sheepfolds', 'sheepmaster', 'sheepshearers', 'sheepskins', 'sheet', 'sheets', 'shehariah', 'shekel', 'shekels', 'shelah', 'shelanites', 'shelemiah', 'sheleph', 'shelesh', 'shelomi', 'shelomith', 'shelomoth', 'shelter', 'shelumiel', 'shem', 'shema', 'shemaah', 'shemaiah', 'shemariah', 'shemeber', 'shemer', 'shemida', 'shemidah', 'shemidaites', 'sheminith', 'shemiramoth', 'shemuel', 'shen', 'shenazar', 'shenir', 'shepham', 'shephathiah', 'shephatiah', 'shepherd', 'shepherds', 'shephi', 'shepho', 'shephuphan', 'sherah', 'sherd', 'sherds', 'sherebiah', 'sheresh', 'sherezer', 'sheriffs', 'sheshach', 'sheshai', 'sheshan', 'sheshbazzar', 'sheth', 'shethar', 'shetharboznai', 'sheva', 'shew', 'shewbread', 'shewed', 'shewedst', 'shewest', 'sheweth', 'shewing', 'shibboleth', 'shibmah', 'shicron', 'shield', 'shields', 'shigionoth', 'shihon', 'shihor', 'shihorlibnath', 'shilhi', 'shilhim', 'shillem', 'shillemites', 'shiloah', 'shiloh', 'shiloni', 'shilonite', 'shilonites', 'shilshah', 'shimea', 'shimeah', 'shimeam', 'shimeath', 'shimeathites', 'shimei', 'shimeon', 'shimhi', 'shimi', 'shimites', 'shimma', 'shimon', 'shimrath', 'shimri', 'shimrith', 'shimrom', 'shimron', 'shimronites', 'shimronmeron', 'shimshai', 'shinab', 'shinar', 'shine', 'shined', 'shineth', 'shining', 'ship', 'shiphi', 'shiphmite', 'shiphrah', 'shiphtan', 'shipmaster', 'shipmen', 'shipping', 'ships', 'shipwreck', 'shisha', 'shishak', 'shitrai', 'shittah', 'shittim', 'shivers', 'shiza', 'shoa', 'shobab', 'shobach', 'shobai', 'shobal', 'shobek', 'shobi', 'shocho', 'shochoh', 'shock', 'shocks', 'shoco', 'shod', 'shoe', 'shoelatchet', 'shoes', 'shoham', 'shomer', 'shone', 'shook', 'shoot', 'shooters', 'shooteth', 'shooting', 'shophach', 'shophan', 'shore', 'shorn', 'short', 'shortened', 'shorter', 'shortly', 'shot', 'should', 'shoulder', 'shoulderpieces', 'shoulders', 'shouldest', 'shout', 'shouted', 'shouteth', 'shouting', 'shoutings', 'shovel', 'shovels', 'show', 'shower', 'showers', 'shows', 'shrank', 'shred', 'shrines', 'shroud', 'shrubs', 'shua', 'shuah', 'shual', 'shubael', 'shuham', 'shuhamites', 'shuhite', 'shulamite', 'shumathites', 'shun', 'shunammite', 'shunem', 'shuni', 'shunites', 'shunned', 'shupham', 'shuphamites', 'shuppim', 'shur', 'shushan', 'shut', 'shuthalhites', 'shuthelah', 'shutteth', 'shutting', 'shuttle', 'Shaanxi', 'Shajna', 'Shakespeare', 'Shandong', 'Shane', 'Shanghai', 'Shao', 'Shapiro', 'Shaposhnikov', 'Sharonov', 'Shavarsh', 'Shcheglov', 'Sheba', 'ShenGuo', 'ShenGuo', 'Shen_Guo', 'Sheragul', 'Shimanto', 'Shimizu', 'Shimoyama', 'Shipka', 'Shiretoko', 'Shklovskij', 'Shoemaker', 'Sholokhov', 'Shostakovich', 'Shukshin', 'Shura', 'shakespearei', 'shamba', 'shangani', 'shanghai', 'shannon', 'shaposhnikovii', 'sharon', 'sharpeae', 'sheffield', 'sherbrooke', 'shermani', 'shermanii', 'shewanella', 'shibatae', 'shigae', 'shigell', 'shigella', 'shigelloides', 'shiloi', 'shimoidei', 'shiobacillus', 'shiodaensis', 'shipley', 'shomolu', 'shomron', 'shomulu', 'shoreditch', 'showae', 'showdoensis', 'shubra', 'sh!@#^&*', 'shbokametasoftweb', 'shily1233', 'sh123456', 'shiweizx123', 'sh123456', 'shidc', 'shidc123456', 'SHIhandong@))%!)@*', 'sh159357456', 'shmym123456', 'shmym', 'shaidc', 'shidc', 'sh123456', 'shidc123', 'shidc123456', 'shiweizx123', 'shiwei7410', 'shiweizx123456', 'shexue123', 'sh789123456', 'sh142536', 'shanghaiabc123', 'shanghai@123456', 'sh@123!@#', 'sh741852963', 'shanghai@shanghai', 'shandong@', 'shandong123', 'shenzhen', 'shaoxin', 'shaoxing', 'shabi', 'sh159357456', 'shanghaiidc', 'sh123456', 'shandong', 'shanghai', 'shanghai!@#', 'shanghai!@#$', 'sh1234%^&*', 'shsh123456', 'sh963852741', 'sh147258369', 'sh159357', 'sh159753', 'shanghai123456', 'sh1231234', 'shaidc%4#2!', 'shtel', 'shujuchaoshi.com', 'shidc.com.cn', 'shiwei!@#$%^', 'sh.ct10000.com', 'shidc123456', 'shanxi', 'shansi', 'shenshen', 'share', 'shteol', 'shidc', 'shidc2008', 'SHIDC', 'short_adad', 'shaidc', 'shi3pfdy', 'SHAOHENG9958', 'shouye_2008', 'shiren521', 'shishisong@520508', 'shzyc7891234', 'shiwei2008', 'shuaigelongquan', 'shuaigebian', 'shiweizx123', 'shizong89102066', 'shi8995990', 'shenzhou', 'shiwei', 'SHAO9958', 'shangdi', 'shenlin76101348', 'ShangHai', 'shenzhen', 'shoudu', 'shenghuo', 'shenzhoudadi', 'shijiediyi', 'shenlin**76101348', 'shao!%%%%shao', 'shenlin76101348', 'shabi', 'shabi', 'sh159357456', 'shanghaiidc', 'sh123456', 'share', 'shandong', 'shanghai', 'shanghai!@#', 'shanghai!@#$', 'sh1234%^&*', 'shsh123456', 'sh963852741', 'sh147258369', 'sh159357', 'sh159753', 'shanghai123456', 'sh1231234', 'shaidc%4#2!', 'sh159357456', 'shenlin**76101348', 'shao!%%%%shao', 'shenlin76101348', 'shelley', 'shiwei!@#$%^', 'shiwei', 'shaidc', 'shaidc%4#2!', 'shengda@))&qingdaoidc', 'sh159357456', 'shao!%%%%shao', 'shenzhou', 'shzxdzsw', 'shidc', 'shaidc', 'shhost', 'sh123445', 'shzyc29', 'shanghaiidc', 'shenzhenidc', 'shzyc', 'shidc123456', 'shanidc123', 'sh123456', 'shandong', 'shaidc%4#2!', 'shacala', 'shteol', 'shanghai', 'shjv1314', 'shanghai520', 'shanghaiidc123445', 'shanghaiidc123', 'shanghaiidc123445789', 'shanghaiidc147258', 'shanghaiidc123456', 'shanghaiidc123456789', 'shanghaihuamu', 'shhuamu', 'shanghaichangxin', 'shchangxin', 'shwusheng', 'shanghaiwusheng', 'shhengbing', 'shanghaihengbing', 'shzhenru', 'shanghaizhenru', 'shjv123456', 'sh%4#2!', 'shaidc2008', 'shmym1233', 'shbokametasoftweb', 'shaidc!23', 'shaidc*90', 'shanghai%4#2!', 'sh%$#2!', 'SHdadapic@&63536719', 'sha^5$3@1', 'shaidc^5$3@1', 'shaidc^5$3@12008', 'shaidcq1w2e3', 'shaidc520', 'shaidc08', 'shaidc888', 'shaidc2009', 'shaidc,./', 'shaidc258', 'shaidc!@#', 'shaidc2008!@#', 'shaidc%^&*', 'shaidc2008%^&*', 'shanghai2008', 'sh2008', 'sh(8&6%4#2!', 'shidc2008', 'shenwei67894422', 'shaoxing', 'shilei23236060', 'shabi668', 'shiweizx123456', 'shiwei', 'shiwei2008', 'shiwei!@#$%^', 'shizong89102066', 'shujuchaoshi.com', 'shujuchaoshi', 'shujuchaoshi2008', 'SHIhandong@))%!)@*', 'shift**', 'shanghai!@#$', 'sh1234%^&*', 'sh963852741', 'sh147258369', 'sh159357', 'sh159753', 'shidc.com.cn', 'SHBC0806', 'shanghai123', 'sh159357456', 'shao!%%%%shao', 'shenzhou', 'shzxdzsw', 'shidc', 'shaidc', 'shhost', 'sh123445', 'shzyc29', 'shanghaiidc', 'shenzhenidc', 'shzyc', 'shidc123456', 'shanidc123', 'sh123456', 'shandong', 'shaidc%4#2!', 'shaidc%4#2!', 'shenzhou', 'shzxdzsw', 'shacala', 'shidc', 'shaidc', 'shhost', 'sh123445', 'shzyc29', 'shteol', 'shanghai', 'shanghaiidc', 'shenzhenidc', 'shjv1314', 'shanghai520', 'shanghaiidc123445', 'shanghaiidc123', 'shanghaiidc123445789', 'shanghaiidc147258', 'shzyc', 'shanghaiidc123456', 'shanghaiidc123456789', 'shanghaihuamu', 'shhuamu', 'shanghaichangxin', 'shchangxin', 'shwusheng', 'shanghaiwusheng', 'shhengbing', 'shanghaihengbing', 'shzhenru', 'shanghaizhenru', 'shjv123456', 'shidc123456', 'shanidc123', 'sh123456', 'shandong', 'shsh.kxso.com,.', 'sh!@#^%$', 'sh123456', 'sh123654', 'sh123654789', 'sh159357456', 'shidc123654', 'shtangzhi', 'shiwei!@#$%^&*()', 'shiwei!@#$%^', 'shiwei!@#$%^', 'shanwoai', 'she11221021', 'shenzhen2008', 'shikelang85', 'shoushanga420186568@@', 'sh8Q*.A*Djnx0.1', 'shaidc%4#2!', 'shaidc', 'sh%4#2!', 'shaidc2008', 'shmym1233', 'sh159357456', 'shbokametasoftweb', 'shaidc!23', 'shaidc*90', 'shanghai%4#2!', 'sh%$#2!', 'SHdadapic@&63536719', 'sha^5$3@1', 'shaidc^5$3@1', 'shaidc^5$3@12008', 'shaidcq1w2e3', 'shaidc520', 'shaidc08', 'shaidc888', 'shaidc2009', 'shaidc,./', 'shaidc258', 'shaidc!@#', 'shaidc2008!@#', 'shaidc%^&*', 'shaidc2008%^&*', 'shanghai2008', 'sh2008', 'sh(8&6%4#2!', 'shidc', 'shidc123', 'shidc123321', 'share', 'shandong', 'shanghai', 'sh3ll', 'shaomo', 'shell', 'shunzi', 'sh12149', 'shallon', 'shanghai', 'shanleyi', 'shao0407', 'shark63', 'shchhhw', 'shdshdshd', 'sheepgirl', 'sheeppoo', 'sheila', 'shellie', 'shen826', 'sheng', 'shengming', 'shenjian', 'shenlijuan', 'shenmo', 'shiaiq', 'shihua', 'shirley', 'shit', 'shiziga', 'shkitty', 'showme', 'shriny', 'shuang', 'shui', 'shulin', 'shq', 'show', 'sheart', 'shenlufang', 'shan', 'Shadow', 'Shadows', 'Shannon', 'Sharon', 'Shelly', 'Shithead', 'Shooter', 'Shorty', 'Shotgun', 'shadow1', 'shalom', 'shanti', 'shark', 'shawn', 'sheba', 'sheena', 'shelby', 'shelley', 'sherry', 'shoes', 'shenguolian', 'shisp.com', 'shisp2010', 'shisp2011', 'shengda@2010', 'shao*peng@163.com', 'shangong123', 'shsh.kxso.com', 'sh!@#^%$', 'sh123456', 'sh123654', 'sh123654789', 'sh159357456', 'shidc123654', 'shtangzhi', 'shipin123', 'shipin!@#', 'shipinidc', 'shipin', 'shine2010', 'sh!@#$%^', 'shaidc2008', 'shaidc2010', 'shaidc2011', 'shbenyue', 'shsh.kxso.com,.', 'shisp.net', 'shuai.wang', 'shuai.zhang', 'shuzhen.wang', 'shulan.wang', 'shuai.li', 'shuying.wang', 'shuzhen.li', 'shuhua.wang', 'sh.wang', 'shuai.liu', 'shuzhen.zhang', 'shuying.li', 'shuying.zhang', 'shulan.zhang', 'shuhua.li', 'sh.li', 'shulan.li', 'sh', 'sha', 'shafiq', 'shahadat', 'shahariar', 'shahed', 'shaheen', 'shahid', 'shahjahan', 'shahriar', 'shameem', 'shams', 'shamsul', 'share', 'sharif', 'sharon', 'shashi', 'shaweb', 'shb', 'shc', 'shd', 'she', 'shell', 'shf', 'shfaq', 'shg', 'shh', 'shi', 'shibli', 'shift', 'shiraj', 'shj', 'shk', 'shl', 'shm', 'shn', 'shniu', 'shniu1', 'sho', 'shohail', 'shohel', 'shop', 'shopon', 'shoshin', 'shoutcast', 'showeb', 'shp', 'shq', 'shr', 'shs', 'shsun', 'shsun1', 'sht', 'shu', 'shv', 'shw', 'shx', 'shy', 'shz'],
'si',['sillywalk', 'singer', 'sixtynine', 'sizenine', 'sia', 'siaha', 'sibbecai', 'sibbechai', 'sibboleth', 'sibmah', 'sibraim', 'sichem', 'sick', 'sickle', 'sickly', 'sickness', 'sicknesses', 'siddim', 'side', 'sides', 'sidon', 'sidonians', 'siege', 'sieve', 'sift', 'sifted', 'sigh', 'sighed', 'sighest', 'sigheth', 'sighing', 'sighs', 'sight', 'sights', 'sign', 'signed', 'signet', 'signets', 'signification', 'signified', 'signifieth', 'signify', 'signifying', 'signs', 'sihon', 'sihor', 'silas', 'silence', 'silent', 'silk', 'silla', 'silly', 'siloah', 'siloam', 'silvanus', 'silver', 'silverlings', 'silversmith', 'simeon', 'simeonites', 'similitude', 'similitudes', 'simon', 'simple', 'simplicity', 'simply', 'simri', 'sin', 'sina', 'sinai', 'since', 'sincere', 'sincerely', 'sincerity', 'sinew', 'sinews', 'sinful', 'sing', 'singed', 'singer', 'singers', 'singeth', 'singing', 'single', 'singleness', 'singular', 'sinim', 'sinite', 'sink', 'sinned', 'sinner', 'sinners', 'sinnest', 'sinneth', 'sinning', 'sins', 'sion', 'siphmoth', 'sippai', 'sir', 'sirah', 'sirion', 'sirs', 'sisamai', 'sisera', 'sister', 'sisters', 'sit', 'sith', 'sitnah', 'sits', 'sittest', 'sitteth', 'sitting', 'situate', 'situation', 'sivan', 'six', 'sixscore', 'sixteen', 'sixteenth', 'sixth', 'sixty', 'sixtyfold', 'size', 'Sibelius', 'Siberia', 'Sibylla', 'Sichuan', 'Sicilia', 'SidingSpring', 'SidingSpring', 'Siding_Spring', 'Sidonia', 'Siebohme', 'Siegena', 'Sigelinde', 'Signe', 'Sigrid', 'Sigune', 'Sigyn', 'Sijthoff', 'Silbermann', 'Silesia', 'Silke', 'Sillanpaa', 'Silvretta', 'Simeisa', 'Simferopol', 'Simona', 'Simonida', 'Simonov', 'Sinon', 'Sirene', 'Siri', 'Sirona', 'Sisigambis', 'Sisyphus', 'Sita', 'Sitarski', 'Siva', 'Siwa', 'sialophilus', 'siamese', 'sibirica', 'sibiricum', 'sibonii', 'sicca', 'siccus', 'siciliae', 'siderocapsulatus', 'siegburg', 'silvaticum', 'simbae', 'simi', 'simiae', 'simoncinii', 'simonsiella', 'simonstown', 'simplex', 'simsbury', 'simulans', 'sinaiiensis', 'sinchew', 'sindenensis', 'sinense', 'singapore', 'sinorhizobium', 'sinoroseocirreus', 'sinstorf', 'sinthia', 'sinuosum', 'sioyaensis', 'sipane', 'siraeum', 'sivensis', 'sina.com.cn', 'sino', 'sizang', 'sina.com', 'sihanwangluo', 'sino2008', 'sino123', 'Sino_WebServer', 'sina.com.cn', 'Sino_WebServer', 'since2005', 'since.com', 'sin', 'simeng', 'simon123', 'sindy', 'sisi', 'sisisi', 'sin', 'sirkang', 'sick', 'sicklover', 'Sidney', 'Sierra', 'Silver', 'Simple', 'simba', 'simon', 'singer', 'sinoidc', 'sino', 'sino2011', 'sino.com', 'sini12345', 'since2005', 'since.com', 'sinwe', 'sinwe2010', 'sinweidc', 'sinwe2009', 'sino', 'sino', 'siddharth', 'sikder', 'sinha', 'sinta', 'sir', 'siraj', 'site', 'sitv', 'sivaraman'],
'sj',['sjtfltqv1985824SJTFLTQV!(*%*@$', 'sjnsujun!@#', 'sjzwb85sjydf', 'sjz13605288311', 'sjz13605288311', 'sjh@', 'sjh5201314', 'sjllfwq0127', 'sjmadmin', 'sja', 'sjb', 'sjc', 'sjd', 'sje', 'sjf', 'sjg', 'sjh', 'sji', 'sjj', 'sjk', 'sjl', 'sjlee', 'sjm', 'sjn', 'sjo', 'sjp', 'sjq', 'sjr', 'sjs', 'sjt', 'sju', 'sjv', 'sjw', 'sjx', 'sjy', 'sjz'],
'sk',['skibum', 'skiing', 'skywalker', 'skies', 'skilful', 'skilfully', 'skilfulness', 'skill', 'skin', 'skins', 'skip', 'skipped', 'skippedst', 'skipping', 'skirt', 'skirts', 'skull', 'sky', 'SkalnatePleso', 'SkalnatePleso', 'Skalnate_Pleso', 'Skiff', 'Skip', 'Skovoroda', 'Skuld', 'Skvortsov', 'skansen', 'skirrowii', 'sky_master!1986', 'sky_master!1986', 'sky_master!1986', 'sk1207', 'skinking', 'sk3800', 'skyhack', 'Skater', 'Skeeter', 'Skidoo', 'Skiing', 'Skinny', 'Skippy', 'skipper', 'sky20111', 'skyuc.com2011', 'skyuc.com123', 'skyuc.com!@#', 'skyuc.com2010', 'skyuc.com', 'sky'],
'sl',['sleazy', 'slimeball', 'slinky', 'slack', 'slacked', 'slackness', 'slain', 'slander', 'slandered', 'slanderers', 'slanderest', 'slandereth', 'slanderously', 'slanders', 'slang', 'slaughter', 'slave', 'slaves', 'slay', 'slayer', 'slayeth', 'slaying', 'sleep', 'sleeper', 'sleepest', 'sleepeth', 'sleeping', 'sleight', 'slept', 'slew', 'slewest', 'slidden', 'slide', 'slideth', 'slightly', 'slime', 'slimepits', 'sling', 'slingers', 'slings', 'slingstones', 'slip', 'slipped', 'slippery', 'slippeth', 'slips', 'slothful', 'slothfulness', 'slow', 'slowly', 'sluggard', 'sluices', 'slumber', 'slumbered', 'slumbereth', 'slumberings', 'Slavia', 'Slipher', 'Slipher', 'Slovakia', 'slackii', 'slade', 'sladun', 'slangkop', 'slatograd', 'slithyformis', 'sljeme', 'slovaca', 'sl.idc.mn', 'sl.idc.mn', 'sldm', 'slp3996', 'sleep', 'Slayer', 'slacker', 'sl.wang', 'sl.zhang', 'sl.li', 'slide', 'slview'],
'sm',['smallcock', 'smallhips', 'smalltalk', 'smalltips', 'smashed', 'smiles', 'smokedham', 'small', 'smallest', 'smart', 'smell', 'smelled', 'smelleth', 'smelling', 'smite', 'smiters', 'smitest', 'smiteth', 'smith', 'smiths', 'smiting', 'smitten', 'smoke', 'smoking', 'smooth', 'smoother', 'smootheth', 'smote', 'smotest', 'smyrna', 'Smetana', 'Smilevskia', 'Smiley', 'Smith', 'Smither', 'Smolensk', 'Smuts', 'smegmatis', 'smithi', 'smithia', 'smithii', 'smsmsm', 'smj1860', 'smtcl9902_1220', 'smart911', 'smile', 'smy2008', 'smabl000001', 'Smiles', 'Smiley', 'Smokey', 'smashing', 'smiths', 'smtcl9902_1220', 'smallt123', 'smalltzxc', 'smallt', 'sm0k3y', 'smart', 'smbuser', 'smecher', 'smg', 'sms'],
'sn',['snafoo', 'snafu', 'sneezy', 'snorkydorky', 'snail', 'snare', 'snared', 'snares', 'snatch', 'sneezed', 'snorkelwacker', 'snorting', 'snout', 'snow', 'snowy', 'snuffdishes', 'snuffed', 'snuffers', 'snuffeth', 'Sniadeckia', 'SnailTech&1208', 'snailgame', 'snda.com', 'sniffer', 'Snda-GZrjy@))*06', 'Snda-GZrjy@))*', 'snda.com', 'Snowfox928410', 'snow', 'snjewa', 'snowhack', 'Snicker', 'Sniper', 'Snoopy', 'Snowbal', 'snake', 'snapple', 'snickers', 'snoopdog', 'snowball', 'snowman', 'snuffy', 'sna', 'snb', 'snc', 'snd', 'sne', 'snf', 'sng', 'snh', 'sni', 'snj', 'snk', 'snl', 'snm', 'snmp', 'snn', 'sno', 'snp', 'snq', 'snr', 'sns', 'snt', 'snu', 'snv', 'snw', 'snx', 'sny', 'snz'],
'so',['sp',['spaceman', 'spam', 'sparrows', 'spiderman', 'spiff', 'spiffy', 'spiritu', 'spiritusanctu', 'splif', 'spliff', 'spock', 'sprang', 'spyrogyra', 'space', 'spain', 'spake', 'spakest', 'span', 'spanned', 'spare', 'spared', 'spareth', 'sparing', 'sparingly', 'spark', 'sparkled', 'sparks', 'sparrow', 'sparrows', 'spat', 'speak', 'speaker', 'speakest', 'speaketh', 'speaking', 'speakings', 'spear', 'spearmen', 'spears', 'special', 'specially', 'specific', 'specifically', 'speckled', 'spectacle', 'sped', 'speech', 'speeches', 'speechless', 'speed', 'speedily', 'speedy', 'spend', 'spendest', 'spendeth', 'spent', 'spewing', 'spice', 'spiced', 'spicery', 'spices', 'spider', 'spied', 'spies', 'spikenard', 'spilled', 'spilt', 'spin', 'spindle', 'spirit', 'spirits', 'spiritual', 'spiritually', 'spit', 'spite', 'spitefully', 'spitted', 'spitting', 'spittle', 'spoil', 'spoiled', 'spoiler', 'spoilers', 'spoilest', 'spoileth', 'spoiling', 'spoils', 'spoke', 'spoken', 'spokes', 'spokesman', 'spoon', 'spoons', 'sport', 'sporting', 'spot', 'spots', 'spotted', 'spouse', 'spouses', 'sprang', 'spread', 'spreadest', 'spreadeth', 'spreading', 'spreadings', 'sprigs', 'spring', 'springeth', 'springing', 'springs', 'sprinkle', 'sprinkled', 'sprinkleth', 'sprinkling', 'sprout', 'sprung', 'spue', 'spued', 'spun', 'spunge', 'spy', 'Spartacus', 'Spellmann', 'Sphinx', 'Spicer', 'Spiraea', 'Spiridonia', 'Spitzer', 'sp', 'spadicis', 'spadicogriseus', 'spadicus', 'spadix', 'spalentor', 'sparsogenes', 'sparsus', 'spartel', 'species', 'spectabilis', 'speices', 'speleomycini', 'spermacoces', 'spermatophilum', 'sphaerica', 'sphaericus', 'sphaerobacter', 'sphaeroides', 'sphaerophorus', 'sphaerotilus', 'sphagni', 'sphenoides', 'spheroides', 'sphing', 'sphingobacterium', 'sphingomonas', 'spinichromogenes', 'spinicoumarensis', 'spinocoumarensis', 'spinosa', 'spinosum', 'spinoverrucosus', 'spirale', 'spiralis', 'spiramyceticus', 'spirillospora', 'spirillum', 'spiritensis', 'spiritivorum', 'spirochaeta', 'spiroforme', 'spiroplasma', 'spirosoma', 'spiroverticillatum', 'spiroverticillatus', 'spirulina', 'splanchnicus', 'splendens', 'splendida', 'splendidum', 'splendidus', 'sporegenes', 'sporichthya', 'sporium', 'sporocaneris', 'sporocaneus', 'sporocinereus', 'sporoclivatus', 'sporoclivosus', 'sporocrineus', 'sporocristum', 'sporocytophaga', 'sporofasciens', 'sporogenes', 'sporohalobacter', 'sporolactobacillus', 'sporomusa', 'sporopillosus', 'spororaveus', 'sporosarcina', 'sporosetosum', 'sporosphaeroides', 'sporospilum', 'sporostellatus', 'sporotrichum', 'sporoverrucosus', 'sporovirgulis', 'springs', 'spumans', 'spumosum', 'sputi', 'sputigena', 'sputorum', 'spbo3@#$071810', 'sport#@%5535', 'sp850218/.,]', 'sp850218/.,]', 'spider', 'sprite', 'Spanish', 'Spanky', 'Sparky', 'Special', 'Speech', 'Speedy', 'Spirit', 'Sports', 'Spring', 'Spunky', 'space', 'spain', 'sparrow', 'speedo', 'spencer', 'spike', 'spitfire', 'spooky', 'spi'],
'sq',['squires', 'square', 'squared', 'squares', 'sqladmin2000', 'sqladmin2003', 'sqldebugger', 'sqlcjebp', 'SQL123456', 'sql@2008', 'sq3r.cncn', 'SQ223800', 'SQLDebugger', 'sqlsqlsql', 'sqlsql', 'sql1433', 'sql2008', 'sqldebugger', 'sql', 'SQ223800', 'sql2008', 'sql2008', 'sqldebugger', 'sql', 'SQ223800', 'sQlwAwZt#@88', 'sqlserver', 'sql123', 'SQ223800', 'sq19880602', 'Squirt', 'sql2008', 'SQLDebugger', 'squid'],
'sr',['Srbija', 'srebarna', 'sreenivasani', 'srinagar', 'sr324-cs', 'sRtmrTG1q2w', 'srttest', 'sr324-cs', 'srffrs', 'srt.com.cn', 'sreza', 'srinivas', 'srudent'],
'ss',['sso', 'SS0575', 'SS0575', 'sss123', 'sssddd', 'ssss', 'ssssss', 'ssssssss', 'sss', 'ss2701', 'ssh', 'sshuser', 'sshusr', 'ssimDL'],
'st',['stainless', 'stalker', 'stars', 'starship', 'startrek', 'starwars', 'status', 'stickshift', 'stiffdrink', 'stiffprick', 'stimulate', 'strat', 'stratocaster', 'stuffedturkey', 'stability', 'stable', 'stablish', 'stablished', 'stablisheth', 'stachys', 'stacks', 'stacte', 'staff', 'stagger', 'staggered', 'staggereth', 'stain', 'stairs', 'stakes', 'stalk', 'stalks', 'stall', 'stalled', 'stalls', 'stammerers', 'stammering', 'stamp', 'stamped', 'stamping', 'stanched', 'stand', 'standard', 'standards', 'standest', 'standeth', 'standing', 'stank', 'star', 'stare', 'stargazers', 'stars', 'starts', 'state', 'stately', 'states', 'station', 'stature', 'status', 'statute', 'statutes', 'staves', 'stay', 'stayed', 'stayeth', 'stays', 'stdc', 'stead', 'steads', 'steady', 'steal', 'stealeth', 'stealing', 'stealth', 'stedfast', 'stedfastly', 'stedfastness', 'steel', 'steep', 'stem', 'step', 'stephanas', 'stephen', 'stepped', 'steppeth', 'steps', 'stern', 'steward', 'stewards', 'stewardship', 'stick', 'sticketh', 'sticks', 'stiff', 'stiffened', 'stiffhearted', 'stiffnecked', 'still', 'stilled', 'stillest', 'stilleth', 'sting', 'stingeth', 'stings', 'stink', 'stinketh', 'stinking', 'stir', 'stirred', 'stirreth', 'stirring', 'stirs', 'stock', 'stocks', 'stoicks', 'stole', 'stolen', 'stomach', 'stomacher', 'stone', 'stoned', 'stones', 'stonesquarers', 'stonest', 'stoning', 'stony', 'stood', 'stoodest', 'stool', 'stools', 'stoop', 'stooped', 'stoopeth', 'stooping', 'stop', 'stopped', 'stoppeth', 'store', 'storehouse', 'storehouses', 'stories', 'stork', 'storm', 'stormy', 'story', 'stout', 'stouthearted', 'stoutness', 'straight', 'straightway', 'strain', 'strait', 'straiten', 'straitened', 'straiteneth', 'straitest', 'straitly', 'straitness', 'straits', 'strake', 'strakes', 'strange', 'strangely', 'stranger', 'strangers', 'strangled', 'strangling', 'straw', 'strawed', 'stream', 'streams', 'street', 'streets', 'strength', 'strengthen', 'strengthened', 'strengthenedst', 'strengtheneth', 'strengthening', 'stretch', 'stretched', 'stretchedst', 'stretchest', 'stretcheth', 'stretching', 'stricken', 'strife', 'strifes', 'strike', 'striker', 'striketh', 'string', 'stringed', 'strings', 'strip', 'stripe', 'stripes', 'stripling', 'stripped', 'stript', 'strive', 'strived', 'striven', 'striveth', 'striving', 'strivings', 'stroke', 'strokes', 'strong', 'stronger', 'strongest', 'strongly', 'strove', 'strowed', 'struck', 'struggled', 'stubble', 'stubborn', 'stubbornness', 'stuck', 'studieth', 'studs', 'study', 'stuff', 'stumble', 'stumbled', 'stumbleth', 'stumbling', 'stumblingblock', 'stumblingblocks', 'stumblingstone', 'stump', 'Staehle', 'Stalingrad', 'Standish', 'Stateira', 'Stavropolis', 'Stearns', 'Stebbins', 'Steina', 'Steinmetz', 'Steins', 'Stellafane', 'Stentor', 'Stephania', 'Stereoskopia', 'Sternberga', 'Sterpin', 'Steshenko', 'Steveedberg', 'Sthenelos', 'Stobbe', 'Storeria', 'Strackea', 'Strand', 'Strattonia', 'Strenua', 'Strobel', 'Stromgrenia', 'Stroobantia', 'Strugatskia', 'Struveana', 'Stuart', 'Stur', 'st', 'stabilis', 'stadtmanae', 'staleyi', 'stanieri', 'stanley', 'stanleyville', 'staoueli', 'staphylococcus', 'staphylothermus', 'starrii', 'stationis', 'staurosporeus', 'stearotermophilus', 'stearothermophilis', 'stearothermophilus', 'steedae', 'steffisburgensis', 'steigerwaltii', 'steinplatz', 'steinwerder', 'stella', 'stellata', 'stellenbosch', 'stelligen', 'stellulatum', 'stendal', 'stenostrepta', 'stenotrophomonas', 'stercoraria', 'stercorarium', 'stercoris', 'stereotropis', 'sternschanze', 'sterolicum', 'sterrenbos', 'stethorae', 'stetteri', 'stevenage', 'stewarti', 'stewartii', 'stfeptomyces', 'stibiobacter', 'sticklandii', 'stigmatella', 'stikland', 'stipitatus', 'stipitis', 'stizolobiicola', 'stockholm', 'stolpii', 'stomatis', 'stomatoccus', 'stomatococcus', 'stormont', 'stourbridge', 'str', 'straengnaes', 'strain', 'strains', 'straminae', 'straminea', 'stranskae', 'strasbourg', 'strassbourg', 'stratford', 'stratianis', 'stre', 'strep', 'strepromyces', 'streptoalloteichus', 'streptobacillus', 'streptobacterium', 'streptococcus', 'streptom', 'streptomgces', 'streptomy', 'streptomyc', 'streptomyce', 'streptomyces', 'streptomycini', 'streptomycoides', 'streptosporangium', 'streptosporus', 'streptovericillium', 'streptoverticillium', 'streptoverticllium', 'striafaciens', 'striata', 'striatum', 'strict', 'stricto', 'stuarti', 'stuartii', 'stuivenberg', 'stuttgart', 'stutzeri', 'stygiolobus', 'stdx2008!!', 'stidc2008', 'stidc', 'stdx', 'st@88389445', 'st123456', 'Star-X/Van', 'STAR', 'st123456', 'stdx2008!!', 'stutenw.com', 'Star-X/Van', 'Star-X/Van', 'STAR', 'strategy!@#', 'st123456', 'student', 'sta327', 'stella', 'streel', 'stvcg', 'Stacey', 'Stanley', 'Startrek', 'Steven', 'Stimpy', 'Strider', 'Student', 'Studly', 'Stupid', 'star', 'star69', 'stargate', 'start', 'starwars', 'station', 'stealth', 'steele', 'steelers', 'steph', 'stephani', 'stephen', 'steve', 'stever', 'sting1', 'stingray', 'stinky', 'storm', 'stormy', 'strat', 'strawber', 'stuart', 'stsysg@qq.com', 'strategy135!@#$%', 'strategy!@#', 'stan', 'station', 'stef', 'stephen', 'steven', 'stores', 'student', 'study'],
'su',['sv',['Svanetia', 'Svea', 'Svetlov', 'svedvi', 'sviceus', 'svctag', 'svwlzx!@#$%^&*', 'svwlzx!@#$%^&*', 'svctag', 'svctag2008', 'svctag', 'svn', 'svnadmin', 'svnroot'],
'sw',['swamprat', 'sweatshop', 'sweetnes', 'swingset', 'swaddled', 'swaddling', 'swaddlingband', 'swallow', 'swallowed', 'swalloweth', 'swan', 'sware', 'swarest', 'swarm', 'swarms', 'swear', 'swearers', 'sweareth', 'swearing', 'sweat', 'sweep', 'sweeping', 'sweet', 'sweeter', 'sweetly', 'sweetness', 'sweetsmelling', 'swell', 'swelled', 'swelling', 'swellings', 'swept', 'swerved', 'swift', 'swifter', 'swiftly', 'swim', 'swimmest', 'swimmeth', 'swine', 'swollen', 'swoon', 'swooned', 'sword', 'swords', 'sworn', 'Swasey', 'Swedenborg', 'Swetlana', 'Swings', 'Swissair', 'Swope', 'swsoft', 'sw123!@#', 'sweedd', 'sw1234', 'sw2', 'sw2', 'sw2', 'sw87988798', 'swingsytysonking', 'swallow520', 'sw350296', 'sweet88', 'swift', 'swzwwx', 'swpu', 'Sweetie', 'Sweets', 'Swimmer', 'sweetpea', 'sweety', 'swimming', 'sw@258258', 'sw87988798', 'sw', 'sw2', 'sw', 'swapnil'],
'sx',['sx123456', 'sx@123456', 'sx123456', 'sx0011', 'sx123456', 'SXCFVBNMJYFRTG', 'sxcfvbnmjyfrtg', 'SXCFVBNMJYFRTG', 'sxcfvbnmjyfrtg', 'SXidc!@#456', 'sxy'],
'sy',['sybase', 'syphilis', 'syphillis', 'sys5', 'systemfive', 'systemv', 'sysv', 'sycamine', 'sychar', 'sychem', 'sycomore', 'sycomores', 'syene', 'synagogue', 'synagogues', 'syntyche', 'syracuse', 'syria', 'syriack', 'syriadamascus', 'syriamaachah', 'syrian', 'syrians', 'syrophenician', 'Sy', 'Sylvania', 'Sylvia', 'Syringa', 'sya', 'sydney', 'sylvania', 'symbiont', 'symbiosum', 'symbiotes', 'symbioticum', 'syncyanea', 'synechococcus', 'synergistes', 'synoviae', 'syntrophobacter', 'syntrophococcus', 'syntrophomonas', 'syntrophospora', 'syntrophus', 'synxantha', 'syrigae', 'syring', 'syringae', 'syringium', 'syringocolor', 'syringum', 'syzygii', 'system2184081', 'syrea', 'system', 'Symantec', 'syh54671713090', 'system^', 'syrea2008', 'symantec', 'systemidc', 'syrea', 'system^', 'system', 'SYY811108', 'system', 'sysadmin', 'sy8106237', 'sybase', 'system^', 'sys168.com', 'system2006', 'SYY811108', 'SYY811108', 'system', 'sysadmin', 'sy8106237', 'system', 'sysadmin', 'sybase', 'system^', 'system123', 'system123456', 'system789', 'system!@#', 'system!@#$', 'system!@#$%', 'system!@#$%^', 'sys168.com', 'system^', 'system', 'sysadmin', 'sy4412', 'syd567', 'sydemon', 'Sydney', 'System', 'sylvia', 'sylvie', 'symbol', 't', 'syhhidc', 'system@123456', 'symantec', 'sy.wang', 'sy.li', 'sy.zhang', 'system', 'sysadmin', 'sybase', 'sybase123', 'sys', 'sysadmin', 'syscheck', 'syslog', 'system'],
'sz',['Szmytowna', 'szentes', 'szulgai', 'szwajizak', 't', 'sz123456', 'szhnet.com', 'szblade3944', 'szhnet', 'szidc', 'sz123456', 'szidc200835', 'szjchang', 'szhost', 'szidc', 'szhnet12345', 'szblade3944', 'szidc200835', 'szjchang', 'szhost', 'szidc', 'szjchang', 'szhost', 'szidc', 'szidc', 'szidc', 'szidc', 'sz', 'szp7914', 'sz.wang', 'sz.li', 'sz.zhang'],
'ta',['tb'],
'tc',['tcp-ip', 'tcp/ip', 'tcpip', 'Tchaikovsky', 'tchad', 'tchadense', 'tchamba', 'tc2009!@#$%', 'tcllove', 'tcx1223', 'tc2009!@#$%'],
'td',['tdliu', 'tdliu1'],
'te',['teakettle', 'teaparty', 'tech', 'technical', 'teeney', 'teeny', 'telecast', 'telephone', 'telnet', 'temptress', 'terminal', 'testcase', 'testguy', 'tetris', 'tex', 'teach', 'teacher', 'teachers', 'teachest', 'teacheth', 'teaching', 'tear', 'teareth', 'tears', 'teats', 'tebah', 'tebaliah', 'tebeth', 'tedious', 'teeth', 'tehaphnehes', 'tehinnah', 'teil', 'tek', 'tekel', 'tekoa', 'tekoah', 'tekoite', 'tekoites', 'telabib', 'telah', 'telaim', 'telassar', 'telem', 'telharesha', 'telharsa', 'tell', 'tellest', 'telleth', 'telling', 'tells', 'telmelah', 'tema', 'teman', 'temani', 'temanite', 'temanites', 'temeni', 'temper', 'temperance', 'temperate', 'tempered', 'tempest', 'tempestuous', 'temple', 'temples', 'temporal', 'tempt', 'temptation', 'temptations', 'tempted', 'tempter', 'tempteth', 'tempting', 'ten', 'tend', 'tender', 'tenderhearted', 'tenderness', 'tendeth', 'tenons', 'tenor', 'tens', 'tent', 'tenth', 'tentmakers', 'tents', 'terah', 'teraphim', 'teresh', 'termed', 'terraces', 'terrestrial', 'terrible', 'terribleness', 'terribly', 'terrified', 'terrifiest', 'terrify', 'terror', 'terrors', 'tertius', 'tertullus', 'testament', 'testator', 'testified', 'testifiedst', 'testifieth', 'testify', 'testifying', 'testimonies', 'testimony', 'tetrarch', 'text', 'Tea', 'Tedesco', 'Tekmessa', 'Telamon', 'Tellervo', 'Tempel', 'Teneriffa', 'Tengstrom', 'Tenojoki', 'Tercidina', 'Terentia', 'Tergeste', 'Terpsichore', 'Terradas', 'Tesla', 'Teucer', 'Teutonia', 'Texereau', 'Tezcatlipoca', 'tea', 'techimani', 'technicum', 'tectibacter', 'tectum', 'teddington', 'tees', 'teichomyceticus', 'tejas', 'teko', 'telaviv', 'telelkebir', 'telhashomer', 'telluria', 'teltow', 'tema', 'temperans', 'tenax', 'tendae', 'tenebrarius', 'tenius', 'tenjimariensis', 'tennesse', 'tennessee', 'tennyson', 'tenue', 'tenuis', 'tepidarius', 'tepidum', 'terevasa', 'termitida', 'termitides', 'termitidis', 'termitum', 'terrabacter', 'terrae', 'terrea', 'terrebactor', 'terregens', 'terreus', 'terrigena', 'tertium', 'teshie', 'tesselarius', 'tessellari', 'tessellarius', 'testaceum', 'testaceus', 'testosteroni', 'testudinis', 'tetani', 'tetanomorphum', 'tetanusemus', 'tetracoccus', 'tetracyclini', 'tetradius', 'tetraedrale', 'tetragena', 'tetragenococcus', 'tetragenus', 'tetraodon', 'teufelsbrueck', 'tevere', 'texas', 'texasensis', 'telecomos2008', 'telecomos126', 'test', 'TengYuan', 'test888test888', 'test888', 'tengren', 'tengwu', 'tendency', 'TENmanUFactOryPOWER', 'tech50016731', 'test', 'TestWork23.%!', 'test', 'test123', 'telecomos126', 'telecomos2008', 'TestWork23.%!', 'test', 'test123', 'test', 'test123', 'tezhuan.comtangtao!@#', 'tengfei159', 'tengfei', 'TeLacH*UaN@#$xiang', 'telecomos126', 'telecomos2008', 'test', 'test123', 'TestWork23.%!', 'test', 'test1', 'test123', 'test2', 'tengxin', 'tengxunsb', 'tehiro', 'tengfei', 'TEACHERS', 'Teacher', 'Tennis', 'Teresa', 'Tester', 'tech', 'techno', 'teddy', 'teddy1', 'telecom', 'temp', 'temporal', 'tequila', 'terry', 'testing', 'testtest', 'texas', 'techsupport', 'tezhuan.comtangtao!@#', 'testidc', 'test2011', 'test', 'test123', 'teamspeak', 'teamspeak3', 'teamspeam', 'tech', 'technicom', 'techsupport', 'teknik', 'telnet', 'temp', 'tempuser', 'TERMM', 'tese123', 'test', 'Test', 'test1', 'test102', 'test123', 'test2', 'tester', 'testftp', 'testin', 'testing', 'testout', 'testpmb', 'testuser', 'text'],
'tf',['tf45495', 'tf45495a'],
'tg',['tgif', 'tgb', 'tgm...', 'tg123456', 'tgbtgb', 'tgbrfvedcwsxqaz', 'tgm...', 'tgbrfvedcwsxqaz', 'tgrnf@12', 'tghy77', 'tgl', 'tgz'],
'th',['thankgod', 'thatcher', 'thebeef', 'thebutler', 'thepenguin', 'therealthing', 'theriddler', 'thickcock', 'thickhead', 'thickskin', 'thinthighs', 'thaddaeus', 'thahash', 'thamah', 'thamar', 'than', 'thank', 'thanked', 'thankful', 'thankfulness', 'thanking', 'thanks', 'thanksgiving', 'thanksgivings', 'thankworthy', 'thara', 'tharshish', 'that', 'the', 'theatre', 'thebez', 'thee', 'theft', 'thefts', 'their', 'theirs', 'thelasar', 'them', 'themselves', 'then', 'thence', 'thenceforth', 'theophanies', 'theophilus', 'theory', 'there', 'thereabout', 'thereat', 'thereby', 'therefore', 'therefrom', 'therein', 'thereinto', 'thereof', 'thereon', 'thereout', 'thereto', 'thereunto', 'thereupon', 'therewith', 'therin', 'therof', 'these', 'thessalonians', 'thessalonica', 'theudas', 'they', 'thick', 'thicker', 'thicket', 'thickets', 'thickness', 'thief', 'thieves', 'thigh', 'thighs', 'thimnathah', 'thin', 'thine', 'thing', 'things', 'think', 'thinkest', 'thinketh', 'thinking', 'third', 'thirdly', 'thirst', 'thirsted', 'thirsteth', 'thirsty', 'thirteen', 'thirteenth', 'thirtieth', 'thirty', 'thirtyfold', 'this', 'thistle', 'thistles', 'thither', 'thitherward', 'thomas', 'thongs', 'thorn', 'thorns', 'thorough', 'thoroughly', 'those', 'thou', 'though', 'thought', 'thoughtest', 'thoughts', 'thousand', 'thousands', 'thread', 'threat', 'threaten', 'threatened', 'threatening', 'threatenings', 'three', 'threefold', 'threescore', 'thresh', 'threshed', 'thresheth', 'threshing', 'threshingfloor', 'threshingfloors', 'threshingplace', 'threshold', 'thresholds', 'threw', 'threwest', 'thrice', 'throat', 'throne', 'thrones', 'throng', 'thronged', 'thronging', 'through', 'throughly', 'throughout', 'throw', 'throwing', 'thrown', 'thrust', 'thrusteth', 'thumb', 'thumbs', 'thummim', 'thunder', 'thunderbolts', 'thundered', 'thundereth', 'thunderings', 'thunders', 'thus', 'thy', 'thyatira', 'thyine', 'thyself', 'Thais', 'Thalia', 'TheNORC', 'Thekla', 'Themis', 'TheNORC', 'The_NORC', 'Theobalda', 'Theodora', 'Theresia', 'Thernoe', 'Thersites', 'Thessalia', 'Thetis', 'Thia', 'Thiele', 'Thisbe', 'Tholen', 'Thomana', 'Thomas', 'Thomsen', 'Thora', 'Thrasymedes', 'Thule', 'Thuringia', 'Thusnelda', 'Thyra', 'thailandense', 'thailandensis', 'thalassica', 'thalassium', 'thalpophilum', 'thalpophilus', 'thamnopheos', 'thauera', 'thaygen', 'theae', 'theecolor', 'theicola', 'theileri', 'thermarum', 'thermo', 'thermoaceticum', 'thermoacetophila', 'thermoactinomyces', 'thermoactinopolyspora', 'thermoaggregans', 'thermoalcaliphilum', 'thermoamylolyticum', 'thermoanaerobacter', 'thermoanaerobacterium', 'thermoanaerobium', 'thermoarchaensis', 'thermoatroviridis', 'thermoaub', 'thermoautotrophicum', 'thermobacteroides', 'thermobenzoicum', 'thermobutyricum', 'thermocarboxydovorans', 'thermocastaneus', 'thermocatenulatus', 'thermocellum', 'thermocloaceae', 'thermococcus', 'thermocoerulescens', 'thermocopriae', 'thermocyaneomaculatus', 'thermocyaneoviolaceus', 'thermodenitrificans', 'thermodesulfobacterium', 'thermodesulfotobacterium', 'thermodiastatica', 'thermodiastaticus', 'thermofilum', 'thermoflava', 'thermoflavus', 'thermoflexum', 'thermoformicicum', 'thermoglucosidasius', 'thermogriseoviolaceus', 'thermohalophilum', 'thermohydrosulfuric', 'thermohydrosulfuricum', 'thermohygroscopicus', 'thermolacticum', 'thermoleophilum', 'thermoleovorans', 'thermolilacinus', 'thermolineatus', 'thermolithotrophicus', 'thermoluteus', 'thermomethanica', 'thermomicrobium', 'thermomonospora', 'thermomyces', 'thermonema', 'thermonitrificans', 'thermoolivaceus', 'thermopalmarium', 'thermopapyrolyticum', 'thermophil', 'thermophila', 'thermophilic', 'thermophilica', 'thermophilicum', 'thermophilicus', 'thermophilium', 'thermophilum', 'thermophilus', 'thermoplasma', 'thermopolyspora', 'thermoproteus', 'thermoresistibile', 'thermoresistible', 'thermorosea', 'thermoruber', 'thermosaccharolyticum', 'thermosipho', 'thermosphacta', 'thermosphactum', 'thermosulfurigen', 'thermosulfurogenes', 'thermothrix', 'thermotoga', 'thermotolerans', 'thermovinacea', 'thermoviolaceus', 'thermovulgaris', 'thermus', 'thetaiotaomicron', 'thetford', 'thiaminolyticus', 'thiaminophaga', 'thiaminophila', 'thiaroye', 'thielallee', 'thiobacillus', 'thiobacterium', 'thiocapsa', 'thiocyanoxidans', 'thiocystis', 'thiodictyon', 'thiogenitalis', 'thioluteum', 'thioluteus', 'thiomicrospira', 'thiooxidans', 'thiopara', 'thioparus', 'thiopedia', 'thioploca', 'thiorhodovibrio', 'thiosphaera', 'thiospira', 'thiospirillum', 'thiosulfatophilum', 'thiothrix', 'thiovulum', 'thirumalacharii', 'thoenii', 'thomasii', 'thomasville', 'thompson', 'thompsonii', 'thornei', 'thracia', 'threomyceticus', 'thuringiensis', 'thyasiris', 'the9.com', 'thvmxmrkwhr', 'thppcss', 'thppcss', 'the9.com', 'thinghj', 'thomas', 'threemen', 'Theman', 'Theresa', 'Thumper', 'Thunder', 'theatre', 'theboss', 'theking', 'thunderb', 'thursday', 'thx1138', 'Think#$!', 'theluckydogsaloon', 'theresa', 'thomas'],
'ti',['tightass', 'tightcunt', 'tightfit', 'tinman', 'tireswing', 'tits', 'tiberias', 'tiberius', 'tibhath', 'tibni', 'tidal', 'tidings', 'tie', 'tied', 'tiglathpileser', 'tikvah', 'tikvath', 'tile', 'tilgathpilneser', 'tiling', 'till', 'tillage', 'tilled', 'tiller', 'tillest', 'tilleth', 'tilon', 'timaeus', 'timber', 'timbrel', 'timbrels', 'time', 'times', 'timna', 'timnah', 'timnath', 'timnathheres', 'timnathserah', 'timnite', 'timon', 'timotheus', 'timothy', 'tin', 'tingle', 'tinkling', 'tip', 'tiphsah', 'tiras', 'tirathites', 'tire', 'tired', 'tires', 'tirhakah', 'tirhanah', 'tiria', 'tirshatha', 'tirzah', 'tishbite', 'tithe', 'tithes', 'tithing', 'title', 'titles', 'tittle', 'titus', 'tizite', 'Tianjin', 'Tiflis', 'Tikhov', 'Tilia', 'Timandra', 'Timresovia', 'Tina', 'Tinchen', 'Tinette', 'Tirela', 'Tirza', 'Tisiphone', 'Tisserand', 'Titania', 'Titicaca', 'Titius', 'Tito', 'tibi', 'tiedjei', 'tienmensis', 'tiergarten', 'tilburg', 'tilene', 'tillae', 'tim', 'timidum', 'tinda', 'tindarius', 'tingomariensis', 'tione', 'tirrenicum', 'tissierella', 'ting13973072907', 'tianyijiao', 'tianjing', 'tianya', 'tietong', 'tianshui.net.cn', 'tianjian_2008_oaserver', 'tiger', 'titi', 'tianleidc', 'tianzhu', 'tianwei', 'tianjing', 'tianya', 'tietong', 'ting5201314', 'tiger', 'tianshi108', 'tianshi', 'ting5201314zmh', 'tian858835', 'tietong', 'tiantiankeji', 'TianTianTian', 'tiantian', 'tianshui.net.cn', 'ting5201314', 'tiger', 'tianshi108', 'tianshi', 'ting5201314zmh', 'tian858835', 'tiger', 'tianshi108', 'tianshi', 'tietong', 'tianwenwangyuanjing', 'tianjin00', 'tianran@2', 'tianxiang222', 'tianxiangfb', 'tianya888', 'tianxiaxiaocao', 'tianya112', 'tianya118', 'tianya88', 'ting5201314', 'tietong', 'tiger', 'tig', 'tiger', 'tiger1053', 'tiger789', 'tina270176', 'tingting', 'tinroad85', 'tianxie', 'tiancai', 'tingfeng520', 'tianya', 'Tiffany', 'Tigers', 'Tigger', 'Timothy', 'Tinman', 'tigre', 'tim', 'timber', 'time', 'tina', 'tinker', 'tintin', 'times', 'tian123456', 'tianchu.net', 'tiantian984111', 'tianwenwangyuanjing', 'tianjin00', 'tiantianshizhu', 'tianlong', 'ting.wang', 'ting.li', 'ting.zhang', 'tingting.zhang', 'tingting.wang', 'ting.liu', 'tingting.li', 'tingting.liu', 'tiger', 'tibero', 'tibero1', 'timesten', 'tineke', 'tipu', 'titiek_ediyanto', 'titik'],
'tj',['Tjilaki', 'Tjossem', 'tj.51vip.com', 'tj112233', 'tj123', 'tj123', 'tjlq', 'TJTSG@CKZX$0157'],
'tk',['tkggja8505181', 'tkmp', 'tk80d3bkztqn', 'tkggja8505181', 'tkggja8505181'],
'tl',['tl6012', 'tlxmq'],
'tm',['tmfjtbj', 'tmax', 'tml', 'tmlair', 'tmlcwt', 'tmllev', 'tmlsales', 'tmpfs'],
'tn',['TnHoo15862380404', 'tntn', 'TNTHK', 'v', 'TnHoo15862380404', 'TnHoo15862380404', 'tna', 'tnb', 'tnc', 'tnd', 'tne', 'tnf', 'tng', 'tnh', 'tni', 'tnj', 'tnk', 'tnl', 'tnm', 'tnn', 'tno', 'tnp', 'tnq', 'tnr', 'tns', 'tnt', 'tnu', 'tnv', 'tnw', 'tnx', 'tny', 'tnz'],
'to',['tolkein', 'tolkien', 'toosilly', 'tortoise', 'toysrus', 'to', 'toah', 'tob', 'tobadonijah', 'tobiah', 'tobijah', 'tochen', 'today', 'toe', 'toes', 'togarmah', 'together', 'tohu', 'toi', 'toil', 'toiled', 'toiling', 'token', 'tokens', 'tola', 'tolad', 'tolaites', 'told', 'tolerable', 'toll', 'tomb', 'tombs', 'tomorrow', 'tongs', 'tongue', 'tongues', 'too', 'took', 'tookest', 'tool', 'tooth', 'top', 'topaz', 'tophel', 'tophet', 'topheth', 'topic', 'tops', 'torch', 'torches', 'torment', 'tormented', 'tormentors', 'torments', 'torn', 'toronto', 'tortoise', 'tortured', 'toss', 'tossed', 'tossings', 'totally', 'tottering', 'tou', 'touch', 'touched', 'toucheth', 'touching', 'tow', 'toward', 'towel', 'tower', 'towers', 'town', 'townclerk', 'towns', 'Toatenmongakkai', 'Tokai', 'Tokio', 'Tolkien', 'Tololo', 'Tolosa', 'Tombaugh', 'Tombecka', 'Tomeileen', 'Tomita', 'Tomyris', 'Tone', 'Toni', 'Tornio', 'Toro', 'Toronto', 'Torrence', 'Tosa', 'Tovarishch', 'Toyota', 'to', 'tochigiensis', 'todormensis', 'todorominensis', 'togba', 'togo', 'tokai', 'tokaiense', 'tokaiensis', 'tokoin', 'tokokoensis', 'tokunonensis', 'tolaasii', 'tolerans', 'tolpophorus', 'tolworthi', 'tolypophorus', 'tolypothrix', 'tomato', 'tomaymyceticus', 'tomegbe', 'tomelilla', 'tomidae', 'tonelliana', 'tonev', 'tonkini', 'tonsillarum', 'tonsillophilus', 'toowong', 'toricada', 'tornop', 'tornow', 'toronto', 'tororo', 'torquens', 'torques', 'tortuosum', 'torulopsis', 'torulosus', 'tosaensis', 'tosamanga', 'toucra', 'toulon', 'toumanoffii', 'tounouma', 'tournai', 'toxicus', 'toxifertilis', 'toxinogenes', 'toxothrix', 'toxytricini', 'toyocaensis', 'toyoi', 'toyonakensis', 'topset4227232.152..', 'topset4227232.70..', 'topidc', 'topidc888', 'topidc123456', 'tom.com', 'topidc.com', 'topidc.com', 'topidc123', 'topidc321', 'topidc789', 'tongda', 'topidcanson', 'topidc', 'topidc888', 'topidc123456', 'topidc', 'topidc321', 'topidc789', 'tom.com', 'tom', 'topidc.com', 'tongtaiidc', 'todidc', 'topidc123', 'toop123445', 'toop1234457', 'toop123123', 'toop147258', 'toop123123123', 'toop789456', 'toop123654', 'toop123321', 'tooptoop', 'toop123456', 'toop1234567', 'topidcanson', 'towin', 'topidc.com', 'topidc', 'topidc321', 'topidc789', 'tom.com', 'tom', 'topidc.com', 'topidc', 'tongtaiidc', 'topidc789', 'todidc', 'tom.com', 'tom', 'topidc.com', 'topidc', 'tongtaiidc', 'topidc321', 'topidc123', 'toop123445', 'toop1234457', 'toop123123', 'toop147258', 'toop123123123', 'toop789456', 'toop123654', 'toop123321', 'tooptoop', 'toop123456', 'toop1234567', 'topidc789', 'todidc', 'topidc123', 'topidc', 'topidc321', 'topidc789', 'topidc123', 'toutou999', 'topidc', 'topidc.cn', 'topidcanson0o0o', 'topidcanson', 'tOs#uop851XZpHko', 'topidc2009', 'topidc', 'topidcanson0o0o', 'topidcanson', 'topidc', 'topidc321', 'topidc789', 'topidc', 'todidc', 'tonecan', 'tomorrow', 'tongtong', 'tony12', 'tonytony', 'toone', 'top123', 'torimo', 'tonecan', 'Tomcat', 'Tootsie', 'toby', 'today', 'tom', 'tommy', 'tony', 'topcat', 'topgun', 'topher', 'toronto', 'toyota', 'tongyu2011(@', 'tongyu2011', 'totoidc.com', 'totoidc', 'topidcanson', 'toutou999', 'topidc', 'topidc.cn', 'toutou66', 'toor', 'topidc', 'to', 'tofael', 'tofazzal', 'tofeal', 'tom', 'tomas', 'tomcat', 'tomcat1', 'toor', 'tose'],
'tp',[],
'tq',['tQ6OAfUQIc5T'],
'tr',['trailblazer', 'trails', 'transmit', 'trapdoor', 'tribble', 'tribbles', 'troff', 'truefriend', 'truelove', 'trista188#**', 'trachonitis', 'trade', 'traded', 'trading', 'tradition', 'traditions', 'traffick', 'traffickers', 'train', 'trained', 'traitor', 'traitors', 'trample', 'trance', 'tranquillity', 'transferred', 'transfigured', 'transformed', 'transforming', 'transgress', 'transgressed', 'transgressest', 'transgresseth', 'transgressing', 'transgression', 'transgressions', 'transgressor', 'transgressors', 'translate', 'translated', 'translation', 'transparent', 'trap', 'traps', 'travail', 'travailed', 'travailest', 'travaileth', 'travailing', 'travel', 'travelled', 'traveller', 'travellers', 'travelleth', 'travelling', 'traversing', 'treacherous', 'treacherously', 'treachery', 'tread', 'treader', 'treaders', 'treadeth', 'treading', 'treason', 'treasure', 'treasured', 'treasurer', 'treasurers', 'treasures', 'treasurest', 'treasuries', 'treasury', 'treatise', 'tree', 'trees', 'tremble', 'trembled', 'trembleth', 'trembling', 'trench', 'trespass', 'trespassed', 'trespasses', 'trespassing', 'trial', 'tribe', 'tribes', 'tribulation', 'tribulations', 'tributaries', 'tributary', 'tribute', 'trickleth', 'tried', 'triest', 'trieth', 'trimmed', 'trimmest', 'trip', 'triumph', 'triumphant', 'triumphed', 'triumphing', 'troas', 'trodden', 'trode', 'trogyllium', 'troop', 'troops', 'trophimus', 'trouble', 'troubled', 'troubledst', 'troubler', 'troubles', 'troublest', 'troubleth', 'troubling', 'troublous', 'trough', 'troughs', 'trow', 'trucebreakers', 'true', 'truly', 'trump', 'trumpet', 'trumpeters', 'trumpets', 'trust', 'trusted', 'trustedst', 'trustest', 'trusteth', 'trusting', 'trusty', 'truth', 'try', 'trying', 'tryphena', 'tryphosa', 'Tracie', 'Transvaalia', 'Transylvania', 'Triberga', 'Trimberger', 'Tripaxeptalis', 'Tristan', 'Troilus', 'Troja', 'Trubetskaya', 'Trusanda', 'trabulsiella', 'trabulsii', 'trachau', 'tracheiphila', 'trachomatis', 'tractuosa', 'tractuosus', 'tranoroa', 'transformans', 'translucens', 'transvalensis', 'trapanicum', 'trautweinii', 'travis', 'treforest', 'trehalosei', 'trehalosi', 'treponema', 'trevisanii', 'triangulatus', 'tribuli', 'trichococcus', 'trichodes', 'trichodesmae', 'trichogenes', 'trichoides', 'trichophyton', 'trichosporium', 'trichosporum', 'trichothecenolyticum', 'trichotomospora', 'tricolor', 'trier', 'trifolii', 'trifolium', 'trifoll', 'trimdon', 'trinidad', 'triostinicus', 'triphasique', 'tripoli', 'tritici', 'triviale', 'tropica', 'tropicalenis', 'tropicalensis', 'tropicalensum', 'tropicalis', 'tropicaux', 'tropici', 'tropolofaciens', 'trota', 'trotha', 'truro', 'trek', 'trewqgfdsa', 'TryUpdate', 'tradeship', 'tradeship.cn', 'trewqasdfgzxcvb', 'trewqasdfg', 'trek', 'trewqgfdsa', 'TryUpdate', 'tradeship', 'tradeship.cn', 'trewqgfdsa', 'TryUpdate', 'trewqasdfgzxcvb', 'trewqasdfg', 'trek', 'trewqasdfgzxcvb', 'trewqasdfg', 'trek', 'Tractor', 'Travis', 'Trevor', 'Trixie', 'Trouble', 'Trucks', 'Trumpet', 'tracy', 'training', 'travel', 'trebor', 'trek', 'tricia', 'trident', 'tristan', 'truck', 'tropical', 'trista188#**', 'trista188#**', 'tracking', 'trade', 'transfar', 'transfar1', 'treino', 'trib', 'tri_mulyanto', 'trinuryani', 'trinuryani1', 'truebusiness'],
'ts',['tsingtao', 'tsing-tao', 'tsingtao', 'Tsai', 'Tselina', 'Tsesevich', 'Tsiolkovskaja', 'Tsvet', 'Tsvetaeva', 'tsaratasovo', 'tschangu', 'tschiongwe', 'tsevie', 'tsukamurella', 'tsukiyonensis', 'tsukubaensis', 'tsukushiense', 'tsunoense', 'tsusimaensis', 'tsutsugamuchi', 'tsutsugamushi', 'tsuyamanensis', 'tsinternetuser', 'TSDX', 'tsinternetuser', 'tsadmin', 'tsadmin123', 'TSDX', 'tsinternetuser', 'tsadmin', 'tsadmin123', 'tsadmin123', 'tsadmin123', 'ts', 'ts1', 'ts2', 'ts3', 'ts3server', 'tsa', 'tsb', 'tsc', 'tsd', 'tse', 'tsf', 'tsg', 'tsh', 'tsi', 'tsj', 'tsk', 'tsl', 'tsm', 'tsminst1', 'tsn', 'tso', 'tsp', 'tsq', 'tsr', 'tss', 'tst', 'tsu', 'tsv', 'tsw', 'tsx', 'tsy', 'tsz'],
'tt',['ttixe008jnsj#', 'tttt123456', 'tt8sports', 'tt8sports^%$com', 'ttixe008jnsj#', 'tttt123456', 'tttt123456', 'ttt123', 'ttt123', 'tttyyy/*-', 'tttt', 'tttyy', 'ttsys', 'ttgm^9630#A', 'tt.zhang', 'tt.wang', 'tt.li', 'tt.liu', 'ttf', 'ttl', 'ttlnort', 'ttt'],
'tu',['tull', 'tunasalad', 'tunasandwich', 'turnleft', 'turnright', 'tubal', 'tubalcain', 'tumbled', 'tumult', 'tumults', 'tumultuous', 'turn', 'turned', 'turnest', 'turneth', 'turning', 'turns', 'turtle', 'turtledove', 'turtledoves', 'turtles', 'tut', 'tutors', 'Tubingia', 'Tucapel', 'Tuckia', 'Tucson', 'Tugela', 'Tulipa', 'Tunica', 'Tuorla', 'Turandot', 'Turkmenia', 'Turku', 'Turnera', 'Tuulikki', 'Tuva', 'tubercidicus', 'tuberculosis', 'tuberculostearicum', 'tubericidicus', 'tuberoidobacter', 'tubiashii', 'tucson', 'tucsonensis', 'tudu', 'tuebingen', 'tuftformis', 'tuftoflagellus', 'tuindorp', 'tuirus', 'tularensis', 'tulear', 'tumefaciens', 'tumemacerans', 'tumescens', 'tumuli', 'tunis', 'tuomuerense', 'turbata', 'turbidans', 'turbidus', 'turbinellae', 'turbotae', 'turicatae', 'turicella', 'turkmeniaca', 'turkmenicus', 'tusciae', 'tuscon', 'tuticorinensis', 'tudou.com', 'tubapjian851230>', 'tukj', 'tukj2008', 'tukj', 'tukj123', 'tukj123445', 'tukj123456', 'tudou.com', 'tukj', 'tukj', 'tukj123', 'tukj123445', 'tukj123456', 'tuantuan', 'Turbo', 'Turtle', 'tucker', 'tuesday', 'tuzhenfang', 'tuhin', 'tushar'],
'tv',['Tvardovskij', 'tvcl', 'tvs'],
'tw',['tweetheart', 'twenex', 'twain', 'twelfth', 'twelve', 'twentieth', 'twenty', 'twice', 'twigs', 'twilight', 'twined', 'twinkling', 'twins', 'two', 'twoedged', 'twofold', 'tw=BRfeGyxj8', 'twins1990', 'Tweety', 'twins'],
'tx',['tx##^0', 'txtx##^0', 'txady36gz', 'txady36gz', 'txady36gz', 'txwl163gxh', 'txwl9gxh', 'txwl65gxh', 'txwl9gxh', 'txwl162gxh', 'tx', 'txdtxd', 'tx3709', 'txl5460'],
'ty',['tyinfo', 'tyidc', 'tychicus', 'tyrannus', 'tyre', 'tyrus', 'Tyche', 'TychoBrahe', 'TychoBrahe', 'Tycho_Brahe', 'Tynka', 'Tyumenia', 'tygerberg', 'type', 'types', 'typhi', 'typhiflavum', 'typhimurium', 'typhisuis', 'typhymurium', 'typhynerium', 'tyresoe', 'tyrobutyricum', 'tyrosinaticus', 'tyrrhenii', 'u', 'tyvianet21', 'tyty123', 'tyy813', 'tyty123', 'tyty114', 'tyidc', 'tyidc2008', 'tyy813', 'tyjvip@163.comm', 'tyy813', 'tyshhf19', 'tyler', 'u', 'tyidc', 'tyidc2009', 'tyidc2010', 'tyidc2011', 'tyidc123456', 'tyidc!@#$%^', 'tyidc.com', 'tyidc#@!', 'tyidc123321', 'tyidc^%$#@!', 'tyidc@))(', 'tyidc@)!!', 'tyidc@))*', 'tyidc@)!)', 'tyidc@)))', 'tyiis.com', 'tyidc@009', 'tyidc@2010', 'tyidc@idc', 'tyidc@2009', 'tyidc@2008', 'tyidc@2011', 'tyidc@2012', 'tyidc@123', 'tyidc@!@#', 'tyidc@123456', 'tyidc@123654', 'tyinfo', 'tyidc'],
'tz',['tz123', 'tz123123', 'tz123445', 'tz123445789', 'tzidc', 'tzserver', 'tz123456', 'tz123456', 'tztour.com', 'tztour.com123', 'TZ123445', 'tz123', 'tz123123', 'tz123445', 'tz123445789', 'tz147258', 'tz1234567', 'tz123456', 'tz123456789', 'tzidc', 'tzserver', 'TZ123456', 'TZ1234567', 'TZ147258', 'tztour.com', 'tztour.com123', 'TZ123445', 'tz123', 'tz123123', 'tz123445', 'tz123445789', 'tz147258', 'tz1234567', 'tz123456', 'tz123456789', 'tztour.com', 'tztour.com123', 'TZ123445', 'tz123', 'tz123123', 'tz123445', 'tz123445789', 'tzidc', 'tzserver', 'TZ123456', 'TZ1234567', 'TZ147258', 'tz147258', 'tz1234567', 'tz123456', 'tz123456789', 'tzjl123', 'tzaman'],
'ua',[],
'ub',['uberis', 'ubaducom133', 'ubaducom133', 'ubnt', 'ubuntu'],
'uc',['ucal', 'uchicago', 'ucla', 'Ucclia', 'uccle', 'ucrainicus', 'ucdos', 'ucmirmingdian123456', 'ucdos', 'ucdoswps', 'ucpss'],
'ud',['uda', 'udine'],
'ue',['uel', 'Ueferji', 'Ueta'],
'uf',['ufo', 'ufohack'],
'ug',['Uganda', 'uganda', 'ughelli'],
'uh',['uhn-soon', 'uhnsoon', 'uhlenhorst'],
'ui',['uithof', 'uiop9090'],
'uj',['ujm', 'ujjxfol'],
'uk',['Ukko', 'Ukraina', 'uk'],
'ul',['ulai', 'ulam', 'ulla', 'Ulla', 'Ulrike', 'Ultrajectum', 'Ulugbek', 'Ulula', 'Ulyanov', 'ulcerans', 'uli', 'uliginosa', 'uliginosum', 'ullevi', 'ulmi', 'ultra'],
'um',['umesh', 'ummah', 'Umtata', 'umbilo', 'umbriferus', 'umbrina', 'umbrinus', 'umbrosae', 'umbrosus', 'umhlali', 'umhlatazana', 'umb'],
'un',['undead', 'undergrad', 'undergraduate', 'unguessable', 'unhappy', 'unicos', 'uniform', 'unify', 'unigrafix', 'united', 'unix', 'unix-to-unix', 'unix-tounix', 'unixman', 'unixsuck', 'unixsux', 'unknown', 'untung', 'unaccustomed', 'unadvisedly', 'unawares', 'unbelief', 'unbelievers', 'unbelieving', 'unbiased', 'unblameable', 'unblameably', 'uncertain', 'uncertainly', 'unchangeable', 'uncircumcised', 'uncircumcision', 'uncle', 'unclean', 'uncleanness', 'uncleannesses', 'unclothed', 'uncomely', 'uncompressed', 'uncondemned', 'uncorruptible', 'uncorruptness', 'uncover', 'uncovered', 'uncovereth', 'unction', 'undefiled', 'under', 'undergirding', 'underneath', 'undersetters', 'understand', 'understandest', 'understandeth', 'understanding', 'understood', 'undertake', 'undertook', 'undo', 'undone', 'undressed', 'unequal', 'unequally', 'unfaithful', 'unfaithfully', 'unfeigned', 'unfruitful', 'ungirded', 'ungodliness', 'ungodly', 'unholy', 'unicorn', 'unicorns', 'unite', 'united', 'unity', 'university', 'unjust', 'unjustly', 'unknown', 'unlade', 'unlawful', 'unlearned', 'unleavened', 'unless', 'unlike', 'unlikely', 'unloose', 'unmanagable', 'unmarried', 'unmerciful', 'unmindful', 'unmoveable', 'unni', 'unobserved', 'unoccupied', 'unperfect', 'unprepared', 'unprofitable', 'unprofitableness', 'unpunished', 'unquenchable', 'unreasonable', 'unrebukable', 'unreproveable', 'unrighteous', 'unrighteously', 'unrighteousness', 'unripe', 'unruly', 'unsatiable', 'unsatisfactory', 'unsavoury', 'unscientific', 'unsearchable', 'unseemly', 'unshod', 'unskilful', 'unspeakable', 'unspecified', 'unspotted', 'unstable', 'unstated', 'unstopped', 'untaken', 'untarred', 'untempered', 'unthankful', 'until', 'untimely', 'unto', 'untoward', 'unwalled', 'unwashen', 'unweighed', 'unwise', 'unwittingly', 'unworthily', 'unworthy', 'Una', 'Underhill', 'Undina', 'Union', 'Unitas', 'Universitas', 'Unsold', 'undetermin', 'undina', 'undulata', 'undulosa', 'unidentified', 'uniforme', 'uniformis', 'uno', 'unspecified', 'unknow', 'undead', 'unicorn', 'unlock', 'undernet', 'unix', 'unseen', 'untungftup'],
'uo',[],
'up',['upchuck', 'upperclass', 'upstill', 'uptohere', 'upyours', 'up', 'upbraid', 'upbraided', 'upbraideth', 'upharsin', 'uphaz', 'upheld', 'uphold', 'upholden', 'upholdest', 'upholdeth', 'upholding', 'upon', 'upper', 'uppermost', 'upright', 'uprightly', 'uprightness', 'uprising', 'uproar', 'upside', 'upward', 'Upgren', 'Uppsala', 'upcotii', 'uphill', 'uppalii', 'uppsala', 'upsaliensis', 'uptc', 'upol', 'upol', 'upload'],
'uq',[],
'ur',['ur', 'urbane', 'urge', 'urged', 'urgent', 'uri', 'uriah', 'urias', 'uriel', 'urijah', 'urim', 'Urania', 'Urda', 'Urhixidur', 'Ursa', 'Ursina', 'Ursula', 'uratoxidans', 'uratoxydans', 'urbana', 'ureae', 'ureafaciens', 'urealyticum', 'ureaolyticum', 'ureaphilum', 'ureaplasma', 'urease', 'uredovora', 'ureolytica', 'ureolyticus', 'urethanofaciens', 'urethralis', 'urinae', 'urinaeequi', 'ursenbach', 'ureyann', 'urumchi'],
'us',['usenet', 'usenix', 'user', 'users', 'us', 'use', 'used', 'useful', 'uses', 'usest', 'useth', 'using', 'usr', 'usual', 'usurer', 'usurp', 'usury', 'Ushakov', 'usumbura', 'user', 'user', 'user', 'user123', 'user', 'username', 'user123456', 'user', 'username', 'user', 'user123456', 'user_2007', 'user_2009', 'user123456', 'user!@#$%^', 'user', 'username', 'ustb4213', 'user1', 'user_2007', 'user_2009', 'user', 'us', 'user', 'user01', 'user07', 'user1', 'user10', 'user5', 'username', 'users', 'usr', 'usuario'],
'ut',['uthai', 'utmost', 'utter', 'utterance', 'uttered', 'uttereth', 'uttering', 'utterly', 'uttermost', 'Ute', 'Utopia', 'Utra', 'utah', 'utahensis', 'utbremen', 'utrecht', 'utztrp0', 'utopia'],
'uu',['uucp', 'uucp', 'uuu123'],
'uv',[],
'uw',['uwish', 'uwiyono'],
'ux',[],
'uy',[],
'uz',['uz', 'uzai', 'uzal', 'uzza', 'uzzah', 'uzzensherah', 'uzzi', 'uzzia', 'uzziah', 'uzziel', 'uzzielites', 'Uzbekistania', 'uzaramo', 'v', 'uzzal', 'uzzica'],
'va',['vader', 'vagabond', 'vagabonds', 'vail', 'vails', 'vain', 'vainglory', 'vainly', 'vajezatha', 'vale', 'valiant', 'valiantest', 'valiantly', 'valley', 'valleys', 'valour', 'value', 'valued', 'valuest', 'vaniah', 'vanish', 'vanished', 'vanisheth', 'vanities', 'vanity', 'vapour', 'vapours', 'variableness', 'variance', 'variety', 'various', 'vashni', 'vashti', 'vats', 'vaunt', 'vaunteth', 'Vaasa', 'Vaino', 'VainuBappu', 'VainuBappu', 'Vainu_Bappu', 'Vaisala', 'Vala', 'Valborg', 'Valda', 'Valdaj', 'Valdivia', 'Valentine', 'Valeria', 'Valeska', 'Vampilov', 'vanAltena', 'VanBiesbroeck', 'vandeHulst', 'VanDeKamp', 'VanDenBos', 'vandenHeuvel', 'vanderLaan', 'VanGent', 'VanHerk', 'VanHouten', 'Vanadis', 'vanAltena', 'van_Altena', 'VanBiesbroeck', 'Van_Biesbroeck', 'van_de_Hulst', 'vandeHulst', 'VanDeKamp', 'Van_De_Kamp', 'VanDenBos', 'Van_Den_Bos', 'van_den_Heuvel', 'vandenHeuvel', 'van_der_Laan', 'vanderLaan', 'Vanderlinden', 'VanGent', 'Van_Gent', 'VanHerk', 'Van_Herk', 'VanHouten', 'Van_Houten', 'Varsavia', 'Vasilevskis', 'Vassar', 'Vaticana', 'Vavilov', 'vaccae', 'vaccini', 'vaccinii', 'vaccinostercus', 'vacuolata', 'vacuolatum', 'vaertan', 'vaga', 'vaginale', 'vaginalis', 'vaginicola', 'vagococcus', 'valbuzzi', 'valdosta', 'valentiae', 'valerianicum', 'validus', 'vallis', 'vallismortis', 'vampirovibrio', 'vancouver', 'vanderhoedeni', 'vandii', 'vanier', 'vannielii', 'var', 'varela', 'varhonicas', 'variabile', 'variabilis', 'varians', 'varicaedens', 'variegatus', 'variesporum', 'variety', 'variovorax', 'varium', 'varius', 'varsoviensis', 'vasculorum', 'vastus', 'Vampire', 'Vanessa', 'vader', 'valentin', 'valerie', 'valhalla', 'vanilla', 'valerie'],
'vb',['vb', 'vbsvbs', 'vbie-net', 'vbox'],
'vc',['vcxzasdfrewq', 'vcxzasdf', 'vcxzasdfrewq', 'vcxzasdf', 'vcxzasdfrewq', 'vcxzasdf', 'vcxzasdfrewq', 'vcxzasdf', 'VCP.com.net', 'vcxzasdfrewq', 'vcxzasdf', 'vcxzasdfrewq', 'VCP.com.net', 'vcenter'],
'vd',[],
've',['vectrex', 'vectrix', 'veday', 'venture', 'verilog', 'veterans', 've', 'vehement', 'vehemently', 'veil', 'vein', 'vengeance', 'venison', 'venom', 'venomous', 'vent', 'venture', 'veracity', 'verbatim', 'verified', 'verily', 'verity', 'vermilion', 'version', 'versions', 'very', 'vessel', 'vessels', 'vestments', 'vestry', 'vesture', 'vestures', 'vex', 'vexation', 'vexations', 'vexed', 'Veeder', 'Vehrenberg', 'Velimir', 'Vellamo', 'Velleda', 'Venetia', 'Venusia', 'Vera', 'Verbaandert', 'Verbiest', 'Verdi', 'Veritas', 'Vernadskij', 'Veronika', 'Verveer', 'Vesale', 'Veseli', 'Vesta', 'Veteraniya', 'Veverka', 'veddel', 'veillonella', 'vejle', 'veldkamp', 'veldkampii', 'vellore', 'vellosus', 'vendargensis', 'vendrelli', 'venerealis', 'venetianus', 'veneziana', 'venezuelae', 'venezuelensis', 'ventriculi', 'ventriosum', 'venusberg', 'venusta', 'venustus', 'veractimyces', 'verecundum', 'verity', 'vermiforme', 'verne', 'vernoniae', 'veronii', 'veroralis', 'verrucomicrobium', 'verrucosospora', 'versipellis', 'versutus', 'verticillatus', 'vescum', 'vesicatoria', 'vesiculare', 'vesicularis', 'vestibularis', 'verygood', 'verygood', 'VERYUYE520', 'VERYUYE520', 'vegconlh', 'Vette', 'velvet', 'venus', 'vermont', 'veronica', 'veryidc', 'ved'],
'vf',['vfr43edc', 'vfr43edc', 'vfr43edc'],
'vg',['VGF0T6B', 'VGF0T6B'],
'vh',[],
'vi',['vicesquad', 'virginbirth', 'visavis', 'vipnew', 'vi', 'vial', 'vials', 'vice', 'victory', 'victual', 'victuals', 'view', 'viewed', 'vigilant', 'vigorous', 'vile', 'vilely', 'viler', 'vilest', 'village', 'villages', 'villany', 'vine', 'vinedressers', 'vinegar', 'vines', 'vineyard', 'vineyards', 'vintage', 'viol', 'violated', 'violence', 'violent', 'violently', 'viols', 'viper', 'vipers', 'virgin', 'virginity', 'virgins', 'virtue', 'virtuous', 'virtuously', 'visage', 'visible', 'vision', 'visions', 'visit', 'visitation', 'visited', 'visitest', 'visiteth', 'visiting', 'Vibeke', 'Vibert-Douglas', 'Vibilia', 'Vicia', 'VictorJara', 'Victoria', 'VictorJara', 'Victor_Jara', 'Victorplatt', 'Vieira', 'Vienna', 'Vigdis', 'Vihuri', 'Viipuri', 'Vilas', 'Vilho', 'Viljev', 'Villigera', 'Vilnius', 'Vilyujsk', 'Vincentina', 'Vindobona', 'Vinifera', 'Vinterhansenia', 'Viola', 'Violaumayer', 'Violetta', 'Virginia', 'Virtanen', 'Virton', 'Virtus', 'Visbor', 'Vitja', 'Vittore', 'Viv', 'Vivian', 'vi', 'viable', 'vibrio', 'vibrioforme', 'vibrioformis', 'vibrioides', 'viburni', 'vicaea', 'viceae', 'vicinus', 'victoria', 'victoriaborg', 'vidin', 'viegasii', 'vietnam', 'vignaeradiatae', 'vignicola', 'vii', 'viii', 'villosum', 'vinacea', 'vinaceum', 'vinaceus', 'vinaceusdrappus', 'vincenti', 'vincentii', 'vinelandii', 'vinohrady', 'vinosum', 'vinsonii', 'vinzent', 'violacea', 'violaceochromogenes', 'violaceofusca', 'violaceolatus', 'violaceomaculatus', 'violaceoniger', 'violaceopurpureus', 'violaceorectus', 'violaceoruber', 'violaceorubidus', 'violaceorubrum', 'violaceum', 'violaceus', 'violaceusniger', 'violacium', 'violagabriellae', 'violarius', 'violarus', 'violascens', 'violatus', 'violens', 'violochromogenes', 'violocinereus', 'violoroseus', 'violorubens', 'violovariabilis', 'virchow', 'virens', 'virescens', 'virginia', 'virginiae', 'viridans', 'viridaris', 'viridescens', 'viridi', 'viridialbum', 'viridichromogenes', 'viridifaciens', 'viridiflava', 'viridifuscus', 'viridilivida', 'viridilutea', 'viridinigra', 'viridis', 'viridiscens', 'viridiviolaceus', 'viridlutea', 'viridobrunneus', 'viridochromogenes', 'viridodiastaticus', 'viridoflavum', 'viridoflavus', 'viridogenes', 'viridogriseum', 'viridosporus', 'viridoverrucosus', 'viridoviolaceus', 'viridovulgaris', 'virocidus', 'virosa', 'visby', 'viscogena', 'viscolactis', 'viscosi', 'viscosum', 'viscosus', 'viseosus', 'vitaminophilum', 'vitaminophilus', 'vitarumen', 'vitellinum', 'vitians', 'viticola', 'vitis', 'vitiscarnosae', 'vitistrifoliae', 'vitiswoodrowii', 'vitkin', 'vitreoscilla', 'vitulinus', 'victor', 'viphacker', 'viphacker', 'vivo.sh.kl', 'vip123456', 'vipvip', 'victor', 'viewtoo', 'viewtoolivetv', 'vip110', 'vivienruby', 'vip.51.la', 'vipaotian', 'vip123456', 'vip!@#', 'vip!@#$', 'victor', 'vicworl', 'vipaofan', 'vip.51.la', 'vipaotian', 'vip.51.la', 'vip123456', 'vip!@#', 'vip!@#$', 'victor', 'vikeicn123', 'vikeicn', 'visian@wmwm2311', 'vicworl', 'vip123456', 'vip!@#', 'vip!@#$', 'victor', 'victor', 'viki7783', 'violet', 'vip8', 'vipvip', 'vision', 'vivian', 'vivivan', 'vipcmd', 'Victoria', 'Viking', 'Vikings', 'Viper', 'vicky', 'victory', 'video', 'vincent', 'viper1', 'virginia', 'visa', 'vincent1', 'viennois57', 'vip@163.com', 'vip2010', 'vikeicn123', 'vikeicn', 'vipnew', 'video', 'vidya', 'vijay', 'vika', 'vinod', 'virtuoso', 'vishal', 'vision', 'vivek'],
'vj',['vjday'],
'vk',[],
'vl',['vlsi', 'Vladimir', 'Vladisvyat', 'Vladvysotskij', 'Vltava', 'vleuten', 'vlan35', 'vlan35', 'vlan35.com', 'vlan35cnktu', 'vlan35zeng', 'vlan35', 'vlan35.com', 'vlan35cnktu', 'vlad'],
'vm',['vms', 'vmssucks', 'vmsucks', 'vmail', 'vmware'],
'vn',['vnet!@#$%', 'vnet', 'vnet2008', 'vnetmate', 'vnet!@#$%', 'vnetmate', 'vnet!@#$%', 'vnet!@#$%', 'vnet.cn', 'vnc', 'vncuser'],
'vo',['vocation', 'voice', 'voices', 'void', 'volume', 'voluntarily', 'voluntary', 'vomit', 'vomited', 'vomiteth', 'vophsi', 'vow', 'vowed', 'vowedst', 'vowest', 'voweth', 'vows', 'voyage', 'Vogtia', 'Volga', 'Volgo-Don', 'Volkonskaya', 'Volkov', 'Volodia', 'Voloshina', 'VonLude', 'vonSprang', 'Vondel', 'VonLude', 'Von_Lude', 'vonSprang', 'von_Sprang', 'Voronveliya', 'vogan', 'volantium', 'volcaniella', 'volcanii', 'volcanium', 'voldagsen', 'volksdorf', 'volksmarsdorf', 'volta', 'voltae', 'volubilis', 'volutans', 'vom', 'volit.com', 'volit', 'vodone', 'vodone', 'voicepower', 'volit.com', 'volit', 'voole', 'voole2008', 'voicepower', 'voicepower', 'void', 'Volley', 'Volleyb', 'Voyager', 'volvo', 'voodoo', 'w'],
'vp',['vps', 'vpnduan', 'vpschina', 'vpschinaidc', 'vpschina123', 'vpschina123456', 'vpschina789', 'vps_2010', 'vpssqladmin', 'vps2010', 'vpsadmin'],
'vq',[],
'vr',['vredelust', 'vrindaban', 'vridc', 'vr123', 'vridc.com', 'vr123445', 'vr123654', 'vr123445789', 'vridc.cn', 'vr123456', 'vr123456789', 'vridc123456', 'vridc', 'vr123', 'vridc.com', 'vr123445', 'vr123654', 'vr123445789', 'vridc.cn', 'vr123456', 'vr123456789', 'vridc123456', 'vrf565'],
'vs',['Vsekhsvyatskij'],
'vt',['vt100', 'vt52', 'vtl'],
'vu',['vulture', 'vultures', 'Vundtia', 'vughia', 'vulcani', 'vulgare', 'vulgaris', 'vulgatum', 'vulgatus', 'vulkanense', 'vulneris', 'vulnifica', 'vulnificus', 'w', 'vuagA1wnZSUf'],
'vv',['VVCyuanminghuiguan-11A', 'vvvvvv', 'vvv123', 'vvvv'],
'vw',[],
'vx',[],
'vy',['Vysheslavia', 'Vyssotsky', 'vyatta'],
'vz',['vzidc'],
'wa',[],
'wb',['wbjans', 'wb', 'wb', 'wb', 'wb', 'wb', 'wbliu', 'wbliu1'],
'wc',['wcwcwc', 'wcw', 'wcwcwc', 'wcw', 'wcwcwc', 'wcwc', 'wcw', 'wcwcwc', 'wcwc', 'wcwcwc', 'wcwc', 'wcw', 'wcwcwc', 'wcw', 'wcx389', 'wcncn.com', 'wc', 'wc', 'wcm', 'wcwcwc', 'wcwc'],
'wd',['wd193adm', 'wd193adm', 'wd20043adm', 'wd193adm', 'wd20043adm', 'wd193adm', 'wdp1970', 'wduaxzg', 'wd193adm', 'wdmmwdmm', 'wdnnis78', 'wdzq11', 'wd', 'wd', 'wdd', 'wdm', 'wd'],
'we',['webetoys', 'webhead', 'weenie', 'weeny', 'welcome', 'welsher', 'we', 'weak', 'weaken', 'weakened', 'weakeneth', 'weaker', 'weakness', 'wealth', 'wealthy', 'weaned', 'weapon', 'weapons', 'wear', 'weareth', 'wearied', 'wearieth', 'weariness', 'wearing', 'wearisome', 'weary', 'weasel', 'weather', 'weave', 'weaver', 'weavest', 'web', 'webs', 'wedding', 'wedge', 'wedlock', 'weeds', 'week', 'weeks', 'weep', 'weepest', 'weepeth', 'weeping', 'weigh', 'weighed', 'weigheth', 'weighing', 'weight', 'weightier', 'weights', 'weighty', 'welcome', 'welfare', 'well', 'wellbeloved', 'wellfavoured', 'wellpleasing', 'wells', 'wellspring', 'wen', 'wench', 'went', 'wentest', 'wept', 'were', 'wert', 'west', 'western', 'westward', 'wet', 'Weaver', 'Webb', 'Weidenschilling', 'Weimar', 'Weisell', 'Weissman', 'Welch', 'Wells', 'Wempe', 'Wendeline', 'Werdandi', 'Weringia', 'Werra', 'Wesselink', 'Wesson', 'West', 'Westerlund', 'Westphalia', 'Wetherill', 'weaveri', 'wedding', 'wedmorensis', 'weeksella', 'weilii', 'weissei', 'weissella', 'welchii', 'welikade', 'welshimeri', 'weltevreden', 'wentii', 'wentworth', 'wenyonii', 'werkmanii', 'wernigerode', 'werraensis', 'weslaco', 'westerstede', 'westhampton', 'westminster', 'weston', 'westpark', 'westphalia', 'weybridge', 'webshell', 'wenhua', 'web123', 'west263', 'westadmin', 'wellpie', 'wertgsds', 'webserver', 'westidc.com.cn', 'wealink.com', 'wen19821018', 'weidc', 'wewe123456', 'wenzhouidc', 'wendom', 'wendom2008', 'webadmin', 'west263', 'weiphone!@#2008', 'WEB2008', 'web2008', 'wenjiedongdong', 'wenzhou', 'wenzhouidc99.cn', 'wenzhou', 'wertgsds', 'webserver', 'wenzhouidc', 'welcome4you', 'webmaster', 'weidc2008', 'weidc', 'webserver', 'weidc.com', 'weidc35', 'weidc35.com', 'wenzhouidc', 'wenzhouidc123456', 'wenzhouidc2008', 'wenzhouidc2007', 'wenzhou2007', 'wenzhou2008', 'weidc123445', 'webadmin', 'webadmin123', 'webamin!@#123', 'webadmin123!@#', 'webadmin123445!@#$%^', 'webadmin!@#$%^123445', 'webadmin!@#321', 'webadmin321!@#', 'weidc123', 'weidc123456', 'wenzhou.o4.com.cn', 'wenzhouo4', 'west263', 'webadmin123456!@#$%^', 'webadmin!@#$%^123456', 'wewe123456', 'westadmin', 'wenzhou', 'weixiao2008', 'wenhzouidc99.com', 'webnj.cn', 'webnj', 'webnj2008', 'westidc.com.cn', 'wealink.com', 'webmaster', 'weidc2008', 'weidc', 'webserver', 'weidc.com', 'weidc35', 'weidc35.com', 'wenzhouidc', 'wenzhouidc123456', 'wenzhouidc2008', 'wenzhouidc2007', 'wenzhou2007', 'wenzhou2008', 'weidc123445', 'webadmin', 'webadmin123', 'webamin!@#123', 'webadmin123!@#', 'webadmin123445!@#$%^', 'webadmin!@#$%^123445', 'webadmin!@#321', 'webadmin321!@#', 'weidc123', 'weidc123456', 'wenzhou.o4.com.cn', 'wenzhouo4', 'west263', 'webmaster', 'weidc2008', 'weidc', 'webserver', 'weidc.com', 'weidc35', 'weidc35.com', 'wenzhouidc', 'wenzhouidc123456', 'wenzhouidc2008', 'wenzhouidc2007', 'wenzhou2007', 'wenzhou2008', 'weidc123445', 'webadmin', 'webadmin123', 'webamin!@#123', 'webadmin123!@#', 'webadmin123445!@#$%^', 'webadmin!@#$%^123445', 'webadmin!@#321', 'webadmin321!@#', 'weidc123456', 'webadmin123456!@#$%^', 'webadmin!@#$%^123456', 'wewe123456', 'weidc', 'weidc', 'web#163ns.com', 'weidc.0', 'weidc.com', 'weidc2009', 'webshell', 'weiyexinxi123!', 'weiyexinxi789!', 'WEIJIANWEIQIANG1314', 'wertyuiop[]', 'weili', 'weili520', 'weiqianjiang!@#$%', 'weili930', 'weigeshengqile', 'weili520', 'weili521', 'weili5201314', 'weiqianjiang88', 'weigeshengqile', 'weiqianjiang!!!!!', 'weiyi520', 'weiyi5201314', 'weiyi789456', 'weiyi123', 'weijia0210', 'weijianyongli', 'weijian123', 'weiqiang520', 'weida123456', 'weijun.123', 'WEIQIANG123', 'WEIQIANG123789', 'WEIQIANG123456', 'weiqiang123', 'weidc', 'webmaster', 'wewe123456', 'welcome', 'webadmin', 'webadmin2', 'WebShell', 'weifu', 'weijunzi', 'weili', 'weiq', 'wenyi', 'wenyu', 'wenzhuo', 'weijishashou', 'wetasdg', 'wei', 'web1235123', '*', '.', '8', '9', 'Webster', 'Weezer', 'Welcome1', 'weasel', 'web', 'webmaste', 'webweb', 'wendy', 'wesley', 'western', 'web456vv1234123', 'wei15874931177', 'weidc.com', 'west263', 'westidc.com', 'westidc', 'webshell', 'web#163ns.com', 'weidc.0', 'weidc2009', 'webadmin', 'webhost@admin#08*f55755f', 'webhost@admin', 'WebMaster', 'wei.zhang', 'wei.wang', 'wei.li', 'wei.liu', 'wei.chen', 'wei.zhao', 'wei.yang', 'wei.huang', 'wei.zhou', 'wen.li', 'wei.sun', 'wei.xu', 'wen.zhang', 'webmaster', 'webserver', 'web', 'webadmin', 'webapp', 'webchat', 'webconfig', 'weblogic', 'webmail', 'webmaster', 'webpop', 'websync', 'webtest', 'webuser', 'wecare', 'wedding', 'west'],
'wf',['wf1230.', 'wf1230.', 'wfcsk^^*090386', 'wfcsk^^*', 'wfcsk^^*+-*/', 'wfcsk', 'wfcsk1030', 'wfcsk090386', 'wf1230.', 'wfcsk1020', 'wfcsk1021', 'wfcsk1015', 'wfcsk^^*090386', 'wfcsk090386', 'wfcsk1020', 'wfcsk1021', 'wfcsk1015', 'wf1230.', 'wfun', 'wf', 'wf', 'wfy', 'wf', 'wfl', 'wf'],
'wg',['wgbxsyinchsoft425WGB', 'WGg34#36', 'wg', 'wgy', 'wgl', 'wgr', 'wgz', 'wgx', 'wgf', 'wgz', 'wgh', 'wgong'],
'wh',['whatchamacallit', 'whatsup', 'whatsupdoc', 'whereisthebeef', 'wheresthebeef', 'whoopie', 'whoopy', 'whale', 'whales', 'what', 'whatsoever', 'wheat', 'wheaten', 'wheel', 'wheels', 'whelp', 'whelps', 'when', 'whence', 'whensoever', 'where', 'whereabout', 'whereas', 'whereby', 'wherefore', 'wherein', 'whereinsoever', 'whereinto', 'whereof', 'whereon', 'wheresoever', 'whereto', 'whereunto', 'whereupon', 'wherewith', 'wherewithal', 'whet', 'whether', 'which', 'while', 'whiles', 'whilst', 'whip', 'whips', 'whirleth', 'whirlwind', 'whirlwinds', 'whisper', 'whispered', 'whisperer', 'whisperers', 'whisperings', 'whit', 'white', 'whited', 'whiter', 'whither', 'whithersoever', 'who', 'whoever', 'whole', 'wholesome', 'wholly', 'whom', 'whomsoever', 'whore', 'whoredom', 'whoredoms', 'whoremonger', 'whoremongers', 'whores', 'whoring', 'whorish', 'whose', 'whoso', 'whosoever', 'why', 'Whipple', 'Whitford', 'Whittemora', 'whitcombi', 'whitmore', 'whittenburyi', 'wherever', 'whosoft', 'wherever', 'whj@hao123.com', 'whatweb', 'wh121', 'whh70306', 'whh7754', 'whhxgy0710', 'whoami', 'whrnch', 'whtddn', 'why5858', 'why718', 'why', 'Whales', 'Whateve', 'Wheels', 'whatever', 'wheeling', 'whisky', 'white', 'whitney', 'wh1979522.89', 'whtkqjl', 'whtabc123!@#', 'wh', 'wh', 'wh', 'wh', 'wh', 'why', 'wh', 'whm', 'Where'],
'wi',['wicked', 'wicked', 'wickedly', 'wickedness', 'wide', 'wideness', 'widow', 'widowhood', 'widows', 'wife', 'wild', 'wilderness', 'wiles', 'wilfully', 'wilily', 'will', 'willeth', 'willing', 'willingly', 'willow', 'willows', 'wilt', 'wimples', 'win', 'wind', 'winding', 'window', 'windows', 'winds', 'windy', 'wine', 'winebibber', 'winebibbers', 'winefat', 'winepress', 'winepresses', 'wines', 'wing', 'winged', 'wings', 'wink', 'winked', 'winketh', 'winneth', 'winnowed', 'winnoweth', 'winter', 'wintered', 'winterhouse', 'wipe', 'wiped', 'wipeth', 'wiping', 'wires', 'wisdom', 'wise', 'wisely', 'wiser', 'wish', 'wished', 'wishing', 'wist', 'wit', 'witch', 'witchcraft', 'witchcrafts', 'with', 'withal', 'withdraw', 'withdrawest', 'withdraweth', 'withdrawn', 'withdrew', 'wither', 'withered', 'withereth', 'withersoever', 'withheld', 'withheldest', 'withhold', 'withholden', 'withholdeth', 'within', 'without', 'withs', 'withstand', 'withstood', 'witness', 'witnessed', 'witnesses', 'witnesseth', 'witnessing', 'wittingly', 'witty', 'wives', 'wizard', 'wizards', 'Widorn', 'Wil', 'Wild', 'Wilhelmina', 'Wilkens', 'Williams', 'WilliamsBay', 'WilliamsBay', 'Williams_Bay', 'Winchester', 'Wingolfia', 'Winifred', 'Wirt', 'Wisdom', 'Wisibada', 'Witt', 'wichita', 'widemarsh', 'wien', 'wieringae', 'wil', 'wilchelmsburg', 'wildwoud', 'wilhelmsburg', 'wilhelmstrasse', 'willemstad', 'williamsae', 'williamsiae', 'willmorei', 'wimborne', 'winchester', 'windermere', 'wingrove', 'winnebo', 'winnipeg', 'winogradski', 'winogradskyi', 'winterthur', 'wippra', 'wisbech', 'wisconensis', 'wisconsensis', 'wistariopsis', 'wittenburyi', 'windows8814', 'windows12345', 'windows123456', 'windows', 'windows2008', 'windowsidc', 'windowsxp', 'windows2000', 'windows2003', 'windows', 'windows2000', 'windows2003', 'windows12345', 'windows123456', 'windowsme', 'windows2008', 'windowswindows', 'windows123456', 'windows', 'windows2003', 'winter', 'windows2', 'windowsme', 'windows3', 'winnt2002', 'wi123456', 'windowsserver2003', 'windowsLDM', 'wiso2008', 'wiso2803292+', 'wiso2803292-', 'wiso2008', 'windows98', 'wiso2007', 'wiso2009', 'windowsxp', 'wiso', 'wiso', 'windows8839', 'windows3389', 'windows123', 'windows', 'windows2003', 'winter', 'wi123456', 'windows2', 'winkee', 'winter', 'windows', 'WinWebMail', 'windows200', 'windows2003', 'wi123456', 'Windows', 'windowsserver2003', 'windows8854', 'windowsme', 'windows1982+_', 'windows1982+-', 'windows1982!@#', 'windows1982#', 'windowsidc', 'winkee', 'winter', 'windows', 'WinWebMail', 'windows200', 'windows2003', 'wi123456', 'Windows', 'winkee', 'winter', 'windows', 'WinWebMail', 'windows200', 'windows2003', 'windowsserver2003', 'wi123456', 'wind2329182', 'wind9182', 'windows123', 'windows123456', 'windows789', 'windows593419821<>?', 'windows5934216109<>?', 'windows5934216..', 'windows88219', 'windows88219', 'windows5934216148<>?', 'windows2009', 'winter', 'wi123456', 'windows', 'windows2003', 'windowsserver2003', 'wind9182', 'windows', 'winner', 'willien', 'willxy', 'wily123', 'win2002', 'winfast', 'winsor', 'wisdom', 'willson', 'Wicked', 'Wildcat', 'William', 'Willie', 'Willy', 'Wilson', 'Winter', 'Wizard', 'wilbur', 'williams', 'willow', 'win95', 'windsurf', 'winnie', 'winston', 'winner', 'winner!@#00', 'winner!@#', 'wind2329182', 'wind9182', 'Windowns-servers', 'windowns-s7tikm', 'winter', 'windows', 'windows', 'windows', 'windows200', 'windows2003', 'windows', 'win2000', 'win2003', 'win2008', 'wisnubroto'],
'wj',['WJKC+On-51.!(^', 'wjqgs4', 'wjqgs', 'wjz7352421', 'wjz7352421', 'wjd123', 'wjd', 'wjwoaini', 'wj', 'wjshadisi', 'wjsbosaidong', 'wj', 'wj', 'wj', 'wj', 'wj', 'wj', 'wj', 'wjh', 'wj', 'wjg', 'wjj', 'wjf', 'wjp', 'wja', 'wjb', 'wjc', 'wjd', 'wje', 'wjf', 'wjg', 'wjh', 'wji', 'wjj', 'wjk', 'wjl', 'wjm', 'wjn', 'wjo', 'wjp', 'wjq', 'wjr', 'wjs', 'wjt', 'wju', 'wjv', 'wjw', 'wjx', 'wjy', 'wjz'],
'wk',['wk97117', 'wkq5521876', 'wk', 'wk'],
'wl',['Wladilena', 'wln45dmgh', 'wl30216', 'wliang', 'wlt325', 'wl820', 'wlwh980322', 'WLWH980322', 'wl', 'wl', 'wl', 'wl', 'wl', 'wl', 'wly', 'wlj', 'wl', 'wl', 'wll', 'wlh', 'wl', 'wl', 'wl', 'wlbrant'],
'wm',['wmjd3120888', 'wmjd3120555', 'wmjd3120888', 'wmjd3120555', 'wm', 'wm', 'wm', 'wma', 'wmb', 'wmc', 'wmd', 'wme', 'wmf', 'wmg', 'wmh', 'wmi', 'wmj', 'wmk', 'wml', 'wmm', 'wmn', 'wmo', 'wmp', 'wmq', 'wmr', 'wms', 'wmt', 'wmu', 'wmv', 'wmw', 'wmx', 'wmy', 'wmz'],
'wn',['wnvkingz161!^!', 'WN2mdZbqZ^q^V*', 'wn', 'wn'],
'wo',['wombat', 'wonderboy', 'wonderbread', 'woobie', 'wooby', 'woodstoc', 'woe', 'woeful', 'woes', 'wolf', 'wolves', 'woman', 'womankind', 'womb', 'wombs', 'women', 'womenservants', 'won', 'wonder', 'wondered', 'wonderful', 'wonderfully', 'wondering', 'wonderously', 'wonders', 'wondrous', 'wondrously', 'wont', 'wood', 'woods', 'woof', 'wool', 'woollen', 'word', 'words', 'work', 'worker', 'workers', 'worketh', 'workfellow', 'working', 'workman', 'workmanship', 'workmen', 'works', 'world', 'worldly', 'worlds', 'worm', 'worms', 'wormwood', 'worse', 'worship', 'worshipped', 'worshipper', 'worshippers', 'worshippeth', 'worshipping', 'worst', 'worth', 'worthies', 'worthily', 'worthy', 'wot', 'wotteth', 'would', 'wouldest', 'wound', 'wounded', 'woundedst', 'woundeth', 'wounding', 'wounds', 'wove', 'woven', 'Wodan', 'Wolfiana', 'Woltjer', 'Wood', 'Wotho', 'wo', 'woerden', 'woesei', 'wohlen', 'wolbachia', 'wolbachii', 'wolfei', 'wolffi', 'wolffii', 'wolinella', 'wolinii', 'womba', 'woodii', 'woodsii', 'woodstock', 'woolensis', 'worb', 'worcester', 'worsfoldi', 'worsleiensis', 'worthington', 'woaitqjekkkbkb188', 'woshijun88', 'wobuxiangwan', 'womenzailaiyici', 'woaihuahua', 'woaixiaoyu', 'wocao', 'wocaonima', 'woaizhenni1983', 'woainimen', 'woaiwo', 'wowo123456', 'woaibaba', 'woaimama', 'wocaonima', 'woshinanren', 'woyaonvren', 'woaidajia', 'woshiwo', 'woaini', 'woshiguanli', 'woaini777', 'woaini888', 'woshizhu', 'woshishei', 'woailaopo', 'wowo', 'woainima', 'woshichaoren', 'woaiwojia', 'woaisaomm', 'wowowo', 'woshixiaozhu', 'worker62128', 'woweiaodunzuogongxian!@#', 'wozuida', 'Workgroup', 'wolfwolflj198044', 'wojiaolijin77911', 'woaini2008', 'worinihainenggaodaomimaa', 'woaihua', 'woaihua112', 'woshizhaoK54', 'woai44.21.com', 'wowoju110', 'wowoju', 'wowoju2008', 'woaiyy', 'woaini1314', 'wocaonidaye', 'wodemima!@#$8', 'woaiwen87750', 'woweiaodunzuogongxian', 'woodman', 'world', 'woaini', 'wocaonima', 'woshiguanli', 'woaiwo', 'woaini777', 'woaini888', 'woshizhu', 'woshishei', 'woailaopo', 'wowo', 'woainima', 'woshinanren', 'woshichaoren', 'woaiwojia', 'woaisaomm', 'wowowo', 'worinilaopo', 'woaini', 'woaiwo', 'woool@2008', 'woailaopo', 'woainiyiwannian', 'woaini777', 'woaini888', 'WOCAONIma', 'wocao', 'wocaonima', 'woaiqiaoyanma', 'woaifangfang', 'wocaonidaye', 'woai998787', 'woai9797', 'woaipeel99/.,', 'woaipeel999/.,', 'woaini', 'woaiwo', 'woool@2008', 'woailaopo', 'woaini', 'woainiyiwannian', 'woaiwo', 'woaini777', 'woaini888', 'woaior51idc', 'woaior51.com', 'woshiJJT241314A', 'woai239!', 'woai123', 'woai123.0', 'woai123!', 'woshizhangbaozhua', 'woainixiaojunfeng', 'wow821210', 'woshixieqing...!@#', 'woaiww8322611', 'woailaoliang4329', 'woshixieqing...!@#', 'Woshiniba!!!', 'woaiwolaopo', 'wocaonima', 'wojiaokq132', 'woaiww8322', 'Woshiniba!!!', 'WOCAONIma', 'woainixiaojunfeng', 'woai998787', 'woai9797', 'woaipeel99/.,', 'woaipeel999/.,', 'woaiwo', 'woaini', 'woaini777', 'woaini888', 'woaini', 'woailaopo', 'woaini', 'woailaopo', 'wocaonima', 'worinima', 'wodemima', 'wolf', 'woodchuck', 'wordpass', 'woyao', 'woaini520', 'wojiushiwo', 'woainima', 'woaini123', 'woshishui', 'woaiwojia', 'woaini1314', 'wokao', 'wool', 'woainilaopo', 'wobuzhidao', 'woaini', 'woshiniba', 'woaibibo', 'wokaonima', 'woaimeizi', 'woc', 'woainixx', 'woainiliaoying', 'woshiboy', 'Wolves', 'Woodland', 'wo', 'wocao', 'wolf1', 'wolfMan', 'wolfgang', 'wolverin', 'wombat', 'wonder', 'woody', 'wolisiyu', 'woaior51idc', 'woaior51.com', 'woshiJJT241314A', 'woaini', 'woaini520.', 'woaini.', 'woaini1314', 'woaini', 'woaini520', 'woaini123', 'woaini521', 'woaini1314520', 'woailaopo', 'woaini', 'wolf', 'word', 'work', 'wow'],
'wp',['Wprima$&*edongoweb', 'Wprima$&*2010', 'WPD800-59335-51432-47804', 'WPD800-59335-51432-47804', 'wp', 'wp', 'wp', 'wp'],
'wq',['wqawq110', 'wqsaxz', 'wq105', 'wqsb', 'wq', 'wq', 'wq'],
'wr',['wrap', 'wrapped', 'wrath', 'wrathful', 'wraths', 'wreath', 'wreathed', 'wreathen', 'wreaths', 'wrest', 'wrestle', 'wrestled', 'wrestlings', 'wretched', 'wretchedness', 'wring', 'wringed', 'wringing', 'wrinkle', 'wrinkles', 'write', 'writer', 'writes', 'writest', 'writeth', 'writing', 'writings', 'written', 'wrong', 'wronged', 'wrongeth', 'wrongfully', 'wrote', 'wroth', 'wrought', 'wroughtest', 'wrung', 'Wratislavia', 'Wren', 'Wright', 'Wrubel', 'wrhxyggfdmjwrh', 'wrhxyggfdmjwrh', 'wrhxyggfdmjwrh', 'WRM#@34fdg567SDF', 'wrhxyggfdmjwrh', 'wrsk', 'wrsky', 'wr@1844', 'Wrestle', 'wrangler', 'wright', 'x', 'wrhxyggfdmjwrh', 'wr', 'wr'],
'ws',['wsx', 'wstianyouming', 'wss147258369', 'wsq!@#', 'wswzjyy', 'wsq!@#', 'wswzjyy', 'wss123456', 'ws196713', 'ws58oal6', 'wsbhz', 'wshzjh', 'wsnba', 'wsyabc', 'wsqwsq', 'wsqooliu', 'ws', 'wsz', 'wsl', 'wsy', 'wsh'],
'wt',['wt1223@126.com', 'wt1223@126', 'wt1223', 'wt1223@126.com', 'wt1223@126', 'wt1223', 'wt4gdfGH#EGvfreyhw324tgdfgd', 'wtidc123', 'wtidc@))(', 'wt4gdfGH#EGvfreyhw324tgdfgd', 'wtidc', 'wtidc123', 'wtidc@))(', 'wtidc', 'wt', 'wt', 'wtt', 'wta', 'wtb', 'wtc', 'wtd', 'wte', 'wtf', 'wtg', 'wth', 'wti', 'wtj', 'wtk', 'wtl', 'wtm', 'wtn', 'wto', 'wtp', 'wtq', 'wtr', 'wts', 'wtt', 'wtu', 'wtv', 'wtw', 'wtx', 'wty', 'wtz'],
'wu',[],
'wv',[],
'ww',['www.7x24.cn', 'www.txwscx.comsritgyxf2sxy19831122zx', 'www.topidc.cn', 'www.ebadu.com', 'www.qp00.com!%#yx', 'www.!@#china$%^city&*(.com)_1', 'www.baidu.com', 'www.edong.com', 'www.0575idc.com', 'ww123456abc', 'www.edong.com', 'www.0168.com', 'wwqqwwqq', 'wwwroot', 'wwwiii', 'wwwwww', 'ww123456', 'www.youku.com', 'www.soso.com', 'www.xunlei.com', 'www.6.cn', 'www.ku6.com', 'www.tom.com', 'www.poco.cn', 'www.tudou.com', 'www.51.com', 'www.yahoo.com', 'www.baidu.com', 'www.sina.com.cn', 'www.sohu.com', 'www.163.com', 'www.taobao.com', 'www.qq.com', 'www.google.cn', 'www.jx163.com', 'www.jjidc.com', 'www.97db.com', 'www.idc-cnc.com', 'www.dzxcncidc.com', 'www.yiidc.com', 'www.gd.ct10000.com', 'www.szhnet.com', 'www.mypm.net', 'www.fcgidc.com', 'www.tianshui.net.cn', 'www.cc-idc.cn', 'www.idc.qz.fj.cn', 'www.hz.zj.cn', 'www.dxidc.net.cn', 'www.datazx.com', 'www.dgidc.9126.com', 'www.m-idc.cn', 'www.boluidc.com', 'www.cncnet.com.cn', 'www.shujuchaoshi.com', 'www.kulongidc.com', 'www.nanjingidc.com', 'www.91gt.com', 'www.dgdxidc.cn', 'www.26idc.com', 'www.fj163.com', 'www.fjidc.com.cn', 'www.jnidc.com.cn', 'www.gzidc.cn', 'www.gotonets.com', 'www.onlyidc.com', 'www.shidc.com.cn', 'www.gmidc.com', 'www.cqidc.com', 'www.shaidc.com', 'www.xmidc.com.cn', 'www.doidc.com', 'www.snda.com', 'www.the9.com', 'www.westidc.com.cn', 'www.idcsuzhou.com', 'www.aadata.net', 'www.shendu.com', 'www.ibango.cn', 'www.mmc163.cn', 'www.kuuboo.com', 'www.rekoo.com', 'www.360sky.com', 'www.wokutu.com', 'www.17fc.com', 'www.56.com', 'www.ifeng.com', 'www.1616.net', 'www.xxlidoo.cn', 'www.chinarank.org.cn', 'www.eastmoney.com', 'www.golfonlife.com', 'www.86qx.cn', 'www.xici.net', 'www.wealink.com', 'www.letuo.com', 'www.idcquan.com', 'www.lanmang.com', 'www.it.com.cn', 'www.wuxian666.com', 'www.21vianet.com', 'www.topidc.com', 'www111', 'wwww', 'wwwwa', 'wwweeerrr', 'wwee123456', 'wwwcfanclubnet12345^&*()6', 'www.haodx.com', 'www.v01.cn', 'www.371.com', 'www.9iis.com', 'www.59.com', 'www123456', 'www.linkidc.com', 'www.ip6.cn', 'www.51vip.net3000', 'www.51vip.net8000', 'www.qq.com', 'www.edong.com', 'www.0168.com', 'wwqqwwqq', 'wwwroot', 'wwwiii', 'wwwwww', 'ww123456', 'www111', 'www.linkidc.com', 'www.51vip.net8000', 'wwwqcwecomcn', 'www.edong.com', 'www.vps.la', 'www.3tvps.net', 'ww123456', 'wwee123456', 'wwwroot', 'wwwiii', 'wwssxx', 'www.v01.cn', 'wwwidcmmcom', 'www.chat6.cn', 'www', 'www.126.com', 'www.163.com', 'www.v03.cn', 'www.v02.cn', 'www.v01.cn.com', 'www.1818gm.cn', 'www.baidu.com', 'www.sina.com', 'www.wzvps.com', 'www.31w.cn', 'www.0168.com', 'www.jmsidc.com', 'www.ewaydns.com', 'www.jujumao.com', 'www.cq-idc.com', 'wwwqqq', 'www.dkw.com.cn', 'www.dkw.com', 'wwee', 'www.mir2.com', 'www.v01.cn123456', 'www.6h.com', 'www963.', 'wwqqwwqq', 'ww123.0', 'wwweeerrr', 'www.baidu.co', 'www.0760idc.com', 'www.sutenw.com', 'www.qq.com', 'www.idc78.com', 'www.21vianet.com', 'www.duote.com', 'www.hhlcq.com', 'www.chinaz.com', 'www.163ns.com', 'www.dns110.com', 'www.chinafu.net', 'www.pmacn.net', 'www.1stchina.com', 'www.web.0571.cn', 'www.shujuchaoshi.com', 'www.21windows.com', 'www.7x24.cn', 'www.yovole.com', 'www.goodidc.net', 'www.zgsj.com', 'www.n58.com', 'www.webnj.cn', 'www.025net.com', 'www.0512idc.net', 'www.letuo.com', 'www.netbank.cn', 'www.souidc.com', 'www.pinidc.com', 'www.linkwww.com', 'www.tkd8.com.cn', 'www.haokuidc.com', 'www.51vip.net8000', 'www.51vip.net3000', 'www.china35.com', 'www.youku.com', 'www.soso.com', 'www.xunlei.com', 'www.6.cn', 'www.ku6.com', 'www.tom.com', 'www.poco.cn', 'www.tudou.com', 'www.51.com', 'www.sina.com.cn', 'www.sohu.com', 'www.taobao.com', 'www.google.cn', 'www.jx163.com', 'www.jjidc.com', 'www.97db.com', 'www.idc-cnc.com', 'www.dzxcncidc.com', 'www.yiidc.com', 'www.gd.ct10000.com', 'www.szhnet.com', 'www.dxidc.net.cn', 'www.datazx.com', 'www.dgidc.9126.com', 'www.m-idc.cn', 'www.boluidc.com', 'www.cncnet.com.cn', 'www.kulongidc.com', 'www.nanjingidc.com', 'www.91gt.com', 'www.dgdxidc.cn', 'www.26idc.com', 'www.fj163.com', 'www.fjidc.com.cn', 'www.jnidc.com.cn', 'www.gzidc.cn', 'www.gotonets.com', 'www.onlyidc.com', 'www.shidc.com.cn', 'www.gmidc.com', 'www.cqidc.com', 'www.shaidc.com', 'www.xmidc.com.cn', 'www.doidc.com', 'www.snda.com', 'www.the9.com', 'www.westidc.com.cn', 'www.idcsuzhou.com', 'www.aadata.net', 'www.shendu.com', 'www.ibango.cn', 'www.mmc163.cn', 'www.kuuboo.com', 'www.rekoo.com', 'www.360sky.com', 'www.wokutu.com', 'www.17fc.com', 'www.56.com', 'www.ifeng.com', 'www.1616.net', 'www.xxlidoo.cn', 'www.chinarank.org.cn', 'www.eastmoney.com', 'www.golfonlife.com', 'www.86qx.cn', 'www.xici.net', 'www.wealink.com', 'www.idcquan.com', 'www.it.com.cn', 'www.idcji.com', 'www.enkj.com', 'www.wdidc.com', 'WWW.haobig.com123&%12���3902008', 'wwwcfanclubnet12345^&*()6', 'www.edong.com', 'www.vps.la', 'www.3tvps.net', 'ww123456', 'wwee123456', 'wwwroot', 'wwwiii', 'wwssxx', 'www.v01.cn', 'wwwidcmmcom', 'www.chat6.cn', 'www', 'www.126.com', 'www.163.com', 'www.v03.cn', 'www.v02.cn', 'www.v01.cn.com', 'www.1818gm.cn', 'www.baidu.com', 'www.sina.com', 'www.wzvps.com', 'www.31w.cn', 'www.0168.com', 'www.jmsidc.com', 'www.ewaydns.com', 'www.jujumao.com', 'www.edong.com', 'www.vps.la', 'www.3tvps.net', 'ww123456', 'wwee123456', 'wwwroot', 'wwwiii', 'wwssxx', 'www.cq-idc.com', 'www.v01.cn', 'wwwidcmmcom', 'wwwqqq', 'www.chat6.cn', 'www.dkw.com.cn', 'www.dkw.com', 'wwee', 'www.mir2.com', 'www.126.com', 'www.163.com', 'www.v03.cn', 'www.v02.cn', 'www.v01.cn.com', 'www.v01.cn123456', 'www.1818gm.cn', 'www.6h.com', 'www963.', 'wwqqwwqq', 'www.baidu.com', 'www.sina.com', 'ww123.0', 'wwweeerrr', 'www', 'www', 'www.baidu.co', 'www.netbank.com', 'www.kxso.com,.', 'www.21nic.cn', 'www.7x24.cn', 'www.468mu.com', 'www.sutenw.com', 'www123', 'www.507.cn', 'www.***.com', 'www.mychinahost.cn', 'www.gluzen.com', 'www.dongguanidc.cn', 'www.idccc.net', 'www.21idc.com.cn', 'www.qy.com', 'www.39idc.com', 'www.pgyidc.com', 'www.901.cn', 'www.3sina.net', 'www.98xw.com', 'www.98dns.com', 'www.53dns.com', 'www.33ip.com', 'www.zgsj.com', 'www159753', 'www.abc.com', 'www.com', 'www.123.com', 'www.sina.com.cn', 'www789456', 'wwww.ifidc.com', 'www789456', 'www456789', 'www789123', 'www.cnidc.hk!@#', 'www.cnidc.hk!@##@!', 'www.cnidc.hk2008', 'www.0760idc.com', 'www.sutenw.com', 'www.qq.com', 'wwwaaa950505', 'wwwcfanclubnet12345^&*()6', 'www963.', 'wwqqwwqq', 'wwwroot', 'wwwiii', 'www.126.com', 'www.baidu.com', 'www.163.com', 'www.sina.com', 'ww123.0', 'wwssxx', 'wwwwww', 'ww123456', 'wwweeerrr', 'wwee123456', 'www.!@#china$%^city&*(.com)_1', 'www.admin5.com', 'www.idc567.com', 'www.idcwang.com', 'www.jx163.com', 'WWW.HTIDC.COM', 'www.htidc.com', 'wwwhakecc', 'wwjcc', 'wwp203', 'www.51marry.com', 'wwwangli1', 'wwww', 'wwwww', 'wwwwww', 'wwwwwwww', 'www.net.cn', 'www.idcth.com', 'www.3hidc.com', 'www.9000idc.com', 'www.nfvip.com', 'www.sino.com', 'www.468mu.com', 'www.idc.com.cn', 'www.idcbest.com', 'www.idcps.com', 'www123456', 'www.sutenw.com', 'www.netbank.com', 'www.kxso.com,.', 'www.21nic.cn', 'www.7x24.cn', 'www.vlan35.com', 'www.admin5.com', 'www.idc567.com', 'www.idcwang.com', 'www.jx163.com', 'www.baidu.com', 'www.163.com', 'www.126.com', 'www.chinaidc.com', 'www.linkidc.com', 'www.10.cn', 'www.edong.com', 'www.idc.com', 'www.zgzz.cc', 'www.lingke.com', 'www.tsia.com.cn', 'www.5d.cn', 'www.topidc@com.com24107520', 'www.soidc@com.com24107520', 'www.hbidc.net.cn', 'www.whcsw.com', 'www.enidc.com', 'www.esin.com', 'www.txwscx.comsritgyxf2sxy19831122zx', 'www.7x24.cn', 'www.jx163.com', 'www.y9idc.com', 'www.7x24.cn', 'www.txwscx.comsritgyxf2sxy19831122zx', 'ww', 'www123456', 'ww123456', 'wwee123456', 'wwwroot', 'wwwiii', 'wwssxx', 'www', 'wwwdata', 'www-data', 'wwwroot', 'wwwrun', 'wwwuser', 'x'],
'wx',['wxyz', 'wxfgjh761217', 'WXFGJH761217', 'wxfgjh761217', 'WXFGJH761217', 'wxdushinet', 'wxfgjh761217', 'WXFGJH761217', 'wxr980521', 'wxmsyy', 'wxmsyyjioutian', 'wxmsyy424104', 'wxmsyy97945', 'wxmsyyvery4fnet', 'wxmsyyguodongz', 'wxfgjh761217', 'WXFGJH761217', 'wxh3wz', 'wxy', 'wxl', 'wx', 'wx', 'wxz', 'wx', 'wx', 'wxr', 'wxy', 'wxm', 'wxf', 'wxy', 'wxh', 'wx'],
'wy',['wyldegreen', 'wynberg', 'x', 'wyy', 'wy232518', 'wywl123', 'wywl123445', 'wy123654', 'wy123123', 'wy654123', 'wy123445789', 'wy123456', 'wywl123456', 'wy123456789', 'wyh998909', 'wydhx', 'wywl123', 'wywl123445', 'wy123654', 'wy123123', 'wy654123', 'wy123445789', 'wywl123', 'wywl123445', 'wy123654', 'wy123123', 'wy654123', 'wy123445789', 'wy123456', 'wywl123456', 'wy123456789', 'wyhyy998', 'wynetwork', 'wynetwork', 'wycwyd641899123', 'wycwyd123wycwyd641899', 'wycwyd123wycwyd641899123', 'wycwydwycwyd641899', 'wycwyd123wycwyd641899', 'wyh998909', 'wyfox', 'wyge', 'wyhw', 'wymarry', 'wyq888', 'wywhzwl', 'wyghh001', 'wy.com.cn', 'wy', 'wy', 'wy', 'wyl', 'wy', 'wym', 'wyz', 'wyy', 'wy', 'wy', 'wy', 'wy', 'wyh', 'wy', 'wy'],
'wz',['wztelecom2008easyget', 'wzcgame12', 'wz!@#$%^', 'wz123445789', 'wzwmiruc', 'wzgaojie', 'wz123123', 'wzserver', 'wz123445', 'wzdajz1123', 'wz2008!@#', 'wz123456', 'wz8177453', 'wz!@#$%^', 'wz123445789', 'wz123wz', 'wz123456', 'wzgaojie', 'wzhost', 'wzidc654321', 'wzidc^%$#@!', 'WZ123445', 'wzwl', 'wz654321', 'wz123123', 'wz123445789', 'wzserver', 'wz2008', 'wz2007', 'wzidc2007', 'wzidc2008', 'wz2654321!@#$%^', 'wz!@#$%^', 'wz123', 'wz1234567', 'wz12345678', 'wz123456789', 'wz1234567890', 'wzidc1234567', 'wzidc12345678', 'wzidc123456789', 'wzwidc', 'wz147258', 'wzvps.com', 'wzvps', 'wz123445', 'WZ123456', 'wz123456', 'wz8812345', 'wzgaojie', 'wzhost', 'wzidc654321', 'wzidc^%$#@!', 'WZ123445', 'wzwl', 'wz654321', 'wz123123', 'wz123445789', 'wzserver', 'wz2008', 'wz2007', 'wzidc2007', 'wzidc2008', 'wz2654321!@#$%^', 'wz!@#$%^', 'wz123', 'wz1234567', 'wz12345678', 'wz123456789', 'wz1234567890', 'wzidc1234567', 'wzidc12345678', 'wzidc123456789', 'wzwidc', 'wz147258', 'wzgaojie', 'wzvps.com', 'wzvps', 'wzhost', 'wzidc654321', 'wzidc^%$#@!', 'WZ123445', 'wzwl', 'wz654321', 'wz123123', 'wz123445789', 'wzserver', 'wz123445', 'wz2008', 'wz2007', 'wzidc2007', 'wzidc2008', 'wz2654321!@#$%^', 'wz1234567', 'wz12345678', 'wz123456789', 'wz1234567890', 'wzidc1234567', 'wzidc12345678', 'wzidc123456789', 'WZ123456', 'wz147258', 'wz123456', 'wzgaojie', 'wzgaojie', 'wztelecom2008easyget', 'WZSRR320902198500208', 'wzgaojie', 'wzmkk', 'wzs', 'wzdit.com83301567', 'wzdit.com', 'wztelecom2008easyget', 'wzq'],
'xa',['Xanthe', 'Xanthippe', 'xa', 'xant', 'xantha', 'xanthineolytica', 'xantho', 'xanthoba', 'xanthobacter', 'xanthochromogenes', 'xanthochromogenus', 'xanthocidicus', 'xantholiticus', 'xanthomonas', 'xanthophaeus', 'xanthus', 'xalicai.com', 'Xanadu', 'xavier'],
'xb',['xbbnb', 'xbbnb', 'xb7125', 'xblc7270', 'xb', 'xbmc'],
'xc',['xcfdf^q23r423o0f^q2df', 'xc0000', 'xc8888', 'xc-8888', 'xc-0000', 'xc2009', 'xc2008', 'xc2007', 'xc123445', 'xc123445789', 'xc654321', 'xc123654', 'xc456123', 'xc789456', 'xc987654', 'xc987456', 'xc1234567', 'xc123456789', 'xc147258', 'xc123456', 'xc123445', 'xc123445789', 'xc654321', 'xc123654', 'xc456123', 'xc789456', 'xc987654', 'xc987456', 'xc1234567', 'xc123456789', 'xc147258', 'xc123456', 'xc929920', 'xchina', 'xcmdbb', 'xcountry'],
'xd',['xdooo196199', 'xdhx', 'xdhx', 'xdhx123456', 'xdhx1234567', 'xdhx147258', 'xdooo111888', 'xdhx', 'xdhx123456', 'xdhx1234567', 'xdhx147258', 'xdhx', 'xdhx'],
'xe',['Xenia', 'xenococcus', 'xenopi', 'xenorhabdus', 'xerosis', 'xerothermodurans'],
'xf',['xfx1989_2008', 'xfkj!@#$%^&*()', 'xf$29@))&atoff', 'xfx1989_2008', 'xfg', 'xfiles', 'xf.li', 'xf.wang', 'xf.zhang'],
'xg',['xguan.126.com', 'xguest'],
'xh',['xhm19770115$%^', 'xhm19770105$%^', 'xhm197701150028$%^', 'XH772-AP', 'xh806x', 'xhn1104', 'xhack', 'xh.wang', 'xh.li', 'xh.li', 'xh.zhang'],
'xi',[],
'xj',['xj', 'xjchen', 'xjchen1'],
'xk',['xk', 'xknc', 'xkzyy.com', 'xkzyy.cn', 'xkzyy.com', 'xkzyy.cn'],
'xl',['xlcq', 'xl790057507..!@#$%', 'xlqf', 'xldxx[][]', 'xlkj_2010@#*', 'xl.wang', 'xl.zhang', 'xl.li', 'xl.chen', 'xl.liu', 'xl.yang', 'xla', 'xlb', 'xlc', 'xld', 'xle', 'xlf', 'xlg', 'xlh', 'xli', 'xlj', 'xlk', 'xll', 'xlm', 'xln', 'xlo', 'xlp', 'xlq', 'xlr', 'xls', 'xlt', 'xlu', 'xlv', 'xlw', 'xlx', 'xly', 'xlz'],
'xm',['xm123654', 'xmidcqq984014.', 'xmj520', 'xm123456', 'xmhost', 'xmfish', 'xmhost', 'xmhost', 'xmfish', 'xm@xiaozhou8268210', 'xm354500', 'xm1123', 'xmmmm', 'xmyxmy', 'xm001', 'xmnet.net', 'xmjjy321', 'xm354500', 'xm.wang', 'xm.li', 'xm.zhang', 'xm.li', 'xm'],
'xn',['xnq962129', 'xnima.cn'],
'xo',['Xosa', 'xo'],
'xp',['xpmiripserczmir3', 'xpmiripserczmir123', 'xp2010win2000', 'xpidc'],
'xq',[],
'xr',['xrfshqvk1g', 'xr.wang', 'xr.li', 'xr.zhang'],
'xs',['xsw2cde3', 'xsw2zaq1', 'xsw2cde3', 'xsw2', 'xsw2zaq1', 'xs2008@cpgestion', 'xsw2', 'xsw2zaq1', 'xsw2zaq1', 'xsttworkmanage', 'xs2008@cpgestion', 'xsw2', 'xsx', 'xsw2'],
'xt',['xt2008', 'Xtzj.Com', 'xta77945330', 'xtwen2sfi', 'Xtzj.Com', 'Xtzj.Com', 'xtzj', 'Xtzj.Com', 'xtzj', 'xtf617'],
'xu',[],
'xv',['xv'],
'xw',['xwindows', 'xwh', 'xwy65776', 'xw'],
'xx',['xxii', 'xxgghh110', 'xxdx', 'xxxxxx', 'xxxxxxxxxx', 'xxx123', 'xxc5302631', 'xxoxx', 'xxxxx', 'xx8617', 'xxxx', 'xxxxxx', 'xxx', 'xxoo', 'y', 'xx686868', 'xx.qu114.com'],
'xy',['xyz', 'xyzzy', 'xyidc_2006', 'xylanolytica', 'xylanolyticum', 'xylanolyticus', 'xylanus', 'xylella', 'xyli', 'xylinum', 'xylophagus', 'xylophilus', 'xylosoxidans', 'xylosoxydans', 'xylosus', 'y', 'xyz4546', 'xy123456', 'xyzzy', 'xyggwrh', 'xyalldnet', 'xyz!@#$1234abc', 'xy123456', 'xyz!@#$1234abc', 'xy1236!@#^', 'xy7705', 'xyan', 'xycxyc', 'xylqjm', 'xyyjoy', 'xyshahsh', 'xyidc_2006', 'xyidc_2006', 'xyidc_2006', 'xy.wang', 'xy.li', 'xy.zhang', 'xy.chen', 'xy.liu', 'xy.yang', 'xy.wang', 'xy.li', 'xy.zhang', 'xy.huang', 'xy.wu', 'xy.ma', 'xy.sun', 'xy.zhao', 'xyc', 'xygdtest', 'xyz'],
'xz',['xzchjx.com', 'xzhr.cn', 'xzhygg.com', 'xzlawz.com', 'xz-suminfo.com', 'xzxinxin.com', 'xzchjx.cn', 'xzhygg.cn', 'xzlawz.cn', 'xzchjx.com', 'xzhr.cn', 'xzhygg.com', 'xzlawz.com', 'xz-suminfo.com', 'xzxinxin.com', 'xzchjx.cn', 'xzhygg.cn', 'xzlawz.cn', 'xzh108', 'xzj721', 'xzx520520', 'xzuo', 'xz.wang', 'xz.li', 'xz.zhang', 'xz.yang', 'xz.chen'],
'ya',[],
'yb',['yb888mail/./', 'yb888mail/./', 'yb', 'yb', 'yba', 'ybb', 'ybc', 'ybd', 'ybe', 'ybf', 'ybg', 'ybh', 'ybi', 'ybj', 'ybk', 'ybl', 'ybm', 'ybn', 'ybo', 'ybp', 'ybq', 'ybr', 'ybs', 'ybt', 'ybu', 'ybv', 'ybw', 'ybx', 'yby', 'ybz'],
'yc',['yclixin400@sohu.com', 'yc584520', 'ycc1977', 'ycz', 'ycidc', 'yc5la3s7', 'yc'],
'yd',['ydc123456!', 'ydx9317', 'ydyydy'],
'ye',['yello', 'yellowstone', 'ye', 'yea', 'year', 'yearly', 'yearn', 'yearned', 'years', 'yell', 'yelled', 'yellow', 'yes', 'yesterday', 'yesternight', 'yet', 'Yeates', 'Yeomans', 'Yerkes', 'Yesenin', 'yeerongpilly', 'yehuda', 'yerba', 'yerevanensis', 'yersinia', 'yellow', 'yeliao*&^', 'ye7111', 'Yellow', 'yes', 'yeshack', 'yeshacker', 'yexiaodonghappy', 'yesgood'],
'yf',['yfcdsyk1', 'yfcdsyk', 'yfcd', 'yfzy-00029', 'yftong', 'yf315606', 'yfdai1', 'yf', 'yf'],
'yg',['yg6543212008', 'ygwbsfj', 'ygwbsfj', 'yg11553882', 'ygwbsfj', 'ygy'],
'yh',['yhc2008', 'yhn', 'yhwl', 'yhwl888', 'yhychl9t**9', 'yhwl', 'yhwl888', 'yhe888.com', 'yhe888.com123', 'yhe888', 'yhhy', 'yhe888.com', 'yhe888.com123', 'yhe888', 'yh', 'yh.wang', 'yh.zhang', 'yh.li', 'yh.liu', 'yh', 'yhan', 'yhan1'],
'yi',['ying', 'yingyang', 'yield', 'yielded', 'yieldeth', 'yielding', 'YiXing', 'YiXing', 'Yi_Xing', 'yiidc.com', 'yiping!@#$', 'yiping520!@#$123', 'yiduchuan', 'yingxiong.com', 'yiwang', 'yihaowl', 'yimashop.cn', 'yimashopidc', 'yihang', 'yisence#@200512', 'yiidc.com', 'yiduchuan', 'yihaowl', 'yimashop.cn', 'yimashopidc', 'yigeyue800qq', 'yigeyue800..', 'yigeyue800', 'yigeyue8..00', 'yigeyue800~!@', 'yigeyue800aa', 'yizhong', 'yinhuijun', 'yihang', 'yisence#@200512', 'yinxu5106', 'yishang001', 'ying', 'yilin911', 'yinghuan', 'yingying', 'yixin', 'yincg', 'yinggang', 'yinsha.com', 'yishang001', 'yi9527zui,', 'yilianchengdu', 'ying.wang', 'ying.li', 'ying.zhang', 'ying.liu', 'ying.chen', 'ying.zhang', 'ying.wang', 'ying.liu', 'ying.wang', 'ying.li', 'ying.zhang'],
'yj',['yjxnike', 'yjcl201314', 'yjyyjy', 'yj1017', 'yjm1731', 'yjxnike314', 'yj', 'yj', 'yj', 'yj', 'yja', 'yjb', 'yjc', 'yjd', 'yje', 'yjf', 'yjg', 'yjh', 'yji', 'yjj', 'yjk', 'yjl', 'yjm', 'yjn', 'yjo', 'yjp', 'yjq', 'yjr', 'yjs', 'yjt', 'yju', 'yjv', 'yjw', 'yjx', 'yjy', 'yjz'],
'yk',['yk1314520', 'yk1314520', 'yk', 'yk850395058', 'yka', 'ykb', 'ykc', 'ykd', 'yke', 'ykf', 'ykg', 'ykh', 'yki', 'ykj', 'ykk', 'ykl', 'ykm', 'ykn', 'yko', 'ykp', 'ykq', 'ykr', 'yks', 'ykt', 'yku', 'ykv', 'ykw', 'ykx', 'yky', 'ykz'],
'yl',['Ylppo', 'ylmf', 'ylpn01', 'ylwater.gov.cn', 'ylwater.gov.cn', 'yl790307', 'yldwy', 'ylidc2266', 'yl.wang', 'yl.zhang', 'yl.li', 'yl', 'yl.liu', 'yl', 'yl', 'yl.chen', 'yl', 'yl', 'yliu', 'yliu1'],
'ym',['ymjing520', 'ym', 'ym.wang', 'ym.zhang', 'ym.li', 'ym', 'ym.liu', 'ym', 'yma', 'ymb', 'ymc', 'ymd', 'yme', 'ymf', 'ymg', 'ymh', 'ymi', 'ymj', 'ymk', 'yml', 'ymldac', 'ymm', 'ymn', 'ymo', 'ymp', 'ymq', 'ymr', 'yms', 'ymt', 'ymu', 'ymv', 'ymw', 'ymx', 'ymy', 'ymz'],
'yn',['yn', 'yninfo', 'yninfo', 'yninfo', 'yn123445', 'yn123445789', 'ynidc123', 'yn123456', 'yn123456789', 'yninfo', 'yninfo', 'yn123445', 'yn123445789', 'ynidc123', 'yn123456', 'yn123456789'],
'yo',['yoda', 'yodude', 'yogibear', ""you'reok"", 'youareok', 'youreok', 'yoke', 'yoked', 'yokefellow', 'yokes', 'yonder', 'york', 'you', 'young', 'younger', 'youngest', 'your', 'yours', 'yourselves', 'youth', 'youthful', 'youths', 'Yorii', 'Yoshkar-Ola', 'Young', 'yoff', 'yogurti', 'yokenella', 'yokoe', 'yokosukanensis', 'yolo', 'yoruba', 'youngae', 'yovokame', 'yovole99', 'youxi123456', 'youku.com', 'youran', 'youxi', 'youxi2008', 'youdiefeifei123', 'youdiefeifei', 'yovole152184', 'yovole.com', 'yovole', 'yovole2008', 'youku.com', 'youxi2008', 'youdiefeifei123', 'youdiefeifei', 'yovole', 'youmu911', 'yovole152184', 'yong', 'youaresb', 'youguest', 'yongming', 'youli', 'youyue', 'yofx', 'yoda', 'yomama', 'young', 'yone.com.cn', 'yoyo123456', 'yoyo*idc2*', 'yong.wang', 'yong.zhang', 'yong.li', 'yong.liu', 'yong.chen', 'yong.yang', 'yong.huang', 'yong.zhao', 'yong.zhou', 'yophie', 'youbinliu', 'yousuf'],
'yp',['yp'],
'yq',['yq%^&+aib369', 'yq1q2w3e', 'yqp3963242', 'yqp3963242', 'yqq617', 'yqlwan'],
'yr',['Yrjo', 'Yrsa', 'yrpx'],
'ys',['ysyhl9t**9', 'YSH7611580711ysh', 'ys@qq.com4545', 'ysaqidc'],
'yt',['ytcnc.net', 'ytcnc.net', 'yt80708', 'ytwdwihc', 'ytmnui', 'yt1994', 'yt', 'yta', 'ytb', 'ytc', 'ytd', 'yte', 'ytf', 'ytg', 'yth', 'yti', 'ytj', 'ytk', 'ytl', 'ytm', 'ytn', 'yto', 'ytp', 'ytq', 'ytr', 'yts', 'ytt', 'ytu', 'ytv', 'ytw', 'ytx', 'yty', 'ytz'],
'yu',[],
'yv',['Yvette', 'Yvonne', 'yvonne'],
'yw',['ywinidc56#@!', 'ywinidc56#@!', 'ywinidc56#@!', 'ywack', 'ywjabc', 'ywxl123456', 'yw'],
'yx',['yx007', 'yxp0902651gao', 'yxmyxm533459912369', 'Yxk65mbjgO7@qpz@#o8#77mbjM%9S', 'yxh123789', 'yxy', 'yxl', 'yx', 'yxz'],
'yy',['yywhbtj!!', 'yy512113', 'yyhjjk5300', 'yycan197921', 'yy512113', 'YYG;jyhxwl~aec', 'yyy123', 'yyhjjk5300', 'yy', 'yyswxws', 'yy5520', 'yygyyg12', 'yyqr', 'yyt124', 'yyyy', 'yyyyyy', 'yyzht', 'yywxhgbd', 'yyf715301065', 'yylai', 'yywoaini', 'yy123456', 'YYG;jyhxwl~aec', 'yy', 'yy', 'yy.wang', 'yy.zhang', 'yy', 'yy', 'yy.li', 'yy.liu', 'yy.chen', 'yy', 'yyli', 'yyli1', 'yyshi'],
'yz',['yzdx123', 'yzdxsinwe', 'yzdxsinwe120', 'yzdx369', 'yzdx2009', 'yzdxsinwe', 'yzdx123', 'yzwhaoren', 'yzsgrwz0755', 'yztyb230', 'yztyb', 'yzwendom!@#$1234', 'yztyb230', 'yztyb', 'yztyb230', 'yztyb', 'yzy9136', 'yzidc!@#', 'yzidc123j2mv9jyyq6', 'yzhaoku123!!!', 'yzhaoku123', 'yzidc!@#', 'YZ@Cnidc@563IDC#2618$ZF', 'yz.wang', 'yz.zhang', 'yz.li', 'yz.liu', 'yzh001'],
'za',['zaxscdvf', 'zaanaim', 'zaanan', 'zaanannim', 'zaavan', 'zabad', 'zabbai', 'zabbud', 'zabdi', 'zabdiel', 'zabud', 'zabulon', 'zaccai', 'zacchaeus', 'zacchur', 'zaccur', 'zachariah', 'zacharias', 'zacher', 'zadok', 'zaham', 'zair', 'zalaph', 'zalmon', 'zalmonah', 'zalmunna', 'zamzummims', 'zanoah', 'zaphnathpaaneah', 'zaphon', 'zara', 'zarah', 'zareah', 'zareathites', 'zared', 'zarephath', 'zaretan', 'zarethshahar', 'zarhites', 'zartanah', 'zarthan', 'zatthu', 'zattu', 'zavan', 'zaza', 'Zachia', 'Zahringia', 'Zambesia', 'Zamenhof', 'Zappala', 'Zaragoza', 'zadar', 'zagreb', 'zagrev', 'zaire', 'zanoni', 'zantedeschiae', 'zanzibar', 'zaomyceticus', 'zatmanii', 'zavarzinia', 'zavarzinii', 'Zanshi110', 'zaq12wsx', 'zaq!@#456', 'zaq963.', 'zaqwsxcderfv', 'zaqwertyuiop', 'zaq1@34567890', 'zaq1@', 'zaq1@3456789', 'zaq12wsxcde3', 'zaq1xsw2cde3', 'ZAQ12wsx', 'zaq1xsw2', 'zaq1', 'zaq!@wsx', 'zaq13.14', 'zaq123123', 'zaq1@wsx', 'zaq!xsw@cde#', 'zaq123456', 'zaq!@#', 'zaq12wsx', 'zaq!@wsxcde#', 'zaq12wsxcde34rfv', 'zaq!xsw@', 'zaq11111', 'zaqwsx', 'zaqwsxcde', 'zaqxswcdevfrbgtnhymju', 'zaqxswcdevfr', 'zaq1xsw2cde3vfr4bgt5nhy6mju7,ki8.lo9', 'zaq1xsw2cde3vfr4bgt5nhy6mju7,ki8', 'zaq1xsw2cde3vfr4bgt5nhy6mju7', 'zaq1xsw2cde3vfr4bgt5', 'ZAQ!XSW@CDE#VFR$BGT%', 'zazdlgtxjhotel.', 'zaq1xsw2cde3vfr4', 'ZAQ1XSW2', 'ZAQ1XSW2CDE3', 'ZAQ1XSW2CDE3VFR4', 'ZAQ!XSW@CDE#VFR$', 'ZAQ!XSW@CDE#', 'ZAQ!XSW@', 'zaq1xsw2cde3!@#!@#', 'zaq12wsxcde3', 'zaq1xsw2cde3', 'zaq1xsw2', 'zaq1', 'a', 'zaq!@wsx', 'zaq12wsx', 'zaq13.14', 'zaq123123', 'zaq1@wsx', 'zaq!xsw@cde#', 'zaq123456', 'zaq!@#', 'zaqwsxcde', 'zaqxswcde', 'zaq123456', 'zaqxsw', 'zaqzxc', 'zaq!xsw@', 'zaza', 'zaqzaq', 'zaqxswedc', 'zaqxswcdevfrbgtnhymju', 'zaqxswcdevfr', 'zaq!xsw@cde#vfr$', 'zaq!xsw@cde#', 'zaq!', 'zaxscdvfbgnhmj', 'zaq1xsw2', 'zaq!@wsx', 'zaq12wsx', 'zaq!@wsxcde#', 'zaq12wsxcde3', 'zaq12wsxcde34rfv', 'zaq11111', 'zaq1xsw2cde3', 'zaqwsx', 'zaqwsxcde', 'zaq1', 'zaqwsxcderfv', 'zaxscdvfbgnhmjkl', 'zaq1xsw2cde3vfr4bgt5nhy6mju7', 'zaq1xsw2cde3vfr4bgt5nhy6', 'zaq1xsw2cde3vfr4bgt5', 'zaq1xsw2cde3vfr4', 'zaq!xsw@cde#vfr$bgt%nhy^mju&', 'zaq!xsw@cde#vfr$bgt%nhy', 'zaq!xsw@cde#vfr$bgt', 'zaq!xsw@cde#vfr', 'zazdlgtxjhotel.', 'zaq1@wsx', 'zaq123zaq', 'zaq123wsx', 'zaq321zaq', 'zaq123', 'zaq1234wsx', 'zaicigaimima!@#$%', 'zaicigiamima!@#$%', 'ZAQ!XSW@CDE#VFR$BGT%NHY^MJU&<KI*>LO(', 'ZAQ!XSW@CDE#VFR$BGT%NHY^MJU&<KI*', 'ZAQ!XSW@CDE#VFR$BGT%NHY^MJU&', 'zaqxswcde', 'zaq123456', 'zaqxsw', 'zaqzxc', 'zaq!xsw@', 'zaza', 'zaqzaq', 'zaqxswedc', 'zaqxswcdevfrbgtnhymju', 'zaqxswcdevfr', 'zaq!xsw@cde#vfr$', 'zaq!xsw@cde#', 'zaq!', 'zaxscdvfbgnhmj', 'zaq1xsw2', 'zaq!@wsx', 'zaq12wsx', 'zaq!@wsxcde#', 'zaq12wsxcde3', 'zaq12wsxcde34rfv', 'zaq11111', 'zaqxswcde', 'zaq123456', 'zaqxsw', 'zaqzxc', 'zaq!xsw@', 'zaq1xsw2cde3', 'zaza', 'zaqzaq', 'zaqxswedc', 'zaqwsx', 'zaqwsxcde', 'zaq1', 'zaqxswcdevfrbgtnhymju', 'zaqxswcdevfr', 'zaq!xsw@cde#vfr$', 'zaq!xsw@cde#', 'zaq!', 'zaxscdvfbgnhmj', 'zaqwsxcderfv', 'zaq1xsw2', 'zaxscdvfbgnhmjkl', 'zaq1xsw2cde3vfr4bgt5nhy6mju7', 'zaq1xsw2cde3vfr4bgt5nhy6', 'zaq1xsw2cde3vfr4bgt5', 'zaq1xsw2cde3vfr4', 'zaq!xsw@cde#vfr$bgt%nhy^mju&', 'zaq!xsw@cde#vfr$bgt%nhy', 'zaq!xsw@cde#vfr$bgt', 'zaq!xsw@cde#vfr', 'zazdlgtxjhotel.', 'zaq!@wsx', 'zaq12wsx', 'zaq!@wsxcde#', 'zaq12wsxcde3', 'zaq12wsxcde34rfv', 'zaq1@wsx', 'zaq11111', 'zaq1xsw2', 'zaq1xsw2cde3', 'zaq1xsw2', 'zaq1xsw2cde3', 'zaqxswcde', 'zaq1zaq1', 'zazdlgtxjhotel.', 'zazdlgtxjhotel.', 'zazdlgtxjhotel.', 'zaq1xsw2', 'zaq1', 'a', 'zaq!@wsx', 'zaq12wsx', 'zaq!@wsx', 'zaq1xsw2cde3', 'zaqxswedc', 'zaxscdvfbgnhmj', 'zaqxswcde', 'zaqxsw', 'zaqzxc', 'zaq1', 'zaq1xsw2cde3', 'zaq!@wsxcde#', 'zaq!@wsx', 'zaq12wsxcde3', 'zaq12wsxcde34rfv', 'zaq12wsx', 'zaq!xsw@', 'zaq!xsw@cde#', 'zaq123456', 'zaq12wsx', 'zaq1@wsx', 'zaq11111', 'Zaphod', 'zachary', 'zapata', 'zaqxswcde', 'zaq1xsw2', 'zaxscdvf', 'zaq123456', 'zaqxswcde', 'zaqxsw', 'zaqzxc', 'zaq!xsw@', 'zaq1xsw2cde3', 'zaza', 'zaqzaq', 'zaqxswedc', 'zaq1', 'zaxscdvfbgnhmj', 'za', 'zahid'],
'zb',['zby1982', 'zb8583150', 'zby123', 'zby1092', 'zby1982', 'zb8583150', 'zb8583150', 'zbw1108', 'zbdgmhaoma', 'zb', 'zb', 'zb'],
'zc',['zc', 'zcm'],
'zd',['zdw123', 'zd'],
'ze',['zener', 'zenerdiode', 'zeppelin', 'zeal', 'zealous', 'zealously', 'zebadiah', 'zebah', 'zebaim', 'zebedee', 'zebedees', 'zebina', 'zeboiim', 'zeboim', 'zebudah', 'zebul', 'zebulonite', 'zebulun', 'zebulunites', 'zechariah', 'zedad', 'zedekiah', 'zeeb', 'zelah', 'zelek', 'zelophehad', 'zelotes', 'zelzah', 'zemaraim', 'zemarite', 'zemira', 'zenan', 'zenas', 'zephaniah', 'zephath', 'zephathah', 'zephi', 'zepho', 'zephon', 'zephonites', 'zer', 'zerah', 'zerahiah', 'zered', 'zereda', 'zeredathah', 'zererath', 'zeresh', 'zereth', 'zeri', 'zeror', 'zeruah', 'zerubbabel', 'zeruiah', 'zetham', 'zethan', 'zethar', 'Zeelandia', 'Zeissia', 'Zelia', 'Zelima', 'Zelinda', 'Zelinsky', 'Zellner', 'Zenobia', 'Zerbinetta', 'Zerlina', 'Zeuxo', 'zeae', 'zega', 'zehlendorf', 'zeist', 'zelensis', 'zenzibar', 'zerifin', 'zengli_fei520idc99.com', 'zengli520idc99.com', 'zengli520idc99.com', 'zedongloveyou080808', 'zebra', 'zenith', 'zephyr', 'zeppelin', 'zeus', 'zero', 'zero.com', 'zero2011', 'zero2010', 'zeidc'],
'zf',['zf1020', 'zfy', 'zf', 'zf', 'zf', 'zf'],
'zg',['zguoshengmlp13908462030~!@', 'zgffhawkee.cn2854778', 'zgffhawkee.cn2854778', 'zg123456', 'zg123445', 'zgffhawkee.cn2854778', 'zgidc2008', 'zgidc2007', 'zg123445', 'zg123456', 'zgsj.com', 'zgsj', 'zgsj2008', 'zg35.com', 'zgidc2008', 'zgidc2007', 'zg123445', 'zg123456', 'zgidc2008', 'zgidc2007', 'zg123445', 'zg123456', 'zgsj.com', 'zgm163', 'zgzjykbybd', 'zgy', 'zgl', 'zgr', 'zgz', 'zgf', 'zgz'],
'zh',[],
'zi',['zinfandel', 'zia', 'ziba', 'zibeon', 'zibia', 'zibiah', 'zichri', 'ziddim', 'zidkijah', 'zidon', 'zidonians', 'zif', 'ziha', 'ziklag', 'zillah', 'zilpah', 'zilthai', 'zimmah', 'zimran', 'zimri', 'zin', 'zina', 'zion', 'zior', 'ziph', 'ziphah', 'ziphion', 'ziphites', 'ziphron', 'zippor', 'zipporah', 'zithri', 'ziz', 'ziza', 'zizah', 'Zichichi', 'Zimmer', 'Zimmerman', 'Zimmerwald', 'Zita', 'zinder', 'zingiberi', 'zinniae', 'zionensis', 'zitian', 'zitian2008', 'zitian(*&', 'zitian123', 'zitian129', 'zitianidc', 'zitianidc2008', 'ziyoufeixiang', 'zihuan', 'ziHUAN', 'zitianwl', 'zitian.cn', 'zitian&*(', 'zitian!@#', 'zitian!@#$%^', 'zitian123', 'zitian(*&', 'zitian2008', 'zitian2003', 'zitianidc2003', 'zitian$%^', 'zitian123445', 'zitian121', 'zitianwangluo', 'zitianidc.cn', 'zitian129', 'zitian', 'zitianidc', 'zihuan', 'ziHUAN', 'zitianwl', 'zitian.cn', 'zitian&*(', 'zitian!@#', 'zitian!@#$%^', 'zitian123', 'zitian(*&', 'zitian2008', 'zitian2003', 'zitianidc2003', 'zitian$%^', 'zitian123445', 'zitian121', 'zihuan', 'ziHUAN', 'zitianwl', 'zitianwangluo', 'zitian.cn', 'zitian&*(', 'zitian!@#', 'zitian!@#$%^', 'zitian123', 'zitian(*&', 'zitian2008', 'zitian2003', 'zitianidc2003', 'zitian$%^', 'zitian123445', 'zitian121', 'zitianidc.cn', 'zixidc^&*(678982', 'zixidc^&*(678982', 'ziji123456..a', 'Ziggy', 'zia'],
'zj',['zjidc', 'zj123', 'zj123456', 'zjidc123456', 'zjxc2008', 'zjzy', 'zj1234%^&*', 'zjdx', 'zj138159188', 'zj13875158183', 'zj123456', 'zjidc', 'zjxcgs', 'zj520', 'zj123', 'zj123123', 'zj123445789', 'zj123654', 'zj114477', 'zj0573', 'zjwz', 'zj1234567', 'zj2008!@#', 'zjwhnet', 'ZJ123456', 'zjxc', 'zjxc0000', 'zjxc8888', 'zjxc123456', 'zjxc123654', 'zjxc2008', 'zjol', 'zjol2008', 'zj8812345', 'ZJ520', 'zj138159188', 'zjidc', 'zj13875158183', 'zj123456', 'zj123456', 'zj123zj', 'zj2008zj', 'zjewww6168!QAZ', 'zjwhUser', 'zjwhnet', 'zjwhAdmin', 'zj330381', 'zj0571', 'zj0577', 'zj3303', 'zjwhFtp', 'zjidc', 'zj2008', 'zjidc2003', 'zjidc2008', 'zj2003', 'zjhost', 'ZJ123445', 'zjidcwl', 'zjidcgs', 'zjwl', 'zj520', 'zj123', 'zj123123', 'zj123445789', 'zj123654', 'zj114477', 'zj0573', 'zj123456789', 'zjwz123456', 'zjwz123456789', 'zjwzidc123456789', 'zjwenzhouidc', 'zjwzidc654321', 'zjidc2007', 'zj!@#$%^', 'zjwz2008', 'zjwz2007', 'zjwzidc', 'zjwzidc123', 'zjwzidc2007', 'zjwzidc2008', 'zjnet', 'zjidc.com', 'zj1234567', 'zj147258', 'zjidc.cn', 'zjisp', 'zjwzidc123456', 'zjwz', 'zjxcgs', 'zj123456', 'zj8812345', 'zjspirit.com', 'ZJ123456', 'zjspirit', 'zjspirit2008', 'zjidc123456', 'zjsx117', 'zjdx12345', 'zjdx123456', 'zjewww6168!QAZ', 'zjwhUser', 'zjwhnet', 'zjwhAdmin', 'zj330381', 'zj0571', 'zj0577', 'zj3303', 'zjwhFtp', 'zjidc', 'zj2008', 'zjidc2003', 'zjidc2008', 'zj2003', 'zjhost', 'ZJ123445', 'zjidcwl', 'zjidcgs', 'zjwl', 'zj520', 'zj123', 'zj123123', 'zj123445789', 'zj123654', 'zj114477', 'zj0573', 'zj123456789', 'zjwz123456', 'zjwz123456789', 'zjwzidc123456789', 'zjwenzhouidc', 'zjwzidc654321', 'zjidc2007', 'zj!@#$%^', 'zjwz2008', 'zjwz2007', 'zjwzidc', 'zjwzidc123', 'zjwzidc2007', 'zjwzidc2008', 'zjnet', 'zjidc.com', 'zj1234567', 'zj147258', 'zjidc.cn', 'zjisp', 'zjwzidc123456', 'zjwhUser', 'zjwhnet', 'zjwhAdmin', 'zj330381', 'zj0571', 'zj0577', 'zj3303', 'zjwhFtp', 'zjidc', 'zj2008', 'zjidc2003', 'zjidc2008', 'zj2003', 'zjhost', 'ZJ123445', 'zjidcwl', 'zjidcgs', 'zjwl', 'zj520', 'zj123', 'zj123123', 'zj123445789', 'zj123654', 'zj114477', 'zj0573', 'zjwz', 'zjxcgs', 'zj123456789', 'zjwz123456', 'zjwz123456789', 'zjwzidc123456789', 'zjwenzhouidc', 'zjwzidc654321', 'zjidc2007', 'zjwz2008', 'zjwz2007', 'zjwzidc', 'zjwzidc123', 'zjwzidc2007', 'zjwzidc2008', 'zjidc.com', 'zj123456', 'zj1234567', 'zj147258', 'zjidc.cn', 'zjyw.qy.com.cn', 'zjspirit.com', 'zj.com.cn', 'zjx@!!~~07545162..', 'zjwyycn', 'zjxcgs', 'zjidc', 'zj123456', 'zjh129', 'zjhzjh', 'zjiuling', 'zjl523', 'zjlds', 'zjy650408', 'zjyzjy', 'zjbeyond', 'zj124.70./*-', 'zj8812345', 'zjidc', 'zjaomao888', 'zj123456', 'zjtest', 'zj!@#^%$', 'zj!@#$%^', 'zjgbenyue', 'zjidc!@', 'zjidc', 'zj', 'zj', 'zj', 'zj', 'zj', 'zj', 'zjh', 'zj', 'zj', 'zj', 'zjg', 'zjj', 'zj', 'zj', 'zj', 'zj', 'zjidc'],
'zk',['zkdns.comhuang', 'zkdns2008!@#', 'zkdns2008!@#', 'zkdns.com!(*%', 'zkdns2007!@#', 'zkwjyn520', 'zk', 'zk'],
'zl',['zlzy.com87', 'zlj123456', 'zlj123456', 'zlj2008', 'zlj123', 'zlp1982130', 'zlj123456', 'zlj2008', 'zlj123', 'zlj123456', 'zlj2008', 'zlmzlm', 'zliang', 'zl', 'zl', 'zl', 'zl', 'zl', 'zly', 'zl', 'zl', 'zl', 'zll', 'zlj', 'zlh', 'zl', 'zl', 'zl', 'zl'],
'zm',['zmidc.com', 'zmidc.com56876', 'zmnono', 'zmxn', 'zmxqqq', 'zm', 'zm', 'zm', 'zm', 'zm', 'Zmeu', 'zmkm'],
'zn',['znhyy10599@!', 'znhyy10599@!', 'zn', 'zn', 'zn'],
'zo',['zork', 'zorkmid', 'zoro', 'zorro', 'zoan', 'zoar', 'zoba', 'zobah', 'zobebah', 'zohar', 'zoheleth', 'zoheth', 'zophah', 'zophai', 'zophar', 'zophim', 'zorah', 'zorathites', 'zoreah', 'zorites', 'zorobabel', 'Zomba', 'Zoya', 'zodhpur', 'zongo', 'zooepidemicus', 'zooepidermicus', 'zoogleiformans', 'zoogleoformans', 'zoogloea', 'zoohelcum', 'zopfii', 'zorbonensis', 'zonkonidc2180088', 'zonkonidc2180088', 'zonkonidc2180088', 'zonkonidc', 'zonkonidc2008', 'zonkonidc2180088', 'zonkonidc2180088', 'Zombie', 'Zorro', '_', 'zouying', 'zoneidc.com', 'zoneidc', 'zoynul'],
'zp',['zp123445', 'zp123456', 'zp123445', 'zp123456', 'zp123445', 'zp123456', 'zpww', 'zp', 'zp', 'zp'],
'zq',['zqmy8b1nu4fz', 'zqxwce', 'zqidc', 'zqidc2008', 'zqxwce', 'zqxwce', 'zq228231133a', 'zq!@#jinyu', 'zqxwce', 'zqsass', 'zq', 'zq', 'zq', 'zq.wang', 'zq.li', 'zq.zhang'],
'zr',['zrhzrh', 'zrspws', 'zrway.com', 'zr', 'zr'],
'zs',['zsexdr', 'zsexdrcft', 'zsjcc152180', 'zsb736336', 'zsjcc152180', 'zs1731', 'zs117479', 'zs', 'zsz', 'zsy', 'zsl'],
'zt',['ztwyzl39', 'ZTCSFYhPOsPp', 'zt123456', 'ztidc', 'zt1888!@#$%', 'ztwyzl39', 'zt123456', 'ztidc', 'zt123456', 'ztidc', 'zt1888!@#$%', 'zt', 'zt', 'ztt', 'zt'],
'zu',['zulu', 'zuar', 'zuph', 'zur', 'zuriel', 'zurishaddai', 'zuzims', 'ZuChongZhi', 'Zubaida', 'ZuChongZhi', 'Zu_Chong-Zhi', 'Zulu', 'zuberella', 'zuelzerae', 'zuerich', 'zuilen', 'zunyou1234', 'zuqiu', 'zuiguaia', 'zulkarnaen'],
'zv',['Zverdara', 'Zverev'],
'zw',['Zwetana', 'Zwicky', 'zwickau', 'zwq!(&$127', 'zwq!(&$127', 'zwk37bby~~', 'zwk37bby~~', 'zwq!(&$127', 'zw0126', 'zwm711', 'zwzwzw', 'zw', 'zw', 'zw', 'zw'],
'zx',['zxc', 'zxcv', 'zxcvb', 'zxcvbn', 'zxcvbnm', 'zxcvbnm', 'zxrqrq', 'zxcvbnm', 'zxcasd', 'zxc123', 'zxcvbnmmnbvcxz', 'zxcvbnm', 'zxcvbn', 'zxsoft', 'zxc,,,zxc...zxc///999', 'zx!@#', 'zx!@#$', 'zxczxcv', 'zxc123456', 'zxcvbnm', 'zxcvbnm,./', 'ZXCVBNNM', 'zxcv1234', 'zxcvbnm47815', 'zxasqw12', 'zxasqw!@', 'zxcasdqwe!@#', 'zxzxzx', 'zxc,./', 'zxcv', 'zxcvb', 'zxc456', 'zxc456a', 'zxcvbnmasdfghjkl', 'zxcvbnmasdfghjklqwertyuiop', 'zxcvbnm!@#$%^&', 'zxcvbnasdfgh', 'zxczxc', 'zxczxc123', 'zxcvbzxcvb', 'zxcvzxcv', 'zxcvbnm1235!@', 'zxcv1234%^&*', 'ZXCV', 'zxcvbnm,.', 'zxcvbnm,', 'zxcvbn', 'zxc', 'zx530530', 'zxcvasdf', 'zxcv', 'zxcvb', 'zxcvbnm', 'zxcvbnm,./', 'zxcvbnm47815', 'zxasqw12', 'zxasqw!@', 'zxcasdqwe!@#', 'zxzxzx', 'zxcvbnm', 'zxcvbnm', 'zxcasdqwe', 'zxcvbasdfg', 'zxcvasdf', 'zxc123456', 'zxcv!@#$', 'zxcvb', 'zxcvbnm,./', 'zxcvbnm,.', 'zxcvbnmasdfghjkl', 'zxcvbnmasdfghjklqwertyuiop', 'zxcvbnm!@#$%^&', 'zxcvbnasdfgh', 'zxcvasdfqwer1234', 'zxczxc', 'zxfgogo', 'zxcasd', 'zxcvbn', 'zxf1984@gmail.com', 'zxf1984', 'zxcvbnmasdfghj', 'zxf1984@gmail.cn', 'zxasqw12', 'zxasqw!@', 'zxcasdqwe!@#', 'zxc123.0', 'zxm,.19870825', 'zxc~!@#', 'zx530530', 'zxcvbnm', 'zxcvbnm', 'zxcasdqwe', 'zxcvbasdfg', 'zxcvasdf', 'zxc123456', 'zxcv!@#$', 'zxcvb', 'zxcvbnm,./', 'zxcvbnm,.', 'zxcvbnmasdfghjkl', 'zxcvbnmasdfghjklqwertyuiop', 'zxcvbnm!@#$%^&', 'zxcvbnasdfgh', 'zxcvasdfqwer1234', 'zxczxc', 'zxfgogo', 'zxcvbnm', 'zxcasdqwe', 'zxcvbasdfg', 'zxcvasdf', 'zxc123456', 'zxcv!@#$', 'zxcvb', 'zxcvbnm,./', 'zxcvbnm,.', 'zxcasd', 'zxcvbn', 'zxcvbnmasdfghjkl', 'zxcvbnmasdfghjklqwertyuiop', 'zxcvbnm!@#$%^&', 'zxcvbnasdfgh', 'zxcvasdfqwer1234', 'zxf1984@gmail.com', 'zxf1984', 'zxcvbnmasdfghj', 'zxf1984@gmail.cn', 'zxasqw12', 'zxasqw!@', 'zxcasdqwe!@#', 'zxc123.0', 'zxcvbnm', 'zxcvbnm', 'zxcasdqwe', 'zxcvbnm999', 'zxcvasdfqwer', 'zxslzh%*)$!@*%*!)#&!340206197002090011', 'zxasqw12', 'zxasqw!@', 'zxcasdqwe!@#', 'zxcvbnm', 'zxc123456', 'zxcvbnmasdfghjkl', 'zxcvbnm,./', 'zxcv!@#$', 'zxc123.0', 'zxcvbnm,.', 'zxcvbnm', 'zxcvbnm', 'zxcvasdfqwer1234', 'zxcv!@#$', 'zxcvb', 'zxasqw!@', 'zxcv123', 'zxcvbn', 'zxcvb', 'zx1003', 'zxc51marry', 'zxfaaa123', 'zxmzxm', 'zxqzxq', 'zxy7078', 'zxyyxz', 'zxzc', 'zxczxczxc', 'zxcvbnm123', 'zxcvbnm', 'zxcvbn', 'zxczxc', 'zxcvbnm', 'zxidc_654321', 'zxcv123', 'zxcasdqwe', 'zxc123', 'zxcvbnm', 'zxy', 'zxl', 'zx', 'zx', 'zx', 'zx', 'zxz', 'zxm', 'zxr', 'zxy', 'zxf', 'zxh', 'zxy', 'zxcvbnm', 'zxcvbnm123', 'zxc123456', 'zxc123', 'zxc123456', 'zxcvbnm', 'zxcv!@#$', 'zxcvb', 'zxcvbnm,./', 'zxcvbnm,.', 'zxcvbnm', 'zxcvbnm,./', 'zxcvasdfqwer1234', 'zxin10', 'zxvf'],
'zy',['Zyskin', 'zymogenes', 'zymomonas', 'zymophilus', 'zybwnet68770289606cqzr', 'zyc@china563!@#', 'zyc@china563!@#', 'zyc2008', 'zykongj.com', 'zy1031', 'zy7806', 'zyzy', 'zyzmm0987', 'zy', 'zy', 'zy', 'zyl', 'zy', 'zy', 'zy', 'zym', 'zyy', 'zyz', 'zy', 'zyh', 'zy', 'zy', 'zy', 'zy', 'zy'],
'zz',['zz-top', 'zztop', 'zz1004', 'zz1004', 'zz@abcd', 'zzxxaassqqww1122', 'zzidc', 'zzjz@syzg159357456ww216', 'zzzzzz', 'zzxxcc', 'zzxxcc123', 'zzxxcc1234', 'zzxxcc1234%^&*', 'zzxxccvv', 'zzidc.com', 'zzjz@syzg159357456ww216', 'zz123456', 'zzck', 'zzzzzz', 'zzaaqq11', 'ZZMLKM69136116', 'ZZMLKMef12669136116', 'zz123456', 'zzck', 'zzzzzz', 'zzaaqq11', 'ZZMLKM69136116', 'ZZMLKMef12669136116', 'zz123456', 'zzck', 'zzzzzz', 'zzaaqq11', 'zzcto123', 'zzz123', 'zz.server.qy.gf.232', 'zzloveyy1314', 'zzzpm900', 'zz123456', 'zzaaqq11', 'zzzzzz', 'zzf49438', 'zzj2223446', 'zzzxxx', 'zzzz', 'zzzzz', 'zzzzzzzz', 'zzzxzz', 'zzx123', 'zzblin007', 'zzxxcc123', 'zzxcc123', 'zzidc63335503', 'zzcto123', 'zzpp9988,./', 'zzj149605482', 'zzq', 'zz123456'],
'0',['0258', '0987654321', '0123', '07736056123', '02154109685', '0.321', '0123456789', '021hb.com2008', '0okm9ijn8uhb', '052687604360', '052387604360', '000000', '0.0', '01230123', '0575idc.com', '08512wangmeng', '027IDC', '027idc.com.cn', '000000', '0m9n8b', '0123456789', '0p9o8i7u6y', '0okm9ijn8uhb', '0okm9ijn', '0000000000', '0.123', '0.123456789', '001001', '000123', '0301fjfzw1=-', '027idc.com', '021-32251058', '00000000', '0000000', '027dic.com.cn', '000...', '00', '000', '0000', '00000', '9', '00114477', '01230123', '002!#%&(', '06184520', '000000000', '000ooo', '0770', '06kids.comcom', '030243', '0.12345678', '0.1234567', '0.123456', '0.12345', '0.1234', '0.12', '012345678', '01234567', '0123456', '012345', '01234', '0123', '012', '0147', '0258', '0369', '0.321', '01051292765', '024hy.com', '0579idc', '0577idc', '07557103723', '010203', '060829bb', '021)@!021)@!', '058cc', '0.0', '0902651', '000222555888', '0987654321', '000111444777', '05081121jiaojiao', '0392a0', '000000', '0123456789', '0p9o8i7u6y', '0okm9ijn8uhb', '0okm9ijn', '0.123', '0.123456789', '001001', '000123', '0759idc10', '0759idc30', '025netcom', '025net.com', '0p;/9ol.8ik,7ujm', '0123456789', '0.123456789', '0731-4131765', '0987', '09876', '0147', '01470147', '0AGLKH6FG0QSJG5', '0123445789', '0.123445789', '0512idc', '0000000000', '000000', '00', '000', '00000', '00000000', '9', '0.123456789/*', '0k9j8h', '0k9j8h7g', '001314520', '018idc', '018idc.cn', '0168.com', '0147admin', '0987654321', '00114477', '000ooo', '0908', '01230123', '0.123', '00112233445566778899', '0.123445789/*', '0okm', '00..00..', '0.0.', '0.0.1212', '0p9o8i7u6y', '0p9o8i7u', '0987654321)(*&^%$#@!', '0668-2196688', '0000', '00..112233', '0okm9ijn8uhb', '0okm9ijn', '012345', '01234', '0123456', '01234567', '0123', '0258', '0369', '0.456', '0.369', '0.321', '0760idc.com', '0760idc', '0759idc', '0.1234567890', '0.0', '0.12345', '0.1234', '0.123456', '0571.cn', '05712008', '025net.com', '025net', '025net2008', '0512idc.net', '0512idc2008', '0987654321', '021.huna', '000123xz', '0577idc', '021-32251058', '0000000', '000000000', '0.12345678', '0.1234567', '0.12', '012345678', '012', '041187327472', '05137481628', '0p;/9ol.8ik,7ujm', '0123456789', '0.123456789', '0731-4131765', '0987', '09876', '0147', '01470147', '0AGLKH6FG0QSJG5', '0123445789', '0.123445789', '0512idc', '0000000000', '000000', '00', '000', '00000', '00000000', '9', '0.123456789/*', '0k9j8h', '0k9j8h7g', '001314520', '018idc', '018idc.cn', '0168.com', '0123456789', '0.123456789', '0731-4131765', '0147admin', '0987654321', '00114477', '000ooo', '0908', '0987', '09876', '0147', '01470147', '0AGLKH6FG0QSJG5', '0123445789', '0.123445789', '01230123', '0.123', '00112233445566778899', '0.123445789/*', '0okm', '00..00..', '0.0.', '0.0.1212', '0p9o8i7u6y', '0p9o8i7u', '0987654321)(*&^%$#@!', '0668-2196688', '0.123456789/*', '0000', '00..112233', '0okm9ijn8uhb', '0okm9ijn', '0k9j8h', '0k9j8h7g', '000000', '00000000', '012345', '01234', '0123456', '01234567', '01230123', '0.123', '0123456789', '0.123456789', '01230123', '0.123', '0123456789', '0.123456789', '0.123', '0759idc321', '0759idc', '0759idc123', '0000', '09meetmylovemy', '0759idc888', '0759idc888888', '0759idcidc', '000000', '02134125.', '001c.c0ab.0506', '0987#2df.,Pe', '0000', '057122822881', '00idc507idcadmin', '000', '000000', '0564335', '0722jianxi', '0987)(*&', '0759idccomxxew', '000000', '00000', '000', '0123', '0147', '0258', '0369', '0.123', '0.456', '0.369', '0.321', '0760idc.com', '0760idc', '06635512084', '07597765988', '040471081620max!@!', '0759idc123', '00idc805188..e', '00idc963852001..a', '0.123456+', '0759idc365', '0p;/9ol.8ik,7ujm', '0.123456789', '00..112233', '0987654321', '0123456789', '0okm9ijn8uhb', '0okm9ijn', '0p9o8i7u', '0p9o8i7u6y', '0p9o8i7u', '0147', '01470147', '0p9o8i', '0p9o8i7u6y', '0147admin', '0731-4131765', '000ooo', '00114477', '0.123456789', '00114477', '0okm9ijn8uhb', '000ooo', '0k9j8h', '0k9j8h7g', '0838-7212044MAYAN', '0p;/9ol.8ik,7ujm', '000000', '00000000', '0202puma1971', '0510cy', '0681ok8223ok', '0798a', '0971ll', '0OO00OO00OO0OO00', '094hk', '0951pk', '000000', '0575@chinaIDC!@#', '0513-85292710', '0714idc.com', '012358a', '0759idc321', '0759idc', '0759idc123', '0101001', '0123456789!@#$', '022813qq', '0by#Nu9p^&', '0.123', '010101', '0791-6596996', '0311-67662068', '0731-22575800', '0311-67662069', '07736056123', '0258', '0987654321', '0123', '07736056123', '0123456789', '000000', '0000000000000000', '0000000000', '000000000', '0123456789', '0.123456789', '0731-4131765', '0147admin', '0987654321', '0.123456789', '00114477', '000ooo', '0908', '0987', '09876', '0147', '01470147', '0p9o8i'],
'1',['1029', '10293', '102938', '1209', '123', '123098', '1234', '12345', '123456', '1234567', '123abc', '1812overture', '123456.com', '123123', '123', '123456', '123qwe', '123qwer', '1qaz2wsx', '1qaz', '159753', '159357', '147369', '1234567', '1q2w3e', '123654', '1', '111111', '111', '111qqq...', '123456', '111qqq!!!', '1236', '123123', '123321', '1231321', '1235698', '112233', '111222', '1010', '111qqq', '1234%^&*', '12345^&*()', '123456', '1234567', '123!@#', '123456!@#', '10000', '123!@#', '1234!@#$', '11185', '12345!@#$%', '123#@!', '19861212', '19831212', '19841020', '12345^&*()', '1122', '111222', '1234abcd', '1q2w3e4r', '1236', '1q2w3e4r5t', '111aaa', '123aaa', '123a', '123456a', '123112233', '123111', '123000', '1230..', '123456789', '123456qwe', '123qwe', '12345qwert', '123ewq', '1qazxsw2', '12qwaszx', '1234rewq', '123456.com', '19885510', '123asdasd', '123asdasd', '1q2w3e,./?><', '123.789+', '123asdasd', '13920225257', '1qaz@wsx#edc', '13527380230', '122.224', '123456!@#$%^', '123.789+', '189532210113', '1qa2ws3ed', '159357456ww', '1234568', '1236540', '130771419943.', '135684', '1307711', '123654q', '135@$^hodo.fms', '19f@mwsetsb83sx9', '123.123', '1111', '12345678', '1234567', '123456789', '1212123', '1230', '123123', '123321', '1230!@#$', '123!@#abc', '123456', '1q2w3e', '1q2w3e4r5t6y', '1qa2ws', '1qa2ws3ed', '1qaz', '1qaz2wsx', '1qaz2wsx3edc', '123456', '159753', '123', '1234%^&*', '123456789', '12341234', '1qaz@wsx', '123abc', '123456!@#$%^', '1!2@3#4$5%6^', '1@3$5^', '123', '123456', '12345678', '123456789', '1234567890', '159753', '159357', '123..', '13880247006s', '123.0', '11', '1233213', '1233210', '1q2w3e4r5t', '123789', '15896070468', '100200123', '1314520', '1314521', '12345..', '123456..', '12348765', '1234!@#$', '1234%^&*', '12345!@#$%', '12345^&*()', '123456!@#$%^', '1234567!@#$%^&', '12345678!@#$%^&*', '123456789!@#$%^&*(', '1234567890!@#$%^&*()', '147258', '111222333', '123!@#abc', '111qqq!', '1qaz2wsx', '1qazxsw2', '1793', '1397', '123qwe', '123qweasd', '123qweasdzxc', '123asd', '123zxc', '123!@#', '123456!@#$%^', '123$%^', '123abc!@#', '123!@#abc', '123789', '123abc', '123456abcdefg', '123321', '123123', '111111', '123ewq', '123456ytrewq', '123dsa', '123cxz', '123456hgfdsa', '123ewq', '123.0zz', '1230!@#$', '1f7u2l4g7e8o844', '123.mama/bufu', '123.mama/bufu', '19810Zax', '19810Zax', '123456987', '123654789', '147852369', '147258963', '13983625367', '17tf123654.com', '19890607.com', '19891213', '1233211234567', '111444777', '111222333', '111555999', '123#@!', '1234$#@!', '12345%$#@!', '123456^%$#@!', '1234567&^%$#@!', '12345678*&^%$#@!', '123456789(*&^%$#@!', '123789456', '1234%^&*', '12345^&*()', '13073660641', '123', '123456', '1234567', '123qwe', '123qwe,./', '1234qwer,./', '123QWEasdZXC', '1QAZ2wsx3EDC', '1QAZ2wsx', '100asp.com', '123456789', '1QAZxsw2', '1234aaaa', '1234qqqq', '1234zzzz', '1234abcd!@#$', '1@3$5^&8(0', '12!@34#$', '111111abc', '123987abc', '112233aabbcc', '1234@%^&*', '12345qwert', '1234567890)(*&^%$#@!', '123qwertyuiop', '123asdfghjkl', '123zxcvbnm', '123456zxcvbn', '123qwerasdfg', '123///', '1q2w3e,./', '1qaz@WSX3edc', '12123434', '12qwaszxcvbnm', '119118117', '1213141516', '123123412345123456', '110119114', '110120', '123456!@#', '123456789!@#', '1q2w3e4r5', '1q2w3e4r', '159357852', '112233', '1234567890', '111111', '123.0xx', '123!@#', '12345', '123$%^', '14789632', '1234qwerasdf', '1qaz13.14', '19831004', '123456!@#$%^', '159357456', '1234caonima', '19821210', '19770314', '19841229', '1234qwer', '123456a', '1QAZ', '1314520', '123!@#a', '123456qwerty', '11111111', '11223344', '1234abcd', '147258369', '1qazxsw23edc', '147741', '159753', '123321', '1122', '12345678', '1234tjysw', '19821109', '123lalala123', '123.0aa', '123457', '1a2b', '1a2b3c', '1a2b3c4d', '1a2b3c4d5e', '123456abc', '123987', '123654', '1231234', '1@3$', '1@3$5^', '1q2w3e4r5t6y7u', '123123', '1qaz@wsx', '123789', '121121121', '1234rewq', '1qazxsw23', '17game', '19790114', '19841128', '1234asdf', '19811020', '1a2s3d4f', '13.14.15', '142536', '110110', '120120', '114118', '113114', '18181818', '13141516', '19790609', '19810107', '131415161718', '147896325', '123456abcdef', '123123123', '123000', '168168', '123456qq', '12qwaszx', '1231236677', '1qaz2wsx3edc4rfv5tgb6yhn', '147852369', '1q1q1q', '102030', '131415', '101010', '1234qw', '1a2a3a', '1q2q3q', '100100', '135246', '112231', '111aaa', '111111a', '159357', '134679', '121121', '100200', '126126', '163163', '123456qwe', '1212123', '123abc', '12345abcde!@#$%', '123123!@#', '128314', '1+1=2Ma?', '163.com', '1272032118', '105744668', '13186060', '13725260184', '13710909033', '13958529955', '1qwer2asdf3zxcv', '13965828761.....', '12345!@#$%', '1234', '1111111', '1qazwap0579.cn', '1716264', '100360100', '1716426', '12234200', '13589#!youxi3', '13906270650', '1373662233885331053', '123', '1qaz2wsx', '1qaz2wsx3edc', '1@3$5^7*', '1q2w3e', '12', '11', '111', '1111', '11111', '2', '1314521', '16871687', '111222', '147258', '147147', '114477', '121212', '13141314', '131313', '159159', '123.0', '159.357', '12301230', '123.4xw', '11223', '12121212', '12121212a', '123a', '123123a', '1234a', '12369', '123789456', '12395', '1474', '111222333000', '1@1', '11@@33$$', '1234457', '111000', '1000', '123333', '1233333333', '1222222222', '111111111', '1q1q1w1e', '1212#$#$', '1230xd', '12345^&*(', '1q2w3e4r5t6y7u8i9o0p', '123.0fz', '12345^&*()6', '19790109xbljkd**', '1qaz2wsx3edc4rfv5tgb6yhn7ujm8ik,9ol.', '1qaz2wsx3edc4rfv5tgb6yhn7ujm8ik,', '1qaz2wsx3edc4rfv5tgb6yhn7ujm', '167server', '1q2w3e4e5t6y7u8i9o0p-[=]', '1qaz2wsx3edc4rfv5tgb', '100dns', '123$%^&', '1234%^&*(', '1234567890!@#$%^qaz', '1q2w3edd', '15975321', '19790105', '112838chi', '13588052714@fl', '111122zxc', '1231ofbbvod', '123456QWERTY', '12345QWERT', '110119', '110112', '112119', '112110', '119112', '119110', '1q2w3e4r5t6y7u8i9o0', '1q2w3e4r5t6y7u8i9o', '1q2w3e4r5t6y7u8i9', '1q2w3e4r5t6y7u8i', '1q2w3e4r5t6y7u8', '1q2w3e4r5t6y7', '1q2w3e4r5t6y', '1q2w3e4r5t6', '1q2w3e4r5t', '1q2w3e4', '1q2w3', '1qazxsw2', '1qazxsw', '1QAZ2WSX3EDC', '1QAZ2WSX', '123qweasdzxc', '123qweasd', '1qaz', '12QWASZX', '13579', '1234qwerasdfzxcv', '1234QWERASDFZXCV', '1qaz2wsx3edc4rfv', '1QAZ2WSX3EDC4RFV', '123QWEASDZXC', '123QWEASD', '1314888', '110110110', '119119119', '120120120', '112112112', '122122', '114114114', '114114', '119119', '110999', '1778899', '1212.', '123123aaa', '147', '1230', '123.', '13073785568', '100123', '163ns', '1983520!', '1983sfes!', '1983sfes520', '13598058604', '13721067417wyaping', '13721067417', '13721067417--**++', '13721067417wyaping--**++', '123123789', '123698745', '1,2,3,4,5,', '147258aaa', '147.258', '123654789', '15238290.@', '110', '155086769', '19851130s', '1+1=2', '13771391489', '165000146', '1!2@3#', '13729380272', '13554893561', '13502664117', '13850889944', '1984', '10jqka', '123456123456', '123456654321', '123698741', '12369874', '123!@#abc', '10000', '16665582abc', '111222333', '1qasw23edfr4', '111888', '19960112', '15231123qq', '12312355', '171452', '111123111/.,', '1633700', '12344321', '13873366181&*(', '1236547', '111555999', '115588', '158158', '12341234', '1234554321', '1234512345', '124578', '19851130', '19851130.', '163@zq163&', '123000xz', '1q2w3e$R%T^Y', '1234!@#$', '100819aa', '159@YD.COM', '123963', '1236987', '123.123', '19820124', '100200123', '1251314', '123456.0', '13862200547.', '13862200547', '1983', '123.456', '1986sfes520', '1ftp.net', '123zxcfgas', '123!@#345^&*', '19770717', '1395699635013956996350', '13549653477', '123752', '124918', '12e6f862', '123645', '13956996350', '123456', '123', '123123', '123321', '111111', '123456789', '1234567890', '1qaz2wsx', '123qwe', '1qa2ws', '1qa2ws3ed', '1qazxsw2', '12345678', '1234', '1234!@#$', '1234%^&*', '1399867338200', '19861217xxc', '123456a', '1314520', '159753', '159357', '112233', '1', '159753123', '123654', '123789', '168888', '123!@', '1888..', '123a', '1qaz2wsx3edc', '19891203', '138832xiaomin', '12345^&*()', '12345!@#$%', '1234%^&*', '12345^&*()', '123456', '1234567', '123!@#345^&*', '123456789', '1q2w3e4r5', '1q2w3e4r', '123', '159357852', '112233', '1234567890', '111111', '123.0xx', '123!@#', '12345', '123$%^', '14789632', '1234qwerasdf', '1qaz13.14', '19831004', '123456!@#$%^', '159357456', '1234caonima', '19821210', '19770314', '19841229', '1234qwer', '123456a', '1QAZ', '1314520', '123!@#a', '123456qwerty', '1qaz2wsx', '1qaz2wsx3edc', '11111111', '11223344', '1234abcd', '147258369', '1qazxsw23edc', '147741', '159753', '123321', '1122', '12345678', '1234tjysw', '19821109', '1a2b', '1a2b3c', '1a2b3c4d', '1a2b3c4d5e', '1@3$5^7*', '123456abc', '123987', '123lalala123', '123654', '1231234', '1@3$', '1@3$5^', '1q2w3e4r5t6y7u', '123123', '1qaz@wsx', '123789', '121121121', '1234rewq', '1qazxsw23', '17game', '19790114', '19841128', '1234asdf', '19811020', '1a2s3d4f', '13.14.15', '142536', '110110', '120120', '114118', '113114', '18181818', '13141516', '19790609', '19810107', '147896325', '123456abcdef', '123123123', '123000', '168168', '123456qq', '1q2w3e', '12qwaszx', '1231236677', '1qaz2wsx3edc4rfv5tgb6yhn', '147852369', '1q1q1q', '102030', '131415', '101010', '1234qw', '1a2a3a', '1q2q3q', '100100', '135246', '112231', '111aaa', '111111a', '159357', '134679', '121121', '100200', '126126', '163163', '123456qwe', '1212123', '123abc', '123123!@#', '1888..', '123a', '123!@#', '19900518whh', '147789', '123.0aa', '1111', '123tz123', '123456', '1314520', '12369', '123654', '123456789', '147258369', '1qaz2wsx3edc', '1qazxsw23edc', '1qaz@wsx', '1234%^&*', '12345^&*()', '123!@#', '1234qwer', '1234567890', '123456!@#', '163.com', '123654789', '147852369', '12369874', '123698745', '123123', '123321', '123', '150ipnet**((', '150ipnet**((', '1haofuwuqi!!z2390110', '123456', '123654', '111111', '123123', '13958529955', '167.167kk', '123qweasdzxc', '1234qwer', '1314520', '12345qwert', '110110jj', '1044559', '13611595682', '123ewqasdcxz', '123ewqasd', '100dns', '12345', '1234567', '1234%^&*', '12345!@#$%', '123$%^', '159.357', '1212#$#$', '12345^&*(', '12345678', '123456789', '1234567890', '1230xd', '12345678uyt', '1122', '159753', '123456qwerty', '123qwe', '12qwaszx', '1qaz2wsx3edc', '1qaz2wsx', '1qaz', '13983876005', '159159', '1598741', '1a2s3d', '1a2s3d4f', '1z2x3c', '1z2x3c4v', '12344578', '147258', '123445', '123445789', '1234457890', '1818gm', '1232961', '131420', '123445!@#', '123!@#$%^', '123445!@#$%^', '147852369', '1q1q1q', '1q1q1w1e', '123456qwertyasdfghzxcvbn', '12345qwertasdfgzxcvb', '1234qwerasdfzxcv', '1380138000', '114477114477', '123789', '163ns', '163ns.com', '10000', '1202091', '1234!@#$', '123456!@#', '123456!@#$%^', '1234567890!@#$%^&*()', '147896325', '121314', '123987', '159357', '1qazxsw23edc', '1a2s3d4f5g6h', '1qazxsw2', '1qazse4rfv', '147896321', '1a2b', '1a2b3c', '1a2b3c4d', '1a2b3c4d5e', '1234!@#$%^', '1234!@#$%', '123qaz', '112233qqwwee', '11223344qqwweerr', '1q@w3e', '12345123456', '1122112233', '11223311223344', '1qaz@wsx', '1q2w3e4r5t6y7u', '1q2w3e4r5t6y7u8i9o0p', '14789632', '1234asdf', '123456asdfgh', '123asd', '1z2x3c4v5b', '12569', '198447hqd', '138529', '1234abcd', '125651117bigshowlinkwww', '123456a', '13946460977', '13845458618', '13073785568', '104919812', '13663008570', '111', '12', '1234', '11', '1111', '11111', '1111111', '11111111', '147258369', '111222', '147147', '114477', '123123', '112233', '121212', '123321', '13141314', '131313', '1314888', '110110110', '119119119', '120120120', '112112112', '110110', '120120', '122122', '114114114', '114114', '110119', '119110', '119119', '110999', '1122334455', '11223344', '123123123', '147147147', '11221122', '1122112212345', '1234512345', '1212123', '12301230', '1234457', '111000', '1000', '123333', '1233333333', '1222222222', '16871687', '1111111111', '123abc', '168168', '1q2w3e', '123.0', '1q2w3e4r5t6y', '1q2w3e4r5t', '1231234', '1234123', '12312345', '123123456', '123412344', '123412345', '121233', '123456123456', '121234', '1472588', '1471477', '147741', '1q2w3e4r', '1_1_4322', '123445123445', '112233445566778899', '123445qwerty', '123445qwertyasdfghzxcvbn', '123123qweqwe', '123123qweasdzxcvbnm', '112233112233', '123,./', '1234,./', '163.com', '1!2@3#', '1!2@3#4$5%', '1qaz2wsx3edc4rfv5tgb6yhn7ujm', '1qaz2wsx3edc4rfv5tgb6yhn', '1qaz2wsx3edc4rfv5tgb', '1234457890!@#$%^&*()', '11zz22xx', '11zz22xx33cc', '125699', '1qa@ws', '1q@w#e$r', '1q@w#e$r%t', '1q@w#e$r%t^y', '1q@w#e$r%t^y&u', '1q@w#e$r%t^y&u*i', '1q@w#e$r%t^y&u*i(O', '1q@w#e$r%t^y&u*i(O)P', '1234567890!@#$%^qaz', '1=2-30495867', '1q2w3edd', '15975321', '1231234%^&%^&*', '123!@#', '1@3$5^7*', '1q@W3e$r', '1@1', '11@@33$$', '1a2s3d4f5g6h7j8k9l0;', '12121212', '1212', '1313', '1778899', '123978', '142536', '147.258', '1212.', '12369', '123123.0', '123.0123.0', '147', '1230', '123.', '123789.0', '123456789.0', '14948qnmd747474b', '12369874a', '123asd456asd', '123.0aa', '10086', '19qq', '14948qnmd74', '1qazxsw23edcvfr4', '123gzwfandi456', '100asp.com', '123!@#abc', '1234qwertyu', '1234asdfg123', '1234asdfg', '1qaz22wsx3edc', '12345678dir', '1qazxsw2@mxy', '13114501777', '1pxiaoli', '1qxiaoli', '13585859025', '12345^&*()', '19785523', '13579qetuo', '1212121212', '123456.', '13593031983', '12345678ky', '100200123', '1230!@#$', '1f7u2l4g7e8o844', '123.mama/bufu', '123wsx', '1234zaq', '12369a', '111123', '111123111', '111123111/.,', '123456654321', '1633700', '12345abcde', '123aodun', '163@zq163&', '122331', '1234567890123', '19781009', '15971600911', '19860725#MLXZ', '1472588564', '159175', '15967974077', '1stchina.com', '1stchina', '1stchina2008', '1qa2ws', '12341234', '1qazXSW@', '1qazxsw', '1qazxsw23', '1QAZ2WSX3EDC', '1QAZ2WSX', '12QWASZX', '1ftpnet123', '123456.0', '1qaz@WSX', '123645123645', '135207135207', '123890123890', '111111a', '1272032118', '111111111', '123$%^&', '1234%^&*(', '110112', '112119', '112110', '119112', '1q2w3e4r5t6y7u8i9o0', '1q2w3e4r5t6y7u8i9o', '1q2w3e4r5t6y7u8i9', '1q2w3e4r5t6y7u8i', '1q2w3e4r5t6y7u8', '1q2w3e4r5t6y7', '1q2w3e4r5t6', '1q2w3e4', '1q2w3', '13579', '115588', '158158', '1234554321', '123.123', '13956996350', '159123', '123469', '1234569', '1234562008', '13998589834dlcnc', '135207', '123890', '1234501', '1234^', '107107123456', '1717123456', '170170123', '170123', '1070123', '13968446546mei', '13968446546', '19790109xbljkd**', '167.167kk', '123qweasdzxc', '1234qwer', '1314520', '123456', '12345qwert', '110110jj', '1044559', '13611595682', '123ewqasdcxz', '123ewqasd', '100dns', '123', '12345', '1234567', '1234%^&*', '12345!@#$%', '123$%^', '159.357', '1212#$#$', '12345^&*(', '12345678', '123456789', '1234567890', '1230xd', '12345678uyt', '1122', '159753', '123456qwerty', '123qwe', '12qwaszx', '1qaz2wsx3edc', '1qaz2wsx', '1qaz', '13983876005', '159159', '1598741', '1a2s3d', '1a2s3d4f', '1z2x3c', '1z2x3c4v', '12344578', '147258', '123445', '123445789', '1234457890', '1818gm', '1232961', '131420', '123445!@#', '123!@#$%^', '123445!@#$%^', '147852369', '1q1q1q', '1q1q1w1e', '123456qwertyasdfghzxcvbn', '12345qwertasdfgzxcvb', '1234qwerasdfzxcv', '1380138000', '114477114477', '123654', '123789', '163ns', '163ns.com', '10000', '1202091', '1234!@#$', '123456!@#', '123456!@#$%^', '1234567890!@#$%^&*()', '147896325', '121314', '123987', '159357', '1qazxsw23edc', '1a2s3d4f5g6h', '1qazxsw2', '1qazse4rfv', '147896321', '1a2b', '1a2b3c', '1a2b3c4d', '1a2b3c4d5e', '1234!@#$%^', '1234!@#$%', '123qaz', '112233qqwwee', '11223344qqwweerr', '1q@w3e', '12345123456', '1122112233', '11223311223344', '1qaz@wsx', '1q2w3e4r5t6y7u', '1q2w3e4r5t6y7u8i9o0p', '14789632', '1234asdf', '123456asdfgh', '123asd', '1z2x3c4v5b', '123', '12569', '198447hqd', '138529', '1234abcd', '125651117bigshowlinkwww', '123456a', '13946460977', '13845458618', '123qweasdzxc', '1234qwer', '1314520', '123456', '12345qwert', '110110jj', '1044559', '13611595682', '123ewqasdcxz', '123ewqasd', '100dns', '13073785568', '104919812', '13663008570', '111', '123', '12345', '1234567', '1234%^&*', '12345!@#$%', '123$%^', '159.357', '1212#$#$', '12345^&*(', '12345678', '123456789', '1234567890', '1230xd', '12345678uyt', '12', '1234', '11', '1111', '11111', '1111111', '11111111', '111111', '1122', '159753', '123456qwerty', '123qwe', '12qwaszx', '1qaz2wsx3edc', '1qaz2wsx', '1qaz', '147258369', '111222', '147147', '114477', '123123', '112233', '121212', '123321', '13141314', '131313', '1314888', '110110110', '119119119', '120120120', '112112112', '110110', '120120', '122122', '114114114', '114114', '110119', '119110', '119119', '110999', '1122334455', '11223344', '123123123', '147147147', '11221122', '1122112212345', '1234512345', '1212123', '13983876005', '159159', '1598741', '1a2s3d', '1a2s3d4f', '1z2x3c', '1z2x3c4v', '12344578', '147258', '123445', '123445789', '1234457890', '1818gm', '1232961', '131420', '123445!@#', '123!@#$%^', '123445!@#$%^', '147852369', '12301230', '1234457', '111000', '1000', '123333', '1233333333', '1222222222', '16871687', '1111111111', '123abc', '168168', '1q2w3e', '123.0', '1q2w3e4r5t6y', '1q2w3e4r5t', '1231234', '1234123', '12312345', '123123456', '123412344', '123412345', '121233', '123456123456', '121234', '1472588', '1471477', '147741', '1q2w3e4r', '1q1q1q', '1q1q1w1e', '123456qwertyasdfghzxcvbn', '12345qwertasdfgzxcvb', '1234qwerasdfzxcv', '1380138000', '114477114477', '123654', '123789', '163ns', '163ns.com', '10000', '1234!@#$', '1_1_4322', '123445123445', '112233445566778899', '123445qwerty', '123445qwertyasdfghzxcvbn', '123123qweqwe', '123123qweasdzxcvbnm', '112233112233', '123,./', '1234,./', '163.com', '1!2@3#', '1!2@3#4$5%', '1qaz2wsx3edc4rfv5tgb6yhn7ujm', '1qaz2wsx3edc4rfv5tgb6yhn', '1qaz2wsx3edc4rfv5tgb', '1234457890!@#$%^&*()', '123456!@#', '123456!@#$%^', '1234567890!@#$%^&*()', '11zz22xx', '11zz22xx33cc', '125699', '1qa@ws', '1q@w#e$r', '1q@w#e$r%t', '1q@w#e$r%t^y', '1q@w#e$r%t^y&u', '1q@w#e$r%t^y&u*i', '1q@w#e$r%t^y&u*i(O', '1q@w#e$r%t^y&u*i(O)P', '1234567890!@#$%^qaz', '1=2-30495867', '1q2w3edd', '15975321', '1231234%^&%^&*', '147896325', '121314', '123987', '123!@#', '159357', '1qazxsw23edc', '1a2s3d4f5g6h', '1qazxsw2', '1qazse4rfv', '147896321', '1a2b', '1a2b3c', '1a2b3c4d', '1a2b3c4d5e', '1@3$5^7*', '1234!@#$%^', '1234!@#$%', '123qaz', '112233qqwwee', '11223344qqwweerr', '1q@w3e', '12345123456', '1122112233', '11223311223344', '1q@W3e$r', '1@1', '1qaz@wsx', '1q2w3e4r5t6y7u', '11@@33$$', '1q2w3e4r5t6y7u8i9o0p', '14789632', '1234asdf', '123456asdfgh', '123asd', '1z2x3c4v5b', '1a2s3d4f5g6h7j8k9l0;', '12', '123', '1234', '12345', '123456', '1234567', '12345678', '111', '111111', '11111111', '123123123', '123321', '121212', '12121212', '1212', '1313', '110110', '123456a', '123123', '12301230', '123', '123123123', '123123', '1qaz2wsx', '1qaz2wsx3edc', '123321', '112233', '1314520', '147258', '1qaz2wsx', '123123', '1778899', '1234', '12345', '123456', '123456789', '1234567890', '111222', '123321', '123.0', '', '', '', '12301230', '123', '123123123', '123123', '1qaz2wsx', '1qaz2wsx3edc', '123321', '112233', '1314520', '147258', '1qaz2wsx', '123123', '1778899', '1234', '12345', '123456', '123456789', '1234567890', '111222', '123321', '123.0', '', '', '', '123!@#abc', '111111@163.com', '123123..', '12332100', '1234%^&*', '123456', '1984', '123456..', '12345611', '123456789.0', '12345^&*()', '1234abcd,./', '12369', '123698745', '123qwe', '147896325', '1qazxsw2', '1888muidcie', '12345699', '1396200', '112113520g', '119.1709527xxx', '138688266', '123!zxc', '17153216', '17153259', '13832229384', '13806289111xczfabcabc', '111222qq', '11zz22xx', '168wenhaiyan', '136565371102aa', '11zz22xx33cc', '17153197', '1232600', '15190546190', '123321??', '159357uu', '13451156910', '1q2w3e4r5t@))(', '13765843289', '13590070131', '15988584403', '123$%^', '13819455201', '1QAZXSW2', '1QAZXSW23EDC', '1QAZ2WSX3EDC', '123QWE', '19810214zsd', '13786974398zx..', '123.com', '172@zsf@mlwq', '13654566018weige', '15861429653..', '194server', '15821840284', '13145210.ml', '11zz22xx', '13030877777', '123123aaa', '123456aaa', '19519513727775999djkk+-', '13607889799ike!!~', '13607889799ike', '13607889799', ""1qaz\\]'/s2d3f4g5"", '13828687897', '11zz22xx33cc', '1234!@#$', '125699', '13654566018weige', '112233', '123123', '123321', '123978', '142536', '123789', '147.258', '1212.', '11111', '14789632', '12369', '159753', '159357', '123123.0', '123.0123.0', '1', '111', '147', '1230', '123.0', '123.', '1122', '1234%^&*', '123789.0', '123456789.0', '14948qnmd747474b', '12369874a', '123asd456asd', '123.0aa', '10086', '19qq', '14948qnmd74', '1qazxsw23edcvfr4', '123gzwfandi456', '100asp.com', '123!@#abc', '12qwaszx', '1q2w3e4r5t6y7u', '1234qwertyu', '1234asdfg123', '1234asdfg', '123456you', '123qsz', '13656121304', '19890906', '123123aa', '123456..a', '123456aaa', '1984520', '123abcd', '13553555766', '15975938706', '13968446546mei', '13968446546', '19790109xbljkd**', '125699', '1qa@ws', '1q@w#e$r', '1q@w#e$r%t', '1q@w#e$r%t^y', '1q@w#e$r%t^y&u', '1q@w#e$r%t^y&u*i', '1q@w#e$r%t^y&u*i(O', '1q@w#e$r%t^y&u*i(O)P', '1234567890!@#$%^qaz', '1=2-30495867', '1q2w3edd', '111', '1111', '111111', '11111111', '12345', '15975321', '111222', '1231234%^&%^&*', '147147', '114477', '123456', '1234567', '12345678', '123456789', '1234567890', '147896325', '123321', '121314', '123789', '123987', '1234', '1314888', '121212', '110110', '1234512345', '123412345', '119110', '123!@#', '159357', '159753', '1q2w', '1231234', '1234123', '12312345', '123123456', '123412344', '159159', '147258369', '12345qwert', '12qwaszx', '123qwe', '123qweasdzxc', '12qwaszx', '1q2w3e', '1q2w3e4r', '1qaz', '1qaz2wsx', '1qaz2wsx3edc', '1qazxsw23edc', '1qaz2wsx3edc4rfv', '1qaz2wsx3edc4rfv5tgb', '1a2s3d4f5g6h', '1qazxsw2', '1q2w3e4r5t', '1qazse4rfv', '1!2@3#', '12345!@#$%', '11223344', '123456!@#$%^', '147896321', '147852369', '123456qwerty', '1a2b', '1a2b3c', '1a2b3c4d', '1a2b3c4d5e', '1@3$5^7*', '1q1q1w1e', '1q1q1q', '13983876005', '123.0', '1q2w3e4r', '1598741', '1q2w', '1q2w3e4r5t6y', '1314520', '1234%^&*', '12345678uyt', '1qazxsw23edc', '1234!@#$%^', '1234!@#$%', '123456qwerty', '12345qwert', '1234qwer', '123qwe', '123qweasdzxc', '12qwaszx', '1qaz2wsx3edc', '123qaz', '13141314', '131313', '1314888', '110110110', '119119119', '120120120', '112112112', '110110', '120120', '122122', '114114114', '114114', '110119', '119110', '110999', '1122334455', '11223344', '121212', '121234', '112233qqwwee', '11223344qqwweerr', '1q@w3e', '12345123456', '121233', '123456123456', '1122112233', '11223311223344', '1q@W3e$r', '1q2w3e4r5t6y7u8i9o0', '1q2w3e4r5t6y7u8i9o', '1q2w3e4r5t6y7u8i9', '1q2w3e4r5t6y7u8i', '1q2w3e4r5t6y7u8', '1q2w3e4r5t6y7', '1q2w3e4r5t6', '1q2w3e4', '1q2w3', '147147', '114477', '112233', '121212', '147147', '1472588', '147741', '1471477', '1122112212345', '123123123', '147147147', '11221122', '1@1', '1qaz@wsx', '1q2w3e4r5t6y7u', '123789', '1qaz2wsx3edc4rfv5tgb6yhn', '123!@#', '11@@33$$', '147258369', '1qaz2wsx3edc4rfv5tgb6yhn', '1234qwer', '123$%^', '1212#$#$', '1230xd', '12345^&*(', '1q2w3e4r5t6y7u8i9o0p', '123123', '112233', '121212', '13141314', '131313', '1314888', '14789632', '110110110', '119119119', '1a2s3d', '1a2s3d4f', '1234asdf', '123456asdfgh', '123asd', '1z2x3c', '1z2x3c4v', '1z2x3c4v5b', '13891434342', '1a2s3d4f5g6h7j8k9l0;', '120120120', '112112112', '110110', '120120', '122122', '114114114', '114114', '110119', '119110', '119119', '110999', '111111', '11111111', '135246', '135246789', '123456', '12345', '123456789', '1234567890', '0', '123qwe', '123qweasd', '123asd', '1qaz2wsx', '111111', '123123', '123321', '111', '12', '123', '123!@#', '123654', '123654789', '123654789!', '123go', '1314520', '133135136', '13572468', '19880118', '1992724', '1000', '102', '126', '1014', '1119', '1215', '1230', '1544', '1888', '1923', '1942', '1997', '10101', '1026', '1062972150', '112', '11379', '127', '13707', '1513134', '16161', '17009', '19490', '10001', '100094', '1005', '100533', '1006', '1010', '101010', '101012', '1011', '101106', '101223', '101244', '1013', '10130215', '10130216', '101325', '101476', '1015', '1016', '10173', '101847', '101887', '1019', '101978', '1020', '102030', '102125', '1022', '102218', '1023', '102400', '102478', '10248963', '1025', '1028', '1029', '1030', '1031', '103301', '103927', '10410500', '104126', '104153', '105401', '1069', '108108', '108164', '10882048', '108975', '109430', '10952', '10988422', '1101', '110102', '110110', '11021969', '110259', '1104', '110400', '110474', '1105', '110579', '1106', '110774', '1109', '111012', '1111', '11110', '11111', '1111111', '11111111', '1111117111', '111112', '111113', '111122', '111168', '11117791', '111222', '111275', '111314', '11139753', '1115', '111512', '111555', '111577', '1116', '111674', '1117', '111702', '1118', '111830', '11191006', '111999', '112000', '112081', '1121', '112121', '1122', '112205', '112211', '1122323', '112233', '11223344', '112265', '1123', '112310', '1124', '112403', '112411', '1125', '112654', '112688', '1127', '1127512', '112822', '1129', '112933', '112938', '1130', '11309220', '1133', '11336699', '114370', '1145766', '11614', '1164', '1166', '116729', '116xy518', '1179', '118013', '118118', '118340', '118925', '119524', '119614', '119900', '1201', '1203', '1204', '1205', '1206', '1207', '1208', '1208123', '1210', '121000', '121110', '1212', '12120928', '121212', '12121212', '121271', '1213', '12135', '121763', '121776', '1218', '121800', '1218712', '1220', '1221', '1222', '1223', '122333', '1224', '122400', '12240205', '122421', '12259976', '1226', '1226101', '1227', '12271', '1228', '122872', '1229', '1229102', '12300', '12300816', '123010', '1230403', '1231', '123131', '123132', '123175', '123178', '1233', '1234', '12343', '12344321', '1234567', '12345678', '12345678933', '12345687', '123459', '123491', '1234qwer', '12354', '123555', '12366', '123666', '123698', '123757', '123789', '12380571', '123873', '123987', '123abc', '123qqq', '123y45', '123zxcgogo', '124303', '124526', '12531253', '1262301', '1268', '127202', '127927', '128314', '128626', '129129', '129581', '1297', '13001270033', '130031', '1300321', '130116', '130125', '13012817123', '1303', '130313', '1313', '131313', '1314', '131415', '131420', '131421', '131431', '131445', '13221', '132333', '132435', '132603', '133107', '133221', '134326', '1349', '13501976064', '135135', '1354051206', '135642', '1357', '13570', '135724', '13578', '13579', '135790', '13601614162', '1360163', '13601807511', '136019', '13611828827', '1361185', '136128', '1361669', '136180', '13655', '136b', '13701720656', '13701790600', '13701845614', '1370192', '137024', '137233', '137303', '138-1940294', '13801705365', '1380195', '13805866477', '138355', '138918', '140499', '141119', '142234', '1425', '1429', '1438', '145513402', '145521', '147147', '147258', '147562', '147714', '1494', '149880', '150531', '150572', '151564', '152228', '15228', '152395', '152433', '155075', '1558', '15652', '158160', '159832', '1614119', '161616', '1616woo', '162888', '163101', '163163', '16511', '16608207', '167761', '1678', '168168', '168261', '168518', '168602', '1688', '168868', '1691002', '170512', '172090', '172263', '17409', '1741', '1766909', '1772603', '1782109', '180232', '18023906', '180300', '180371', '1807420', '1808420', '181121', '1812630', '181818', '1819', '182550', '184809', '1872', '187668', '188606', '191881', '1919', '191919', '19191919', '192725', '1932', '193316', '1935', '193877', '19423357', '19430816', '19444573', '194511', '194677', '194811', '1950han', '195577', '19577', '195866', '195882', '19591119', '19631989', '1963210', '196418', '196438', '196511', '196521', '1965814', '196588', '19680622', '19680918', '196825', '196893', '196900', '19690510', '19691023', '196912', '197088', '19710204', '19710716', '19711217', '19717408', '1972', '19720406', '19720606', '19721027', '19721120', '1972120', '19721205', '1972830', '1973', '197300', '197300#', '197305', '1973227', '197323', '197328', '197333', '1973412', '197354', '197371', '1974', '19740112', '19740114', '19740322', '19740802', '19741117', '19741119', '19741218', '19741220', '19741974', '197422', '1974329', '197433', '197436', '1974723', '197478', '1974820', '197496', '197497', '197499', '1975', '19750101', '19750124', '197502', '19750311', '19750518', '19750723', '19750906', '197510', '19751021', '19751110', '19751128', '1975114', '19751200', '19751201', '19751208', '19751214', '19751222', '197516', '1975227', '197531', '1975617', '197568', '197577', '197596', '1976', '19760304', '19760506', '19760626', '197608', '19760823', '197611', '19761119', '1976118', '197612', '197615', '197623', '197624', '197625', '1976415', '1976428', '1976518', '197655', '197668', '1976727', '197686', '1976mf', '1977', '19770105', '19770421', '19770622', '19770628', '19770805', '19770919', '197710', '19771021', '1977117', '197712', '19771222', '19771227', '19771231', '1977131', '197725', '197727', '1977329', '197754', '1977714', '197774', '1977828', '1978', '19780105', '19780207', '19780217', '197808', '19780927', '19780929', '19781123', '19781231', '197823', '197832', '197842', '1978618', '197864', '1978722', '1978812', '1978818', '197882', '1978830', '1978920', '1979', '19790125', '19790228', '19790301', '19790521', '19790705', '19790811', '19790827', '19790913', '19790915', '19791017', '19791028', '19791123', '19791217', '197919', '197922', '197925', '1979310', '197943', '19796260', '197979', '1979817', '197983', '1979924', '1979928', '1980', '19800105', '19800126', '198002', '19800309', '19800402', '19800712', '19800722', '19800807', '19801020', '19801120', '19801123', '19801124', '1980120', '19801208', '19801229', '198026', '1980317', '1980524', '1980818', '1980829', '198089', '1980923', '19810128', '19810212', '19810424', '19810506', '19810507', '19810516', '19810720', '19810916', '19811008', '19811015', '19811023', '19811128', '19811201', '19811215', '198115', '1981217', '198135', '1981522', '1981724', '1981913000', '1981915', '19820103', '19820529', '1982123', '198216', '198245', '1982618', '1982718', '198281', '1982926', '19830109', '19830814', '1983112', '1983118', '198318', '1983221', '198335', '1983427', '1983613', '198377', '198395', '19840315', '19840523', '19840617', '1984412love', '1985', '19860911', '1986115', '19873136', '1988', '198oo3o6', '1994412', '1995', '19970701', '199771', '19980221', '199876', '1998818', '1999', '19991120', '199949', '1999510', '1999831', '1a2s3d4f', '1qazza', '12341234', '15136805', '135792468', '1234567b', '1.23321E+12', '1357924680', '123321aa', '123456aaa', '1234567a', '100200300', '12345679', '12369874', '1122334455', '1.23457E+11', '12301230', '1234554321', '12345612', '123456asd', '10101010', '1q2w3e4r5t', '11235813', '12345600', '1.11111E+19', '123456987', '1qazxsw2', '1234abcd', '12345678a', '1123581321', '123698745', '147852369', '123456qq', '111222333', '11112222', '1.23456E+11', '123456aa', '123456789a', '123456123', '123321123', '110110110', '123456abc', '1q2w3e4r', '1111111111', '147258369', '111111111', '123123123', '181054675', '147ok', '159', '13533763454', '198728', '110', '110120', '1234054', '15565445', '1234560', '159357', '198793', '123168425', '1155', '1984913', '19821013', '112233qq', '1314521', '181339', '1.98706E+15', '1478523', '19880519', '1987', '19860907', '13108947', '198866', '169169', '19890505', '11', '13883104727', '1234568', '19891207', '1313x', '13578102', '1816', '11100200', '191918899', '159951', '12596977', '113715095', '1025626999', '192130', '157953', '1792860', '1987127f', '1100', '107263142', '1230123', '198661', '1988419', '1989705', '15963931431', '198344', '132303302', '19831220', '121314', '19891023', '1084374phy', '185768970', '147', '19890326', '1413', '13', '120220220', '123369', '123110', '1478544', '1991', '123046A', '19930126', '1986', '19452761', '1993812', '178168', '123156', '19860815', '1844', '13149276', '121051308', '1234242424', '131524', '19871217', '1235', '1212121', '102235020', '19881006', '198787', '10143609', '19820809', '147852', '198076', '1984929', '13311', '13822642918', '12346789', '115599', '1989', '1525449', '19830702', '11i1', '1020300', '1523..', '19851123', '10', '10000', '10sne1', '114', '119', '120', '1225', '14430', '168', '1701d', '1928', '1951', '1a2b3c', '1p2o3i', '1q2w3e', '1qw23e', '1sanjose', '191999618', '101', '123456.com', '123321', '123123', '147258369', '19885510', '1234/add', '159357', '159357asdf', '18003888446', '123456gg', '11111', '111111', '123', '123456', '123456654321', '123qwe', '123qwer', '1qaz2wsx', '1qaz', '159753', '147369', '1234567', '1q2w3e', '123654', '123.123', '123.456', '147.741', '123.321', '14361256malin', '19920929', '14361256malin.,', '199099', '123322', '158', '198787', '123asd', '12345678', '1', '1314520', '123987', '1122', '147852', '1234%^&*', '123!@#', '123456!@#', '1234!@#$', '12345!@#$%', '12345^&*()', '1234abcd', '1q2w3e4r', '1q2w3e4r5t', '123000', '123/*-', '1yangyang', '123666', '123999', '123999aaa', '19791203', '19820501', '19780828', '13876571293', '19810402', '126sexnetniu.cn', '123456!@#$%^', '125587719', '19900313', '1888muidcie', '1qaz3edc5tgb', '13572468', '123QAZWSXEDC', '11221123', '123qwe!@#', '1qa2ws3ed', '1qa2ws3ed4rf', '1q2w1q2w', '1259442@qq.com', '100asp.kuruan', '1288859', '123456abc!@#', '1988925', '144bjhtkz', '123456789q', '19890903', '123!@#abc', '111111@163.com', '12332100', '1984', '123456..', '12345611', '123456789.0', '1234abcd,./', '123698745', '147896325', '1qazxsw2', '1qaz2wsx3edc', '123.0', '12345699', '1396200', '112113520g', '119.1709527xxx', '123138430hy', '123456aaa...', '123-789hy', '147963zxc', '123qwe,./', '100dns999888', '19891012', '159357456', '19851213', '1qaz4rfv7ujm', '1qaz2wsx5tgb', '123123123', '123.com', '197891', '13636434451', '13636434451zzy', '123!@#abcABC', '19730524', '19850222', '123123456', '126sex', '123123..', '12369', '123654aa', '123456aa', '14789', '139900731', '18711391111', '123456', '123456a', '19885510', '123asdasd', '123asdasd', '1q2w3e,./?><', '123.789+', '123asdasd', '13920225257', '1qaz@wsx#edc', '13527380230', '122.224', '123456!@#$%^', '123.789+', '189532210113', '123654...', '123.123', '123.789+', '123qwe!@#', '159357', '123654.com', '111111', '111', '111qqq...', '123456', '111qqq!!!', '1236', '123123', '123321', '1231321', '1235698', '112233', '111222', '1010', '111qqq', '1234%^&*', '12345^&*()', '123456', '1234567', '123!@#', '123456!@#', '10000', '123!@#', '1234!@#$', '11185', '12345!@#$%', '123#@!', '19861212', '19831212', '19841020', '12345^&*()', '1122', '111222', '1234abcd', '1q2w3e4r', '1236', '1q2w3e4r5t', '111aaa', '123aaa', '123a', '123456a', '123112233', '123111', '123000', '1230..', '123456789', '123456qwe', '123qwe', '12345qwert', '123ewq', '1qazxsw2', '12qwaszx', '1234rewq', '123456.com', '19885510', '123asdasd', '123asdasd', '1q2w3e,./?><', '123.789+', '123asdasd', '13920225257', '1qaz@wsx#edc', '13527380230', '122.224', '123456!@#$%^', '123.789+', '189532210113', '123456789', '123456', '1234567890', '123456a', '123456789a', '147258369', '12345678910', '123456789.', '123456abc', '1233211234567', '123123123', '123456.', '135792468', '12345678900', '1111111111111111', '111111', '1314520520', '1234567891', '1472583690', '1357924680', '123456789abc', '1234567899', '123456789q', '123abc', '123456qq', '123456789qq', '1111111111', '111111111', '1234567891234567', '123456..', '1234554321', '123456q', '123456aa', '110120119', '123698745', '123123', '123456789..', '123456asd', '10086', '123456a', '123a', '123456', '123', '123321', '123123', '10734', '114620', '12345', '1234567', '1234%^&*', '12345!@#$%', '123$%^', '159.357', '1212#$#$', '12345^&*(', '12345678', '123456789', '1234567890', '1230xd', '12345678uyt', '123$%^', '12', '123', '1234', '11', '1111', '11111', '1111111', '11111111', '111111', '111', '1122', '11', '159753', '123456qwerty', '12345qwert', '1234qwer', '123qwe', '123qweasdzxc', '12qwaszx', '1qaz2wsx3edc', '1qaz2wsx', '1qaz', '147258369', '1314520', '111222', '147147', '114477', '123123', '112233', '121212', '123321', '13141314', '131313', '1314888', '110110110', '119119119', '120120120', '112112112', '110110', '120120', '122122', '114114114', '114114', '110119', '119110', '119119', '110999', '1122334455', '11223344', '123123123', '147147147', '11221122', '1122112212345', '1234512345', '159753', '1122', '1212123', '121212', '147147', '13983876005', '159159', '1598741', '1q2w', '1q2w3e4r5t6y', '1q2w3e4r5t', '1231234', '1234123', '12312345', '123123456', '123412344', '123412345', '121233', '123456123456', '121212', '121234', '1472588', '1471477', '147741', '1q2w3e4r', '1202091', '1q2w', '1q2w3e4r5t6y', '123456qwerty', '12345qwert', '1234qwer', '123qwe', '123abc', '147369', '1234qwerasdfzxcv', '123', '123456', '2', 'a'],
'2',['2323456', '235689', '21vianet', '223223', '2819327oyxh', '20080728wangycs.cn', '21nic.cn', '21nic', '222', '2008', '2486', '2008', '2007', '222222', '2008yosun', '222555888', '28Q+337', '2345wert', '23wesd', '234wer', '23453456', '2w2w3e3e', '2003windows', '20032003', '22@@33$$', '2003server', '212121', '20082008', '2008', '23wesdxc', '258258', '258369', '23741221', '20081qaz2wsx', '2342345', '2001', '234561', '22334455', '266266', '234234', '2wsx1qaz!', '26idc.com', '2009sf123', '21vianet', '21vianet.com', '20080710', '2222222', '22222222', '20080714', '22', '222', '2222', '22222', '222222', '3', '2007', '2006', '222333', '225588', '2290203', '2005', '2004', '2000', '222222222', '218.75/*-+', '29tk80d3bkztqn', '21cwww', '281749761', '220606', '215.320,./', '21', '21.0', '210', '215.320', '23[pkrjoahusdhassdada', '258', '2233', '2211', '2587758', '21idc', '21idc.com.cn', '20080808888', '2008080888', '200808088', '2008088', '2008aaa', '2169991aaa', '2803290', '2803292', '2800370', '2800370', '252525', '2wsxzaq1', '2008vps', '236001', '2614958000', '200807221519', '2dyxgm', '2dyxgm.com123', '2dyxgm.com', '2255', '263@BJ.COM', '258369aaa', '226155', '235689', '2wsxcde3', '200807151430', '201511', '28641469', '258258', '2009idc', '2345wert', '23wesd', '234wer', '2003server', '212121', '20082008', '2008', '23wesdxc', '258258', '258369', '23741221', '20081qaz2wsx', '2342345', '2001', '234561', '22334455', '266266', '234234', '2wsx1qaz!', '2046idc', '222222', '2803290', '2011190', '2003', '2001', '2008', '201234.com', '201234', '21idc', '21idc.com', '2008uc', '215.320,./88', '215.320', '222', '2233', '252525', '2000server', '2003server', '20082008', '2654321^%$#@!', '2600', '2222222222', '22', '22222', '3', '223344', '2342345', '234wersdfxcv', '23456werty', '23wesdxc', '2345wert', '234523456', '2chinacomcn', '2CHINACOMCN', '267033687', '22334455', '222333', '258258', '225588', '258258258', '22332233', '2525252525', '25252525', '2323234', '232323', '2007', '2006', '2005', '2004', '2000', '2222', '2222222', '22222222', '2006mir', '2007mir', '2002', '222333444', '23wesd', '234wer', '2wsxcde3', '258', '2211', '2008shanghai', '2191292', '215.320,./', '21368231', '2008idc', '2008chinaidc', '2008china', '2008@))*', '2008yosun', '21vianet.com', '21vianet', '21vianet2008', '2614958000', '21idc.com.cn', '227258', '2008888', '25idc47', '21windows.com', '21windows', '21windows2008', '22822811', '20031109', '26idc.com', '222222222', '2750854', '20082008,.', '2011190', '2003', '2001', '2008', '201234.com', '201234', '21idc', '21idc.com', '2008uc', '215.320,./88', '215.320', '222', '2233', '252525', '2000server', '2003server', '20082008', '2654321^%$#@!', '2600', '2222222222', '22', '22222', '3', '223344', '2342345', '234wersdfxcv', '23456werty', '23wesdxc', '2345wert', '234523456', '2chinacomcn', '2CHINACOMCN', '2003', '2001', '2008', '201234.com', '201234', '21idc', '21idc.com', '2008uc', '267033687', '215.320,./88', '215.320', '222222', '222', '2233', '252525', '22334455', '222333', '258258', '225588', '258258258', '22332233', '2525252525', '25252525', '2323234', '232323', '2000server', '2003server', '20082008', '2654321^%$#@!', '2007', '2006', '2005', '2004', '2000', '2222', '2222222', '22222222', '2006mir', '2007mir', '2002', '222333444', '223344', '2342345', '234wersdfxcv', '23456werty', '23wesdxc', '2345wert', '23wesd', '234wer', '234523456', '2wsxcde3', '21nic.cn', '21nic', '20092009', '20102010', '21vianet', '21vianet.com', '286538530', '275643099', '21idc.com.cn', '21idc.net', '258369dong!@#$', '20090217wanwqing', '22822881', '20030249', '20090121asd', '20030249', '2008idc', '2008chinaidc', '2008china', '22222', '222', '258', '2233', '2211', '2008shanghai', '2008tianya', '2i1AActBB8Sjackajm', '21vianet', '2750854', '20082008,.', '2009idc', '222333', '222333444', '258258', '223344', '2342345', '258258', '222222', '234wersdfxcv', '23456werty', '23wesdxc', '2345wert', '23wesd', '234wer', '20082008', '2008', '2000server', '2003server', '22332233', '22334455', '2342345', '234523456', '258258', '225588', '225588', '258258258', '22332233', '2wsxcde3', '2001', '225588', '225588', '2247466', '2618872..', '23309', '2001', '20080808', '226', '2350', '2822', '20202', '2021971', '205', '20618', '20900', '2101002', '21177', '213', '21300', '214', '217', '21975', '22188', '227', '227118', '228', '23000', '23110', '236910', '25603', '270861', '2000', '20000101', '200020', '2000510', '200081', '200085', '200088', '200094', '2000u571', '20011', '200291', '2003', '200438', '200540', '200795', '2009', '2010', '201307', '201314', '2013142', '201615', '201633', '201888', '202145', '202660', '202775', '203515', '2050', '2052040', '206238', '20731', '2085038', '2089', '2100515', '210117', '2102089', '2103', '21072500', '2108', '210boy', '211211', '21127006', '211314', '21211417', '212307', '212322', '21400', '2144', '214789', '215052', '215976', '2160', '216101', '2163', '2167', '216709', '217121', '217758', '21822', '2186', '218630', '219711', '219812', '2200362', '220737', '22099', '221197', '221206', '221217', '221221', '221251', '2214', '221722', '222192', '2222', '22222', '222222', '2222222', '22222222', '22227509', '2224884', '222588', '223005', '223200', '223223', '22327', '223344', '223349', '22339', '223589', '223616', '2245910', '2246868', '225113', '2253533', '225477', '2257995', '2262', '2262558', '226500', '2282662', '228359', '228588', '2288', '2289', '22904600', '229359', '229376', '230235', '230711', '230933', '23103', '23181615', '232061', '2323', '2324079', '2325597', '234007', '23417', '234234', '23454', '23456', '23506810', '2355603', '23572357', '235756', '237869', '238888', '239026', '240000', '2400333', '2403334', '2410', '241325', '243663', '244517', '245245', '245401', '2457450', '2478664', '24857602', '248634', '2489', '24t1t101', '25020', '250417', '251013', '25118', '251314', '2525', '253812', '253839', '258000', '2582916', '2585710', '2587758', '2589758', '25910', '26013', '2607', '2610', '261027', '261200', '2613', '2613064', '2628', '263668', '264310', '26433832', '26499', '264994', '265333', '267496', '271250', '271525', '273433', '2744360', '275275275', '2756', '27929', '2827788', '2828561', '2829', '283300', '285900ppp', '2868835', '2875', '288126', '2891915', '289298', '2906', '2912921', '292231', '292344', '29396', '294003', '29401', '294919', '295029', '299001', '299792458', '20082008', '25257758', '2.04298E+26', '211641', '2595245', '211382', '25350795', '24657910', '258258', '258369', '200898255', '2008', '2031500', '2531210', '221089', '2866050', '2732780', '2121515', '200999', '2030346', '289765', '21332219', '2670574', '2.34373E+11', '289791332', '2191292', '262549250', '246', '249', '2112', '21122112', '2welcome', '2570031', '258789', '2011', '258.852', '2008sxIDC@))*', '201120112011', '2646998', '2100idc.com', '22081000', '2wsx4rfv6yhn', '26idc.com', '263idc.net', '263idc', '2010-idc.cn', '21vianet@123', '21vianet!@#', '212210', '212230', '21cn.com', '21idc.com', '21nic.cn', '20092009', '20102010', '21vianet', '21vianet.com', '2010idc', '2009idc', '20890#wgw6128$2012', '2316423zq', '2006123456', '2007123456', '2008123456', '2009123456', '2010123456', '21nic', '2010idc2010', '2011idc2011', '2011admin', '21vianet!@#', '2323456', '235689', '21vianet', '215.320,./88', '215.320', '222222', '222', '2233', '252525', '22334455', '222333', '258258', '225588', '225588', '22334455', '258258258', '22332233', '2525252525', '25252525', '252525', '2233', '2323234', '232323', '2000server', '2003server', '20082008', '2008', '258258', '2010'],
'3',['321', '336699', '321123', '326598', '3H8IDC!!#', '3H8IDC72sanhe000', '3H8IDC!!#', '395835961', '3203672', '365obsserver!', '35inder', '3126%%@(', '321654', '32995800..', '333', '333111', '3860745234', '333333', '3435caonima', '321ewq', '333666999', '333555777', '333444555', '369913836', '345ertdfg', '345#$%^', '343434', '369147852', '369369', '321!@#', '345ertdfgcvb', '3456erty', '33893389', '3312146', '369258147', '35interxcidc', '35inter', '336699', '3453456', '3abe74', '334421', '32251058', '3$%xicshengjun', '307314893', '3333333', '33333333', '334658188188211', '357620111', '30965306', '321321', '360360', '321', '33', '333', '3333', '33333', '333333', '4', '31415926', '333444', '357951', '325wuyiai', '333333333', '3youpc7461306hetiemingzqingy~!#%&(hzshfwq', '372874771', '310103kelly333580232', '3.1415926', '321.0', '3210', '357357', '332211', '369258', '383838', '321123', '357159', '369', '3210.', '369.', '3322', '33033', '30277432', '3819126', '3821123', '321654987', '3pfdy', '35interidc', '3344', '314076392', '369++', '35idc.cn', '320!@#!@#', '333666999', '321741', '333222111', '333555777', '3pfdy-21idc', '3268523', '3345678', '3345678/.,', '345ertdfg', '369147852', '369369', '345ertdfgcvb', '3456erty', '33893389', '343434', '3312146', '369258147', '35interxcidc', '35inter', '336699', '3453456', '3abe74', '334421', '360360', '369258', '333333', '3456.hk', '3344######', '345077109', '3tvps', '35inter888', '35inter666', '35inter777', '35inter808', '35inter555', '35inter444', '35inter333', '35inter222', '35inter111', '35inter4444', '35interxiaoou', '35inter006', '35inter008', '35interxcidc', '35interidc', '33893389', '343434', '333', '3344', '33443344', '357357', '357951', '35inter', '33gg', '33gg172', '340193285', '336699336699', '35idc', '3333333333', '33', '3333', '33333', '6', '3453456', '321321', '345ertdfg', '321!@#', '34563456', '31w.cn', '3369496', '35intershantou', '35interhuizhou', '35inter518admin', '35inter.com', '333444', '369369', '336699', '383838', '3838', '369369369', '3434345', '332211', '321', '369258147', '31415926', '321123', '333444555', '345ertdfgcvb', '3456erty', '3edc2wsx1qaz', '3e2w1q', '357159', '369', '3210.', '369.', '3322', '3126%%@(', '33261418zuojing', '35884712', '321ewq', '320!@#!@#', '333111', '35interadmin', '35china', '35chinaidc', '35china.com', '32251058', '3333333', '33333333', '333333333', '321.0', '31315555', '3youpc7461306hetiemingzqingy~!#%&(hzshfwq', '3456.hk', '3344######', '345077109', '3tvps', '35inter888', '35inter666', '35inter777', '35inter808', '35inter555', '35inter444', '35inter333', '35inter222', '35inter111', '35inter4444', '35interxiaoou', '35inter006', '35inter008', '35interxcidc', '35interidc', '33893389', '343434', '333', '3344', '33443344', '357357', '357951', '35inter', '33gg', '33gg172', '340193285', '336699336699', '35idc', '3333333333', '33', '3333', '33333', '6', '3453456', '321321', '345ertdfg', '321!@#', '34563456', '31w.cn', '3369496', '3456.hk', '3344######', '345077109', '3tvps', '35inter888', '35inter666', '35inter777', '35inter808', '35inter555', '35inter444', '35inter333', '35inter222', '35inter111', '35inter4444', '35interxiaoou', '35inter006', '35inter008', '35intershantou', '35interhuizhou', '35inter518admin', '35inter.com', '35interxcidc', '35interidc', '33893389', '343434', '1', '333333', '333', '3344', '33443344', '333444', '369369', '336699', '383838', '3838', '369369369', '3434345', '332211', '357357', '357951', '35inter', '33gg', '33gg172', '340193285', '321', '369258147', '31415926', '321123', '336699336699', '35idc', '333444555', '3453456', '321321', '345ertdfg', '345ertdfgcvb', '3456erty', '3edc2wsx1qaz', '3e2w1q', '321!@#', '34563456', '321321', '321', '336699', '357951', '321', '336699', '357951', '3sina2009', '3.1415926', '335511', '3438800', '3sina2009', '39idc.com', '3sina.net', '33ip.com', '321456', '38712s', '3236428qikaii', '3dmgame0day', '31661818^^**', '33883388661111', '3325363', '398688813zz', '336699', '321123', '33333', '357159', '357951', '333', '321', '369', '3210.', '369.', '3322', '321321', '332211', '3126%%@(', '33261418zuojing', '321542860', '358155', '3799966GWERGHRTE', '3632926cjwm', '369147/*-+', '321qwe321', '379157347', '3youpc7461306hetiemingzqingy~!#%&(hzshfwq', '333444', '333444555', '369369', '3453456', '321321', '369369369', '333333', '345ertdfg', '345ertdfgcvb', '3456erty', '33893389', '343434', '3edc2wsx1qaz', '357951', '369369369', '3e2w1q', '33443344', '336699', '321!@#', '3838', '3453456', '34563456', '369369', '336699', '336699', '321123', '369369369', '33443344', '336699', '336699', '3988122', '383838', '3452510', '360', '360sb', '376186027', '3est', '311', '3138', '301', '30289', '305', '31079', '31164', '313', '315', '31528', '319', '323126', '327', '328', '339520889', '3516043731', '39077', '3.14159', '300034', '30019', '3015', '301828', '302534', '3047357', '306840', '307668', '3077', '308115', '308318', '310107', '3.10E+14', '3.10E+11', '310111', '310113', '310113084', '310227', '3106081', '3108', '311381', '311922', '312394', '312402', '3130', '313131', '313348', '313726', '3137278', '3138375', '3141', '3.14E+12', '31415926', '3147', '3151815', '315495', '316105', '316318', '316984', '3171536', '317513', '318017', '318295', '318300', '31887', '319108', '319683', '3.20E+14', '3202660', '320402', '3204211', '320503821101oob', '32103210', '3211314', '321300', '321321', '321420', '32167', '322167', '3223283', '322530', '322785', '3229683', '323565', '3241156', '3242153', '324286', '3243067', '3245064', '3251093', '325363', '326067', '326526', '32767', '328117', '3297219', '330203', '330330', '330476', '330726', '3310077', '3312596', '331807', '332195', '332211', '332580', '3333', '33333', '333333', '333355', '333520', '33355555', '333888', '334130', '3344520', '335053', '33521', '3357', '335778', '335908', '336009', '3367', '3367150', '336888', '337258', '3377', '338680', '3388963', '339575', '3407', '34073407', '3408311', '3423', '34250359', '342623', '343434', '3435265', '343gat', '3450381', '34567', '3457503', '346900', '350984', '3521985', '3523168', '352354', '3528088', '3534119', '354648', '356381', '357835', '3584', '360217', '36041511', '3610791', '3613121', '361800', '3619', '3625238', '3654397', '365799', '368223', '3687', '369521', '3697775', '369791', '3698209', '3699', '3699002', '370624', '371230', '372011', '372153', '372228', '3726', '3727001', '3731895', '37324601', '374373', '376767', '377227', '3776', '3780', '3782450', '3793933', '379666', '382135', '382789', '383838', '383855', '385510', '385670', '386502', '38667', '386753yy', '388273', '390000', '3901698', '39426', '394576', '39611327', '398203', '3est', '369369369', '321654987', '369258147', '321321321', '3.1415926', '33333333', '327423341', '387617', '393830408', '3923965', '359361', '357238826', '35700469', '3344179000', '33261170', '3044270', '362412642', '321213', '3166126', '3.50583E+17', '369072052', '339065978', '370118182', '361', '327304854', '332242', '326257351', '341027', '3318010', '312141035', '3389', '326', '304394405', '3..', '3344258', '3602013', '364563345', '315520', '321tenok', '3615189', '342120154', '369369', '321', '3210', '369', '3996482', '328439222', '3981024611', '369258147', '321', '336699', '369.963', '360495003', '321123', '369/**-', '3tvps.com', '3edc5tgb7ujm', '365idc.com', '3ann35', '3sina2009', '3.1415926', '335511', '35inter', '35inter.com', '3edc6yhn9ol.', '3PU?7I7KKT(?*5', '3HIDC!!#', '3H8IDC72sanhe000', '395835961', '3203672', '365obsserver!', '336699', '321123', '326598', '3H8IDC!!#', '3H8IDC72sanhe000', '3H8IDC!!#', '395835961', '3203672', '365obsserver!', '3h8123', '383740', '3h8', '3hiis', '33893389', '343434', '1', '333333', '333', '3344', '33443344', '333444', '369369', '336699', '336699', '383838', '3838', '369369369', '33443344', '3344', '3434345', '343434', '332211', '357357', '357951', '357951', '321123', '3edcvfr4', '3edc4rfv'],
'4',['4.2bsd', '4.3bsd', '4077mash', '42bsd', '43bsd', '4867086', '456123', '4rf7uj3ed8ik', '4234', '4123', '456852', '456258', '444555666', '456321', '456987', '4862', '444444', '4546caonima', '444555666', '41940459', '4321qwer', '456$%^', '454545', '456123', '445566', '4564567', '405060', '469593212', '4444444', '44444444', '456654', '44', '444', '44444', '444444', '5', '444555', '456456', '456789', '48700464', '4r5t', '456987', '444444444', '461aed6a900a421', '4321', '4444', '4321.0', '43210', '441177', '438438', '456852asd!@#1230', '415263', '475869', '456', '4455', '456123.0', '400idc', '44524524haosf', '456852', '456789789456', '456321', '444555666', '44524524taobao', '42kkkl003klmmm', '4445648', '445566', '456987', '456123', '454545', '445566', '4564567', '405060', '444444', '49+7770', '497770', '41372574292048', '4r5t6y', '4r5t6y7u', '444', '454545', '44554455', '4444', '491825437', '456987', '400idc', '4444444444', '44556677', '4564567', '456321', '8', '4r3e2w1q', '4321$#@!', '4esz', '4esz5rdx6tfc', '444555', '456456', '445566', '456789', '438438', '438748', '456456456', '4455', '456123', '404435989', '4127713', '444555666', '45678456789', '4rfv3edc2wsx1qaz', '415263', '475869', '456654', '44444', '456', '456.0', '47896', '44524524haosfwl', '44524524', '44524524haosf', '456852', '456258', '456789.0', '456456.0', '456123.0', '456789789456', '4444444', '44444444', '444444444', '4321', '441177', '49+7770', '497770', '41372574292048', '4r5t6y', '4r5t6y7u', '444', '454545', '44554455', '4444', '491825437', '456987', '400idc', '4444444444', '44556677', '4564567', '456321', '8', '4r3e2w1q', '4321$#@!', '4esz', '4esz5rdx6tfc', '444444', '44554455', '4444', '444555', '456456', '445566', '456789', '438438', '438748', '456456456', '4455', '491825437', '456987', '456123', '400idc', '404435989', '4127713', '444555666', '44556677', '4564567', '45678456789', '456321', '8', '4rfv3edc2wsx1qaz', '4r3e2w1q', '4321$#@!', '4esz', '4esz5rdx6tfc', '456456', '456123', '456789', '456123', '456789', '414414', '4jjxbokaidsmmdnnbfridge#@!', '429679800', '456789', '415263', '475869', '456654', '44444', '444', '456', '456.0', '4455', '47896', '444555', '444555666', '445566', '44556677', '4564567', '45678456789', '44554455', '445566', '456789', '456123', '456321', '444444', '4444', '8', '454545', '4rfv3edc2wsx1qaz', '4444', '4r3e2w1q', '456789', '438438', '456456', '445566', '4321$#@!', '456456456', '44554455', '4r5t', '456456', '445566', '456789', '4esz', '4esz5rdx6tfc', '438438', '497770', '45189946', '4816535', '4lert', '4ngel', '423', '427', '407', '41130', '41898', '420', '421', '425', '4260518', '429', '443', '47387', '400214', '401114', '4017336', '402313', '402790', '4029', '403114', '403705', '40502', '40705177', '408806', '409152', '40917306', '410303', '410891', '410901', '4110428', '411937', '413504', '414121', '414324', '414718', '414812', '417814', '417857', '418124', '4196108', '42214221', '422422', '424777', '424888', '425400', '42577719', '426426', '4265', '42677', '4290', '430111', '430301', '431122', '431319', '4321', '43215678', '433263', '434000', '4363770', '436670zj', '437351', '439114', '4401962', '441202', '441206', '441507', '44170', '441925', '4444', '444444', '4452542', '448448', '4489207', '4497717', '4501809', '452091', '452301', '4545', '454978', '4555', '455934', '456654', '45676', '456chen', '457315', '458158', '458791', '45986', '461139', '461461', '461511', '4623384', '463108', '4659385', '4660503', '4689335', '47011', '47138', '4724136', '473880', '476408', '477577', '47840', '47880624', '479280', '479424', '481612', '4888', '4891400', '489660', '491111', '495089', '496111', '496464', '456655', '44444444', '43214321', '45854832', '4812293', '490044aa', '406259230', '456789', '4302595', '440982', '45280', '459955598', '4187546', '45674321', '46150713', '4836', '421032654', '415268', '447964', '4611902', '453634301', '4810809', '4613605', '4631193', '415', '44340222', '4939045918', '425613', '4691250', '44444', '4runner', '4731505', '456456', '40062658133', '4255', '456123', '4006266224', '460230', '4006268199', '4832065', '414414', '44dx.2009!@#', '400-618-1165', '4006181165', '400-723-6688', '4007236868', '4006-744-060', '4867086', '456123', '4r5t', '4r5t6y', '4r5t6y7u', '444444', '444', '454545', '44554455', '4444', '444555', '456456', '445566', '456789', '438438', '438748', '456456456', '44554455', '44554455', '4455', '454545'],
'5',['5656789', '513tyml.com', '550387', '56192727', '520', '5201314', '5211314', '5599', '555555', '5588', '59.cn666', '567%^&', '521521', '521!@#', '521123456', '521520', '520520520', '520520', '5201314', '556677', '5566', '512510', '5040860!@#', '555555', '5201314789', '5tgb6yhn7ujm', '505505', '555666', '5a6a7a', '565656', '5088047', '5040860', '56.com', '51.com', '53dns.com', '59852217wangwei...', '5331395.....', '5555555', '55555555', '5868888', '521', '555444', '543123456', '573911119', '55', '555', '5555', '55555', '6', '520', '54321', '5683', '5720208', '5039', '555555555', '52063.', '5t3e3e', '59412194', '5903910', '54321.0', '543210', '552288', '561166', '527716314', '5810sfes520', '5616352', '56163525616352', '5617352', '56789', '5201314haosf', '5t6y7u8i', '5i43^$5oudsfdwu', '59.com', '5915890xuke', '51651561', '51vip.com', '52441314', '556623', '52771314', '522388195', '59.cn666', '520199', '521314', '528888', '52888', '520888', '520168', '5208888', '509web*102', '56301', '521086+-*6', '521086+-*', '520520520', '520520', '5201314', '556677', '5566', '5088047', '5040860!@#', '555555', '5201314789', '5tgb6yhn7ujm', '505505', '555666', '5a6a7a', '565656', '5040860', '58253652lj', '555555', '583054337***', '583054337*', '56923', '567833', '530@163.com', '51laajiang', '555', '5566', '5656', '55555', '5661086', '54321', '5757124c', '561534501', '555888', '5555588888', '55558888', '521521521', '52xxx.cn', '5555555555', '567856789', '54321%$#@!', '520521', '59.com999', '59.cn999', '5550352', '51321321', '51la', '51.la', '51layangdui', '5201314', '520520', '555666', '55667788', '520520520', '55665566', '565656', '5656567', '554433', '545432', '520', '5555', '55555555', '5683', '52marykay.com.cn', '52marykay.com.c', '5t3e3e', '54321trewq', '5678567890', '52063.', '5138221988921772', '544jtlfdks%#@%(~_&fgvd11', '52yj#1314@', '5t86t653', '59.cn666', '51vip.net', '5900590', '590054', '5t6y7u8i', '56.com', '51.com', '53dns.com', '5555555', '555555555', '54321.0', '543210', '552288', '561166', '556623', '52771314', '522388195', '583054337***', '583054337*', '56923', '567833', '530@163.com', '51laajiang', '555', '5566', '5656', '55555', '5661086', '54321', '5757124c', '561534501', '555888', '5555588888', '55558888', '521521521', '52xxx.cn', '5555555555', '567856789', '54321%$#@!', '520521', '59.com999', '59.cn999', '56923', '567833', '5550352', '51laajiang', '51321321', '51la', '51.la', '51layangdui', '555555', '555', '5566', '5656', '55555', '5661086', '5201314', '520520', '555666', '55667788', '520520520', '55665566', '565656', '5656567', '554433', '545432', '54321', '5757124c', '561534501', '520', '5555', '55555555', '5683', '555888', '5555588888', '55558888', '521521521', '52xxx.cn', '52marykay.com.cn', '52marykay.com.c', '5t3e3e', '54321trewq', '567856789', '5678567890', '54321%$#@!', '52063.', '54321', '1', '5201314', '54321', '5201314', '5201314', '54321', '5201314', '52server', '5220855', '59.cn', '52server.co', '7', '521lygly', '518@518@518', '540013009', '53dns.com', '520idc', '5885220110', '5t6y7u8i@WW8731w', '5885220110', '5647825950', '520988', '558kf2', '558kf2', '52hualin.cn', '5527152aa', '5913458bin', '59131390938', '5526774', '5678%^&*', '55555', '555', '5138221988921772', '520ym65238', '52266a', '57001914', '5t6y7u8i', '5812678', '52server', '5t3e3e', '555666', '5566', '555555', '55555', '54321trewq', '5757124c', '55555', '55667788', '5656', '567856789', '5678567890', '54321%$#@!', '520520520', '55665566', '52063.', '54321', '55555', '520', '52013', '5201314', '520hack', '521', '535039', '584521', '54', '519', '7', '5280', '5500', '5523', '501', '5105807836', '513', '51300', '516', '519163', '5201212', '523', '525', '527', '531', '539', '53911', '56031', '565', '500607', '5008', '5013', '5021', '50245024', '502835', '503029', '503860', '504503', '506385', '50706862', '5081', '508509', '508936', '5098', '51000777', '51012674', '5101325', '510613', '51098', '511103', '51123', '5113', '511789', '511885', '512120', '512215', '51275127', '513671', '51492775', '51514', '515149', '515151', '5151511', '515376', '5156104', '516329', '516441', '516583', '516885', '5174841', '517688', '51777', '5180', '5182', '5183', '518517', '518578', '5188', '51888', '51930824', '519758', '51marry', '51marry99', '520066', '5201am', '520310', '5203992', '520428', '520520', '520530', '520570', '520616', '520620', '5208', '52088', '521*!#', '52110893237', '521258', '522039', '5223xc', '52330', '5236926', '524524', '5249', '5251', '525621', '5266', '5270', '528345', '52915859', '5291953', '52982121', '530111', '530527', '530730', '530806118', '53082160', '5310057', '531127', '5313343', '531788', '535161', '535232', '5366', '5373575', '537639123', '538263', '53999', '54007', '54118', '541881452', '54420301', '5454594', '54719589', '54740442', '54741162', '54743063', '54888', '548888', '5.49E+11', '54tq', '551102', '551236', '551688', '552525', '553600', '553920', '554327', '5544', '555111', '555333', '555555', '5555555', '55555555', '555608', '555888', '5561', '556444', '556688', '55724', '557722', '559104', '55912148', '5601178', '56086945', '56094492', '56147882', '56148488', '562532', '56327836', '56402130', '56409802', '56413818', '565120', '56512197', '565656', '565921', '56614293', '56682126', '56721439', '56738955', '56758040', '5678', '56787', '56789', '567890', '567891234', '56789668', '56830993', '56848719', '56881323', '569344', '570207', '570914', '570922', '5710195', '571181', '5712088', '5722257', '57631018', '57666', '5802768', '5807836', '58108243', '58109747', '58138281', '5814', '5814442', '581525', '5818983', '582838', '5829', '5839', '5841321', '58434', '58435738', '58443091', '58460532', '585800', '585858', '58605860', '58658', '58745621', '58814245', '58868455', '588688', '58917702', '589558', '589797', '59124309', '59175528', '59238841', '59361265', '5945', '595832', '5959', '59922006', '5995563', '5r9wv3', '5845211314', '5201314520', '5845201314', '5962514787', '521521521', '520520520', '5201898', '5646592', '5922860', '5055221', '5646290', '5352819', '57637057', '5656290', '53164717', '541819', '511321', '521433', '555666', '529630', '524110', '58160784', '5211', '5612312', '5889927', '5561080', '5231314', '541788a', '5160', '505', '5633172', '5945707', '5092800', '54000045', '59311', '521012', '5233894', '5250', '5088047', '521943', '5312147', '512861624', '562302671', '521125', '5813027', '5744028', '53567920', '5252', '5555', '5556661221', '5683', '5909062xzx', '6', '520222', '5968616520', '585858', '588583', '575859', '58ym.com', '5057061', '518598586', '50250082', '555idc.com', '55idc.com', '591idc.com', '5088047', '5220855', '59.cn', '52server.com', '521#@!', '521lygly', '518@518@518', '56104898aaa', '515780332', '54xx123', '5d.cn', '513tyml.com', '5ds65tr5as', '5656789', '513tyml.com', '5201314520', '5201314', '5841314520', '52013145201314', '5887546', '530119', '5555152', '534850', '555555', '555', '5566', '5656', '55555', '5201314', '520520', '555666', '55667788', '520520520', '55665566', '565656', '5566', '5656567', '565656', '554433', '545432', '54321', '5757124c'],
'6',['654321', '6504710shuazuan', '6695zx', '662766', '6t5r4e3w2q', '66977517', '6512603', '61.155', '61.164', '60.190', '60.191', '654321', '654321', '6882994578', '666666', '6654+65+6', '66123456789', '67891234', '666888999', '66abcd', '666666!@#$%^', '67678989', '666666!@#', '654258951753', '666666', '66123456', '66666666', '654321', '667788', '6786789', '6yhn7ujm', '60708090', '666888', '64797969', '6666666', '666', '6666', '66666', '7', '663399', '666777', '666666666', '665544332211', '62306688!@#', '64574589', '671207', '65887588', '66', '654321.0', '6543210', '665544', '654', '6677', '654654', '654321!@#', '6367551mmzyqda1', '6218431', '66977517', '666555444', '6615371', '6235689.1', '6235689.2', '6626378', '617200', '689732', '654321', '663399', '6dgidc@))*', '669521', '6862210', '63881524++6', '654258951753', '666666', '66666666', '654321', '667788', '6786789', '6yhn7ujm', '60708090', '666888', '6dgidc@))*', '669521', '6862210', '6y7u8i9o', '666666', '6i65iu56', '66118833', '6y7u8i', '665544332211', '6677', '6767', '666', '65432', '6543', '663399', '654321', '654321!@#$%^', '654321!@#', '654123', '6666666666', '6666', '66666', '6666666', '667788', '654321^%$#@!', '666555', '666777', '66776677', '676767', '666888', '6h7j8k9l', '66666666', '654', '665544', '654654', '635241', '6875$!@(', '68754129', '6543321', '666555444', '63881524a+', '6483669', '666666666', '654321.0', '6543210', '68idcchancoo', '6i65iu56', '66118833', '6y7u8i', '665544332211', '6677', '6767', '666', '65432', '6543', '663399', '654321', '654321!@#$%^', '654321!@#', '654123', '6666666666', '6666', '66666', '6666666', '667788', '654321^%$#@!', '666555', '6i65iu56', '66118833', '665544332211', '666666', '6677', '6767', '666', '666777', '66776677', '676767', '65432', '6543', '663399', '654321', '654321!@#$%^', '654321!@#', '666888', '654123', '667788', '654321^%$#@!', '6h7j8k9l', '654321', '666666', '66666666', '654321', '666666', '654321', '666666', '6488553@!~', '65138329kh', '6y7u8i@WWDAdd', '665668', '65ac25', '6822755', '663721!', '6dc83078202', '666666', '66666', '654321', '666', '654', '6677', '665544', '654654', '635241', '6875$!@(', '68754129', '6425677', '6C497F8F4B939478336', '63219417aaa', '68idcchancoo', '666777', '666777', '667788', '666666', '654321', '66776677', '666666', '6767', '663399', '654321^%$#@!', '654321', '66776677', '665544332211', '654205', '6h7j8k9l', '6kadmin', '654321', '6228', '6425', '69', '604', '608', '60810', '610', '613', '61478', '615', '619', '622', '629', '63421', '63502', '600305', '600600600', '600601', '600707', '600839', '6008675', '600902', '601001', '601057', '6014502', '601543', '6023500', '6031231', '604604', '6055', '6060', '606179', '6071312', '608323', '610000', '6112008', '611217', '61131897', '611425', '6119268', '612087', '6121077', '612211', '6130', '613136', '6140', '614819', '615112', '61515', '615438', '616161', '616616', '6171', '618618', '619203', '6200126', '620053', '620390', '620515', '620609', '6207', '620828', '62105762', '621108', '621119', '621126', '62118100', '621220', '621223', '621515', '621779', '6218356', '6224901', '62254', '6226286', '6226405', '622703', '623018', '62314577', '623158', '6234', '62403334', '62457262', '625107', '62531392', '62540205', '625625', '62562629', '62583433', '626117', '6262', '6263328', '626626', '6267003', '627125', '627604', '627687', '6282005', '6283398', '62841914', '629055', '62956355', '630105', '630302', '630428', '630606', '630720', '63088625', '63119', '631205', '631631631', '6319795', '6322', '63235', '6326', '63277200', '63292987', '63297', '63298836', '634210', '634424', '634935', '635417', '63545920', '63661726', '63663376', '63685269', '63689995', '63749032', '6376', '63772120', '63873401', '639600', '640133', '64045736', '64046975', '64051', '640721', '64080413', '640827', '641016', '64104972', '6413', '64137799', '64161988', '64167357', '64218', '642358', '64238297', '64247972', '642850', '64307650', '64308224', '64309842', '64336433', '64336899', '64369844', '64386136', '6441630', '64524', '64537268', '64548065', '645499', '6464234', '646843', '647077', '64738291', '64749332', '64759571', '64775076', '64796536', '64812625', '64867236', '64879611', '650201', '650225', '650305', '6503056', '650313', '65036306', '650701', '650728', '65079095', '65081389', '651103', '651219', '651356', '65147602', '6515', '65174845', '65180788', '65226482', '65238881', '652452', '652578', '65267656', '65283005', '65311285', '65398071', '65427100', '65489154', '65499487', '65499506', '6550', '65536198', '65539362', '65559375', '65617387', '6564', '65706672', '6571', '657364', '657417', '65743097', '658801', '659823', '660118', '66024', '660621', '660626', '660816', '66105', '661111', '661221', '66124', '6618', '661818', '66310', '663465', '6645253', '666131', '666317', '666327', '666379', '6666', '66666', '666666', '666888', '666987', '667788', '668291', '6685687', '670907', '6712', '671224', '6714166', '6716948', '6741503', '675167', '677303', '6775010', '6775576', '678880', '67890', '67898', '679328', '680115', '68015802', '6801607', '680210', '681030', '681102', '681108', '681126', '6812', '68121', '684311', '6844', '68509', '68520', '68630073', '686311', '687889', '68923148', '68924', '68949', '689689', '690224', '690226', '690411', '690508', '690604', '690805', '690828', '690930', '691026', '691105', '691118', '691218', '691220', '691229', '691230', '6962460', '6988', '6990', '6bzcb', '6570189', '66666666', '619209', '65585626', '664515279', '69170091', '61974413', '65058821', '6406261', '6605806abc', '635300798', '6260400', '6680348', '64559922yui', '630751er', '613190', '6294955', '625', '6655090a', '65512938', '60312', '67220656', '6589394', '64068938', '665210', '628', '661989', '6662176', '6969', '696969', '6323778', '654321789', '654321', '6222021107002611871', '696969abc', '6504710shuazuan', '6695zx', '662766', '654321', '6504710shuazuan', '6695zx', '662766', '682052', '66808', '66118833', '6y7u8i', '665544332211', '666666', '6677', '6767', '666', '666666', '666777', '66776677', '676767', '6677', '65432', '6543', '663399', '654321'],
'7',['7715123', '794613', '784512', '789456', '752883855.', '789456.0', '7410', '778899', '75199926', '770408', '7758258258', '777888999', '753159', '7409972', '753951', '789123', '789456', '789654', '777777', '777888999', '789&*(', '778899abc', '789789123123', '748748', '78123456', '787878', '77884455', '7744110', '77123456', '7788', '7ygv8uhb9ijn', '77889900', '777777', '770122', '741852963', '748596', '7758520', '777888999', '708090', '7758521', '789asd', '700800', '7795502a', '7727202$dpline.com', '7777777', '77777777', '70999', '789456123', '789123456', '778899', '789', '77', '777', '7777', '8', '79105', '736336', '7758258', '790812', '789456', '790119', '7410', '777888', '789789', '741741', '774411', '795765', '721521', '77215', '777777777', '7766554433', '765$#@!', '7u8i', '7ujm,ki8', '782826064', '7712508', '7499906', '7895123@else', '7654321', '77777', '7654321.0', '76543210', '77441100', '753753', '789987', '753159', '741', '789321', '789654', '789789789', '7jwl7758521', '75126826', '747474', '777444111', '757208', '707018183', '777555333', '704252468', '797100ike', '777444111000', '789456.0', '7065130', '789123456.0', '789123.0', '778899', '789789', '789', '79105', '7525', '77884455', '7744110', '748748', '7788', '7ygv8uhb9ijn', '77889900', '770122', '741852963', '748596', '787878', '7758520', '777888999', '708090', '7758521', '789asd', '700800', '789123', '789987', '7758521', '789321.', '789123', '789654', '789654123', '789.321', '789789', '789987', '789321', '77885520abc', '7474888', '775120hornet', '75126826', '7u8i', '765', '765$#@!', '7654', '7766554433', '777', '77889900', '7777777', '79105', '7474', '747474', '7622596', '7788', '7766', '7777777777', '789', '789&*(', '777888999', '7a57a5a743894a0e', '752054', '7i24', '777777', '7758520', '7758521', '777888', '789789', '778899', '741741', '774411', '748748', '748438', '7483838', '7878', '789789789', '77887788', '787878', '7890-=\\', '765765', '76543', '789456', '7410', '7758258', '790812', '7777', '77777777', '790119', '75800', '7894561230.', '7897890', '7ygv8uhb9ijn', '7ujm,ki8', '789123', '789321', '789312', '748596', '789987', '77777', '753159', '741', '789.0', '79qufeng844', '7789815zxc', '7223318', '741144716', '7758258258', '7791368', '7791368zxc', '7x24.cn', '7x24', '7x242008', '789123.0', '789123456.0', '789789.0', '789456789456', '789456.0789456.0', '789456789456.0', '789456123.', '777777777', '7654321', '7654321.0', '76543210', '753753', '7065130', '7474888', '775120hornet', '75126826', '7u8i', '765', '765$#@!', '7654', '7766554433', '777', '77889900', '7777777', '79105', '7474', '747474', '7622596', '7788', '7766', '7777777777', '789', '789&*(', '777888999', '775120hornet', '75126826', '7a57a5a743894a0e', '752054', '7i24', '765$#@!', '7654', '7766554433', '777777', '777', '77889900', '7777777', '7758520', '7758521', '777888', '789789', '778899', '741741', '774411', '748748', '748438', '7483838', '7878', '789789789', '77887788', '787878', '7890-=\\', '765765', '76543', '79105', '7474', '747474', '7622596', '789456', '7410', '7758258', '790812', '7777', '77777777', '790119', '7788', '75800', '7894561230.', '7897890', '7ygv8uhb9ijn', '789&*(', '777888999', '7ujm,ki8', '789789', '789456', '7758521', '789456', '7758521', '7a7a4d78', '78kxtw', '7x24.cn', '7x24', '79zf', '7u6y5t', '781025181', '7pf.com.cn', '741258963', '77ck28', '7758521woaibaobei', '741.852', '7785591!@#', '7785591!@#', '789%^&', '7632335880626aaa.', '7632335aaabbb', '7632335aaa', '7632335aaabbb', '777777', '789123', '789321', '789312', '789789', '789456', '748596', '778899', '789987', '77777', '753159', '777', '741', '789', '789.0', '7788', '7632335880626aaa.', '7870761', '78760', '7632335aaa', '789456123', '7040871zq', '7040871', '7a7a4d78', '774488', '777888', '7897890', '778899', '7758521', '777777', '7788', '77887788', '7758521', '778899', '77887788', '7ygv8uhb9ijn', '77889900', '7758520', '77887788', '7777777', '774411', '748438', '7878', '789&*(', '777888', '777888999', '789789', '778899', '79105', '747474', '741741', '789789789', '77887788', '7766554433', '765$#@!', '7u8i', '7ujm,ki8', '789789', '778899', '741741', '774411', '748748', '789789aaa', '7007', '7341', '7521', '7628', '77', '7918', '7928', '70270', '7031981', '705', '70679', '707', '70988', '710', '71066', '71188', '713', '715', '71698', '717', '7241113', '727', '73019780730', '75415', '76212', '77012018', '77812', '77870', '78814', '7914131611', '700301', '7004', '700512', '700619', '700712', '700724', '700727', '700812', '700922', '701015', '701016', '701105', '701122', '701129', '701206', '70140', '7016', '7026652', '70422', '705814', '709394', '710106', '710131', '710214', '710225', '710412', '710423', '710524', '7106', '710609', '71071500', '710729', '710808', '710810', '710905', '710911', '7110', '711004', '711008', '711019', '711030', '711207', '711229', '7114', '711685', '711800', '711824', '712683', '71317', '713598', '714287', '714719', '7154', '715507', '71580', '715824', '7160', '717408', '7177', '719725', '7198', '7201', '720128', '720209', '720216', '720226', '720308', '720318', '720325', '720409', '720420363', '720421', '720516331', '720520', '720521', '720618', '720623081', '720628', '720714', '720726', '720819', '720826', '721008', '721011', '721014', '721019', '721031', '721108', '721110', '721114', '721118', '721121', '721123', '721127', '72114', '721208', '7213714', '72224', '7225', '72260', '7251', '725219', '7258', '725qin107', '726104', '72612', '726122', '72624', '7266', '726800', '7276', '7279', '727938', '7296146', '72d12', '730118', '730120', '730121', '730123', '730127', '730226', '730227', '730303', '730314', '730330', '730404', '7.30E+11', '730512', '730601', '730605', '730613', '730618', '730620', '730621', '730625', '730709', '730716161', '730812', '730916', '730928', '731006', '731009', '731011', '731018', '731030', '731102', '731104', '731112', '731116', '731118', '731126', '731129', '731130', '731213', '731225', '731228', '731270', '731310', '7318', '733953', '7342', '73430', '736060', '73718', '73720', '737373', '737475', '7392485', '740101', '740104', '740105', '740124', '740135', '740215', '74021588', '740315', '740329', '740427', '740503', '740519', '740523', '740613', '740625', '740702', '740703121', '740706', '740708', '740710', '740727', '740823', '740909', '740910', '740913v', '740917', '741007', '741009', '741011', '741013', '741025', '741027', '741102', '741103', '741108', '741109', '741111', '741119', '741121', '741122', '741128', '74115', '741203', '741210', '741221', '741228', '741229', '741230', '741266', '7418', '741852', '741900', '742023', '743029', '7431', '7436', '7442', '744288', '7459', '746688', '74726', '7474', '7474740', '7476', '7487', '7488', '74919', '7497', '7498', '749999', '750000', '750109', '750123', '750126', '750129', '750201', '750218', '750223', '750303', '750310', '750318', '750320', '750322', '750325', '750330', '750404', '750425', '750514', '750523', '750526', '750528', '750601', '750606', '750610', '750611', '750623', '750624', '750627', '750704', '750707', '750711', '750721', '750723', '750730', '750808', '750815', '750821', '750830', '750906', '750918', '750925', '751001', '751002', '751009', '751010', '751015', '751017', '751019', '751020', '751023', '751024', '751025', '751029', '751030', '751031', '751103', '751105', '751106', '751108', '751121', '751122', '751126', '751166', '751201', '751203', '751204', '751205', '751206', '751218', '751219', '751220', '751221', '751222', '751224', '751225', '751229', '751230', '75125', '751919', '752028', '7524', '7526899', '7527180', '753029', '753214896', '7537', '7538', '753951', '754218', '754276', '755400', '756005', '756200', '75627', '756422', '756512', '756555', '75712818', '75725', '757575', '7577', '75822', '7589', '7591', '759900', '75cm1023', '760101', '760107', '760108', '760110', '760120', '76012345', '760128', '760129', '760131', '760203443', '760206', '760208', '760214', '760215', '760218', '760222', '760226', '760302', '760305', '760308', '760310', '760311', '760313', '760316', '760322', '760325', '760328', '760412', '760415', '760424', '760504', '760507', '760510', '760523', '760524', '760526', '760602', '760610', '760619', '760626', '760703', '760705', '760706', '760723', '760726', '760760', '760801', '760816', '760831', '760903', '760905', '760916', '760920', '760921', '760923', '760925', '760930', '761005', '761010', '761012', '761013', '761018', '761020', '761021', '761024', '761030', '761031', '761102', '761107', '761109', '761111', '761113', '761118', '761122', '761123', '761127', '761153', '761203', '761206', '761212', '761214', '761215', '761217', '761221', '761223', '761226', '761229', '761230', '76127612', '7613999', '7618406', '7620', '76215', '76321', '76331', '7635177', '76415888', '76423', '765043', '765143', '76618', '7667', '7668187', '767300', '7678', '76811', '76812', '76815', '76818', '768260', '768594', '7689', '7691', '770106', '770109', '770115', '770123', '770130', '770201', '770208', '770213', '770215', '770216', '770218', '770219', '770302', '770308', '770309', '770324', '770405', '770415', '770417', '770429', '770502101', '770504', '770505', '770510', '770521', '770608', '770612', '770613', '770617', '770622', '770701', '770704', '770708', '770711', '770712', '770718', '770724', '770725', '770729', '7708018', '770815', '770823', '770831', '770906', '770910', '770910wy', '770918', '770921', '77092100', '7709260', '771014', '771021', '771024', '771101', '771102', '771103', '771104', '771115', '771117', '771118', '771120', '771123', '771125', '771126', '771129', '771201', '771202', '771208!!', '771210', '771212', '771214', '77121578', '771221', '771223', '771224', '771226', '771231', '77127', '7719', '77211', '772258', '772500', '772512', '7728', '772952', '7730343', '773218', '77335566', '7737', '7743521', '77520', '7755', '7755188', '7758', '7758258', '7758520', '7758521', '7763776', '777022', '777520', '777555', '7777', '777741', '77777', '777777', '7777777', '77777777', '777848', '778078', '7781950', '7786', '778899', '77909023', '7791317', '77925', '7796', '7799hyb', '780106', '780108', '780110', '780118', '780120', '780126', '78018', '780207', '780210', '780214', '780216', '780219', '780221', '780302', '780318', '780322', '780404', '780406', '780412', '780413', '780414', '780420', '780422', '780425', '780427', '780429', '780502', '780510', '780514', '780523', '780527', '780529', '780606', '780609', '780610', '780611', '780614', '780619', '780626', '780702', '780716', '780719', '780721', '780723', '780727', '780730', '780801', '780803', '780804', '780814', '780817', '780818', '780905001', '780916', '780919', '780924', '780925', '780927', '781002', '781003', '781005', '781008', '781012', '781014', '781018', '781019', '781020', '781021', '781022', '781027', '781028', '781029', '781031', '781102', '781104', '781105', '781107', '781108', '78111', '781111', '781112', '781113', '781115', '781119', '781122', '781123', '781127', '781128', '781129', '781130', '781153', '7812', '781202', '781205', '781211', '781212', '781213', '781215', '781218', '781220', '781223', '781229', '781231', '781729', '78210zyn', '782119', '7821zj', '7825', '783600', '7839596', '784002', '7841224', '785427', '7859', '78615', '78627', '787076', '787166', '7877637', '78784545', '7882', '788383', '788c', '78909', '78912', '78913', '789456', '78o5sljx', '790101', '790109', '790110', '790115', '790128', '790203', '790209', '790211', '790220', '790221', '790223', '790228', '790301', '790302', '790305', '790313', '790315', '790317', '790322', '790324', '790325', '790329', '790404', '790420', '790505', '790510', '790603', '790606', '790612', '790612001', '790616', '790617', '790623', '790624', '790706', '790720', '790731', '790802zl', '790821', '790824', '790825', '790827', '790831', '790908', '790925', '790929', '791005', '791007', '791008', '791016', '791017', '7910195', '791022', '791024', '791027', '791030', '791090', '791103', '791105', '791109', '791110', '791112', '791114', '791116', '791118', '791119', '791122', '791123', '791124', '791126', '791129', '791130', '791133', '7911365', '791160', '791204', '791212', '791219', '791219.8', '791220', '791222', '791224', '7913', '791910', '792110', '79223', '7923', '792643', '792713', '793201', '7952', '79730', '7976n', '7980', '798503', '799625', '799700', '7998585', '7s0331', '7tbza1k4', '774677770', '77169', '71243596', '741852963', '789456123', '789527933', '74011', '791128', '748', '725', '774748', '7614042', '75587558', '7403016', '741000', '770', '7844924', '74199588', '76174179', '75560104', '778583', '7424884', '758521', '710293459', '7788520', '707032447', '77610367', '74', '7356094', '787899', '745021', '728307', '7654321', '7747', '777', '760901', '77134056', '741852963', '789789', '789456', '794613', '784512', '7758258', '76101348', '7iis', '78kxtw', '7788520', '7x24.cn', '7u6y5t', '753v852a951n', '7lw.com', '7lw.com2010', '7lw.com123', '730387...', '7x24', '79zf', '781030', '752883855.', '789789', '7715123', '794613', '784512', '789456', '752883855.', '7708801314520', '789456123', '7894561230', '741852963', '7u8i', '765', '765$#@!', '7654', '7766554433', '777777', '777', '77889900', '7777777', '7758520', '7758521', '777888', '789789', '778899', '741741', '774411', '748748', '748438', '7483838', '7878', '789789789', '77887788', '787878', '7890-=\\', '765765', '76543', '76543', '76543', '79105', '7474', '79105', '747474', '741741', '7766'],
'8',['895623', '888888', '882627.8', '852799!!!', '888167', '8880uc888aaa', '8238560', '888', '8888', '88888', '888888', '8888888', '88888888', '8989891', '828.101', '8Hgame@XuHao888', '86871600', '80512972', '888888', '888999', '888123456789', '888888abcd', '888888!@#$%^', '888!@#', '888!@#$', '888888!@#', '8855220', '830917', '88888888', '88123456', '888777666', '888777', '888999', '8888888888', '888', '898989', '800413', '889900', '801216', '88889999', '888999000', '884488', '874965', '888666', '800900', '831126', '87093639', '888(((000', '89915821', '830215..', '8888888', '888333', '8848', '8899', '88', '8888', '88888', '888888', '0', '88387415', '80486', '8520', '852852', '885522', '8974', '831029', '858835', '878309', '888888888', '828282', '858835tian', '87654321', '87654321.0', '876543210', '852', '81102000', '81791966', '85113228@SHAO.COM', '87502130', '80houwansui', '840220', '850723aa', '83965254', '888555222', '8812345', '85088800', '8788641', '830175', '830408', '888888', '87123', '87110', '8899', '88387415', '8855220', '830917', '88888888', '88123456', '888999', '8888888888', '888', '898989', '800413', '889900', '801216', '88889999', '888999000', '884488', '874965', '888333', '888666', '8848', '800900', '831126', '87123', '890iop', '8519830312/*-', '8214175xz', '8262272', '831029', '828282', '8282', '889900', '888', '876543', '8765432', '88387415', '85208520', '8886', '811admin', '8787', '8888888888', '8899', '2', '88', '88888', '0', '8888', '852258', '8888888', '831126', '8605566', '858835dong', '858835wukai', '858835tian', '863200asd', '888888', '888999', '852852', '885522', '88998899', '898989', '876876', '87654', '81896807.0', '8520', '80486', '88888888', '8974', '8886.cn', '8765$#@!', '852', '82762110', '888168', '888168qq', '82762352', '801250', '825150', '82822287', '80houwansui', '80512972', '830780252', '89021332', '8014999', '888(((000', '888888888', '87654321', '87654321.0', '876543210', '87327472', '8600', '8824810sjz', '831029', '828282', '8282', '889900', '888', '876543', '8765432', '88387415', '85208520', '8886', '811admin', '8787', '8888888888', '8899', '2', '88', '88888', '0', '8888', '852258', '8888888', '831126', '8605566', '858835dong', '858835wukai', '858835tian', '863200asd', '831029', '828282', '8282', '888888', '889900', '888', '888999', '852852', '885522', '88998899', '898989', '876876', '87654', '81896807.0', '876543', '8765432', '88387415', '85208520', '8886', '8520', '80486', '88888888', '8974', '811admin', '8886.cn', '8888', '852258', '8888888', '8765$#@!', '888888', '88888888', '888999', '888999', '821#163ns.com', '8029#163ns.com', '87408103', '800800', '830103fanfangjie', '8558326', '8558326', '82133444', '87988798', '8&3%!d54I!3afkFI', '8&3%!d54I!', '8330132..eea', '8322611', '8054400', '881122.+', '8330132..eea', '8541563...', '8a*ds.*sajw*LQ', '8410716', '8818783', '88550.', '888sf168.cn', '888888', '88888', '888', '852', '8899', '82762110', '888168', '888168qq', '82762352', '801250', '825150', '8855509zwd', '8410fys0982!@#', '8014ceodmgms', '8600', '8824810sjz', '888999', '888', '888999', '8888', '888888', '88888888', '8888888888', '885522', '852258', '889900', '888', '831029', '888', '8888888', '8765$#@!', '885522', '888999', '852852', '88387415', '885522', '85208520', '88998899', '828282', '885522', '888888', '88888888', '88888', '80sec', '847381979', '888999', '81', '8354', '8421', '860086', '80088', '8040701', '80475', '813', '815', '8181215', '824', '824501', '827', '831', '84313', '84319', '846', '8484571', '8001', '800102', '800113', '800117', '800118', '800118ab', '800125', '800207', '800219', '800225', '800227', '800300', '800309', '800410', '800411', '800502', '800509', '800511', '80051604', '800526', '800530', '800620', '800623', '800630', '800702', '800706', '800711', '800716', '800801', '800817', '800822', '800831', '80086', '800902', '800920', '800922', '800926', '801007', '801008', '801009', '801015', '801016', '801019', '801023', '801025', '8010270', '801028', '801105', '801106', '801109', '801111', '801113', '801118', '8.01E+11', '801119', '801125', '801167', '801205', '801210', '801212', '801218', '801219', '801225', '801226', '80130', '80131', '8017', '8018', '80181879', '80190715', '802110', '8023', '802630', '8031', '803362', '80410', '80455323', '80519', '805488', '8061', '80626', '806669', '8080', '8081963', '8084', '8090402', '809800', '810000', '810117', '810124', '8101250', '810127', '810202', '810205', '810206', '810208', '810209', '810216', '810221', '810312', '810321', '810402', '810419', '810427', '810506', '810602', '810605', '810616', '810621', '810630', '810715', '810725', '810818', '810829', '810906', '810915', '810917', '810921', '810924', '810929', '81094888', '811007', '811021', '811031', '811108', '811110', '811116', '811123', '811124', '811128', '811129', '811137', '81116', '811205', '811212', '811217', '811222', '811223', '811231', '811537', '8120726', '81211', '812206', '8128746', '8142578', '81627', '8168', '817230', '817877', '8179', '81890', '819103-a', '81917621', '81927', '820108', '820122', '820209', '820303', '820319', '8203433', '820416', '820419', '820530', '820603', '820604', '820612', '820622', '820703', '820722', '820807', '820904', '820917', '820926', '8210', '821015', '821019', '821108', '821129', '821201', '8221688', '8221945', '822995', '82310', '824623', '825528', '827046', '827913', '82820', '828203', '8283515', '828384', '828522', '828589', '828828', '830101', '8301889', '830401', '830424', '830614', '830619', '830654', '830718', '830820', '830824', '830830', '830920', '830929', '831005', '83108', '831127', '831210', '831227', '831831', '83227', '8327265', '832875', '833420', '833547', '8341', '835283', '83598026', '8360784', '8369611', '83720', '8377', '838400', '84037123', '840804', '841113', '841219', '8420569', '842191', '8430804', '8462583', '8482', '8492401', '850269', '851017', '851117', '8512', '852222', '8536918', '853885', '854093', '8564366', '859076', '8597680', '860340', '8609994', '861027', '8622436', '8623', '862302', '8630', '86365603', '864055', '864763', '86513103', '86517511', '8659522', '86603', '866272', '867135', '86735576', '86899379', '868mxw', '870309', '8703151', '8730369', '8732', '8736', '876543', '8770812281', '878654', '8792679', '879302', '880218', '88023614', '880411', '8804789', '8818320', '88188', '881985', '882300', '883226', '8834847', '884000', '884285', '8848', '88565966', '885853', '886868', '88733669', '8874456', '887mmn', '8888', '888888', '88888888', '8888888888', '8892855', '8894', '8894602', '88988', '890098', '890731', '891031', '891901', '8947', '895400', '89548954', '898988', '8;hm<#eq', '87654321', '888455', '810932750', '8324835', '832456', '8827', '80780003', '881024', '83859151', '89694959', '8633151', '80071600', '820204', '830812', '8925', '81696205', '831019', '860940850', '890209', '860714', '820816', '89329544', '823655', '84044339', '8878878', '86000', '850901', '881976', '857194', '821707', '888', '809751', '8279898', '880507', '8255079', '84756415', '820720', '81152371', '8659312', '8597430', '8562108', '88796306', '8937532', '89952392', '8593026', '801216', '8198783565', '812', '80486', '8675309', '85021400', '895623', '8762973', '84471183aa', '888888', '86513-85292710', '8651385292710', '8794960xch', '83301567', '8558326', '863188', '8uhbgt5', '821#163ns.com', '8029#163ns.com', '8812345', '87408103', '800800', '830103fanfangjie', '82133444', '87988798', '82503185', '83859151', '8122-wgw-zjc', '87101766', '87101766a', '83108110', '800056173', '820904sbg', '820904', '', '882627.8', '852799!!!', '895623', '888888', '882627.8', '852799!!!', '88550a', '87iis', '83264336', '88550', '831029', '828282', '8282', '888888', '889900', '888', '888999', '852852', '885522', '88998899', '898989', '876876', '87654', '81896807.0', '876543', '8765432', '88387415', '885522', '85208520', '88387415', '8787', '8877'],
'9',['911sc', '911scturbo', '911turbo', '953139.', '95313', '95217189', '95217', '9527999!!!', '987654321', '963852741', '951753', '951357', '9527', '95588', '999999', '9833', '95599', '98io1', '9891213', '987654123', '9876%$#@', '963852741abc', '9n8b7v', '98798761234', '996633abc', '999888777', '987123456', '9ijn8uhb7ygv', '963852741', '987654321', '99999999', '9999999999', '963852741abcd', '963258741', '9876%$#@!', '9638527410', '998998', '99dvd.net', '963852', '99gps', '963852741!@#', '97db.com', '91gt.com', '999666333000', '926810926810', '9999999', '9cf56a4e75', '963256478715', '9988', '99idc#2270', '99', '999', '9999', '99999', '999999', 'a', 'b', '960628', '987654', '9630', '963963', '996633', '995511', '963852741lr', '987654321', '987456', '99009900', '987789', '987^%$#', '9527', '9527smOK', '990125', '958120', '97g37cd1qo', '999999999', '987654321.0', '9876543210', '951951', '998877', '999110', '951753', '963', '987', '987987', '986688!@', '986688', '9187561', '962197', '920114', '9259975aa', '996633..', '999666333', '989877*', '999555111', '963852001a', '909818winner', '987987987', '9998877', '9527', '9988', '9ol./;p0', '987456', '9ijn8uhb7ygv', '963852741', '987654321', '99999999', '9999999999', '963852741abc', '963852741abcd', '963258741', '9876%$#@!', '9638527410', '998998', '99dvd.net', '99gps', '963852741!@#', '963852741', '987456', '9874563210', '987321', '987123', '929612223a', '987^%$', '9876%$#@!', '987^%$#', '99009900', '987789', '9874', '999', '9876', '995511', '92th1234457', '92tp147258', '987456', '963258741', '9999999999', '9988', '99', '9999', '99999', '9999999', '9879876', '987(*&', '909818winner', '9259975aa', '986688', '986688!@', '987654321', '999999', '963963', '996633', '987654', '999110', '999999999', '909090', '987987', '98765', '963852741', '9630', '960628', '99999999', '996633..', '92th1234567', '963.0', '987410.', '987654321', '951753', '963', '987', '998877', '9991999!2345@#$%haha', '9sui', '99dvd.net', '9FQ7FZL7', '98io1', '999888777', '91gt.com', '987654321.0', '9876543210', '9998877', '9652', '992741', '987^%$', '9876%$#@!', '987^%$#', '99009900', '987789', '9874', '999', '9876', '995511', '92th1234457', '92tp147258', '987456', '963258741', '9999999999', '9988', '99', '9999', '99999', '9999999', '9879876', '987(*&', '909818winner', '9259975aa', '986688', '986688!@', '987^%$#', '99009900', '987789', '9874', '987654321', '999999', '999', '963963', '996633', '987654', '999110', '999999999', '909090', '987987', '98765', '9876', '995511', '92th1234457', '92tp147258', '987456', '963258741', '963852741', '9630', '960628', '99999999', '996633..', '92th1234567', '963.0', '987410.', '9879876', '987(*&', '987654321', '987654321', '987654', '987654321', '987654', '984200979226joysun', '9527xxx', '995511idc', '901.cn', '98xw.com', '98dns.com', '93450.com', '96as53', '97073206', '909818@������*winner', '928088', '9527xxx', '963852741aa', '999999', '996633', '99999', '951753', '999', '963', '987', '998877', '987987', '9991999!2345@#$%haha', '909818winner+', '921ty.com', '948cqsf.cn', '963852001a', '992741', '984200979226joysun', '963.0', '987410.', '963852741', '987654321', '998877', '999999999', '999', '996633', '987654', '999110', '9879876', '987(*&', '987654', '999999999', '987654321', '9876%$#@!', '99009900', '987789', '987^%$#', '963963', '987654321', '996633', '987654', '998877gu..', '928077', '963987', '999110', '96315001', '981246', '920', '9121', '9021117', '903927', '907', '908', '909', '90909', '910', '913', '914', '916', '91819', '919', '92094', '92167', '924', '925', '93064', '98765', '90055', '9008', '900990', '901111', '9022029', '9026', '9047', '905504', '9064', '9069', '907004', '9090', '90909090', '909727', '910228', '9110', '911017', '911116', '911187', '911478', '91162', '9123', '913823', '91508', '915162', '9170', '917027', '9182', '918918', '919393', '91991132', '920818', '9210', '922917', '923212', '924217', '925138', '9261212', '9267', '926928', '9280', '928097', '928714', '92878', '92927', '930025', '930108', '930119', '930225', '930413', '9305041', '930511', '930705', '930716', '9310213', '931124', '934112', '935136', '936025', '936566', '9379', '9393', '940066', '940151859', '940373', '940475', '940507', '940610', '940812', '941117', '941190', '94124', '941533', '9416031', '9421004', '9424', '9433lin', '9441', '94450', '94522', '9458', '945945', '94733', '94823294', '950134', '950499', '950515', '950538', '950703113', '950734', '9508111', '950928', '951071', '95107100', '951123', '951264', '951306', '951425', '951876', '951951', '9529004', '95411511', '9541531', '954700', '956397', '95810', '958102056', '9585369', '95969780040', '959966', '960102', '960123', '960217', '960218', '960235', '960516', '96062048', '960668', '960721', '961123', '961227', '9630', '963119', '963151', '963174', '963258', '963297', '963488', '963852', '96422868', '964311', '96532', '9658133', '9669665', '96783', '9688513', '96889688', '969113', '969218', '96939291', '9702193', '970310', '970501', '970517', '970601', '970615', '97093', '97103782', '97107381', '971091', '9711115', '971126', '971214', '971227', '971247', '9.71E+11', '971398', '971513', '971800', '9721081b', '9721091', '9721091b', '973012', '973014', '9734211', '974025', '97431200', '97561001', '975813', '976232', '9766061', '977123', '977218', '9783257', '97922', '980074', '980101', '980102', '980109', '980127', '980214', '980217', '980299', '980324', '980507', '980508', '980530', '980727', '980728', '980731', '980808', '980913', '981019', '981020', '98104022', '981111', '981117', '981120', '9811734', '981223', '981224', '981225', '981229', '981314', '9817084', '9821', '982288', '98241', '982412', '983112', '98401', '984284', '984289', '9845589', '984589', '985191', '985844', '9860053', '98673338', '987474', '98751110', '987654', '987654321', '9877', '987731', '9877898', '9879', '98827', '98879008', '988988', '989658', '989775', '9900', '990126', '990202', '990219', '990322', '990425', '990504', '990722', '990732', '990801', '99087103', '990905889', '990990', '991001', '991009', '991015', '99102515', '991122', '991225', '991231', '9921', '992277', '99227775', '992481', '99290004', '994012', '9941', '994953', '99506', '996875', '9977', '9988', '999765', '9998719', '999888', '9999', '99999', '999999', '9999990', '99999999', '999999999', '9angiy9', '9711395', '981817', '9876543210', '963852741', '9323846', '9.35511E+11', '96000', '901208', '978332153', '93953', '939513', '984309', '9014', '90164281', '96747520', '901106', '9987', '900520', '9950', '95271v', '9394', '95876588', '90210', '911', '92072', '953139.', '987258', '90uxqiutian', '95217189', '95217', '951357', '963852741', '963852', '987654321', '9001', '9001a', '9000idc.com!@#', '95599malin.,', '951139.', '99idc.cn', '995511idc', '9002518', '99414010', '963852741a', '963852001a', '9527xxx', '9Adrup', '923630197', '95217189', '95217', '9527999!!!', '987654321', '999wf', '953139.', '95313', '95217189', '95217', '9527999!!!', '987654321', '9876543210', '915425', '97694210', '97694309', '97694201', '97694202', '97694203', '97694204', '97694205', '97694206', '97694207', '97694208', '97694209', '97694301', '97694302', '987^%$', '9876%$#@!', '987^%$#', '99009900', '987789', '9874', '987654321', '999999', '999', '963963', '987654321', '996633', '987654', '999110', '999999999', '909090', '987987', '98765', '9876', '995511', '987654', '998877'],
'!',['!Q@W#E', '!@#$QWER', '!@#123', '!@#321', '!@#$%^&*()', '!Q@W#E$R%T', '!@#19841010', '!@#59560955', '!!changeme$$', '!@WSX', '!QAZASDF', '!@#qweASD0', '!@#$%^', '!@#$%^&*', '!qaz@wsx#ed', '!qaz2wsx', '!qaz@wsx', '!qaz2wsx3edc', '!q@w#e', '!q2w#e4r', '!@#123456', '!12@3#4$5%6^', '!2#4%6', '!QAZXSW@#EDCVFR$', '!@#$%^qwerty', '!@#$%^&*(qwertyuio', '!@#$%^&*()qwertyuiop', '!qazxsw@', '!@#qwe', '!@#abc', '!@#123abc', '!@#abc123', '!@#$%^qwerty', '!@#qweasdzxc', '!am0zAx', '!am0zAx', '!@#123456!@#', '!@#qweASD0', '!@#321', '!@#$asdf', '!@#$zxcv', '!@#$!@#$', '!@#$%^&*()1234567890', '!QAZxsw2#EDC', '!@#$%2875226q1', '!QAZXSW@', '!@#$%^&*()123456', '!QAZ@WSX#EDC', '!@#$%67890', '!Q@W#E$R%T^Y&U*I(O)P_{+}', '!QAZ@WSX', '!@#$%^&*()', '!@#678', '!@#$&*()', '!@#$%^&', '!@#$%^', '!@#$qwerASDFzxcv', '!qazxsw2', '!@#$qwer', '!@#$%qwert', '!@#$', '!@#$qwerASDF', '!@#$%^qwerty', '!q@w#e', '!@#$$#@!', '!@#0000004', '!@#qweASD', '!@#$%^123456', '!@#xcv', '!@#$1234', '!@#$%QWERTASDFG', '!@#$%sms', '!@#!@#', '!@#!@#!@#', '!@#$*&^%jxhcw', '!@#$jxtest5678', '!@#coopen', '!^#coopen', '!@#$%', '!@#$%^&*', '!@#$%^&*()_+', '!@#123', '!qaz@wsx', '!@#$%12345', '!qaz@wsx#edc', '!2#4', '!2#4%6', '!2#4%6&8', '!2#4%6&8(0', '!Q@W#E$R%T^Y&U*I(O)P', '!@#$%^idc', '!@#$QWERASDF', '!QAZ@WSX#EDC$RFV%TGB^YHN&UJM*IK<(OL>', '!QAZ@WSX#EDC$RFV%TGB', '!@#$567890', '!@#$%QWERT', '!@#$%^QWERTY', '!q@w#e$r%t^y&u*i(o)p', '!q@w#e$r%t^y&u*i(o)', '!q@w#e$r%t^y&u*i(o', '!q@w#e$r%t^y&u*i(', '!q@w#e$r%t^y&u*i', '!q@w#e$r%t^y&u*', '!q@w#e$r%t^y&u', '!q@w#e$r%t^y&', '!q@w#e$r%t^y', '!q@w#e$r%t^', '!q@w#e$r%t', '!q@w#e$r%', '!q@w#e$r', '!q@w#e$', '!q@w#', '!q@w', '!qazxsw@#edc', '!qaz', '!QAZ', '!@qwaszx', '!@QWASZX', '!@#qweasdzxc', '!@#qweasd', '!@#QWEASDZXC', '!@#QWEASD', '!@#$QWERASDFZXCV', '!qaz@wsx#edc$rfv', '!QAZ@WSX#EDC$RFV', '!@#', '!@#$%^&*(', '!QAZXSW""', '!QAZXSW@@muxuyuan', '!zyyy88779966', '!!xytt1580905', '!!xytt158080', '!!qdjtsf8899', '!!xy158080', '!!qd8899xyz', '!QAZXSW@@mxy', '!@#123', '!@#321', '!@#$%2875226q1', '!QAZXSW@', '!@#$%^&*()123456', '!QAZ@WSX#EDC', '!@#$%67890', '!Q@W#E$R%T^Y&U*I(O)P_{+}', '!QAZ@WSX', '!@#$%^&*()', '!@#$%^&', '!@#$%^', '!qazxsw2', '!@#$qwer', '!@#$%qwert', '!@#$', '!@#$qwerASDF', '!@#$%^qwerty', '!q@w#e', '!@#$$#@!', '!@#qweASD', '!@#qweASD', '!@#$%^123456', '!@#xcv', '!@#$1234', '!@#$%QWERTASDFG', '!qaz@wsx#edc', '!qaz@wsx', '!qaz2wsx', '!@#$%^', '!@#123', '!qaz@wsx', '!@#$1234', '!qaz@wsx#edc', '!@#$%', '!@#$%^', '!@#$%^&', '!@#$%^&*', '!!!!!!', '!@#$', '!@#!@#', '!@#!@#!@#', '!@##@!!@#', '!2#4%6&8', '!@#$%^&*()1234567890', '!@#$%^&*12345678', '!@#$%^&1234567', '!@#$%^123456', '!@#$%12345', '!@#$%^123', '!q@w#e$r', '!@#$%QWERTASDFG', '!!!!!ccdos', '!@#$5678', '!@#$%^idc', '!@#qweasdzxc', '!@#$%^&*()qwertyuiop', '!@#$%^&*qwertyui', '!@#$%^&qwertyu', '!@#$%^qwerty', '!@#$%qwert', '!@#$qwer', '!@#qwe', '!@#$%^&*()1234457890', '!@#$%^&*12344578', '!@#$%^&1234457', '!@#$%^123445', '!Q@W#E$R%T^Y&U*I(O)P', '!q@w#e$r%t^y&u*i(o)p', '!Q@W#E', '!q@w#e', '!Q@W#E$R', '!1@2#3', '!qaz@wsx#edc$rfv%tgb^yhn&ujm', '!qaz@wsx#edc$rfv%tgb^yhn', '!qaz@wsx#edc$rfv%tgb', '!qaz@wsx#edc$rfv', '!@#$%^&*())(*&^%$#@!', '!@#$567890', '!@#$567890', '!@#321', '!qazxsw2', '!qazxsw@', '!@#$qwerASDF', '!@#$$#@!', '!@#$%67890', '!2#4', '!2#4%6', '!2#4%6&8(0', '!QAZXSW@', '!@#$QWERASDF', '!QAZ@WSX#EDC', '!Z@X#C', '!@#$%QWERT', '!@#QWEASDDZXC', '!Q@W#E$R%T^Y&U*I(O)P_{+}', '!@#$%^&*()', '!jingdian.com1982', '!@#$%^654321qaz', '!@#$%^&*(987654321qq', '!QAZXSW@@mxy', '!@#123.0*-+', '!#', '!qazxsw@#edc', '!@qwaszx', '!@QWASZX', '!@#coopen', '!^#coopen', '!@#$%^&*()_+', '!@#qweasd', '!@#', '!@#$%^&*(', '!@#jianghu', '!QAZ@WSX#EDC$RFV%TGB^YHN&UJM*IK<', '!QAZ@WSX#EDC$RFV%TGB^YHN&UJM', '!))*!(', '!@#123', '!qaz@wsx', '!@#$1234', '!qaz@wsx#edc', '!@#$%', '!@#$%^', '!@#$%^&', '!@#$%^&*', '!!!!!!', '!@#$', '!@#!@#', '!@#!@#!@#', '!@##@!!@#', '!2#4%6&8', '!@#$%^&*()1234567890', '!@#$%^&*12345678', '!@#$%^&1234567', '!@#$%^123456', '!@#$%12345', '!@#$%^123', '!q@w#e$r', '!@#$%QWERTASDFG', '!!!!!ccdos', '!@#$5678', '!@#123', '!qaz@wsx', '!@#$1234', '!qaz@wsx#edc', '!@#$%', '!@#$%^', '!@#$%^&', '!@#$%^&*', '!!!!!!', '!@#$', '!@#!@#', '!@#!@#!@#', '!@##@!!@#', '!@#$%^idc', '!2#4%6&8', '!@#$%^&*()1234567890', '!@#$%^&*12345678', '!@#$%^&1234567', '!@#$%^123456', '!@#$%12345', '!@#qweasdzxc', '!@#$%^&*()qwertyuiop', '!@#$%^&*qwertyui', '!@#$%^&qwertyu', '!@#$%^qwerty', '!@#$%qwert', '!@#$qwer', '!@#qwe', '!@#$%^&*()1234457890', '!@#$%^&*12344578', '!@#$%^&1234457', '!@#$%^123445', '!Q@W#E$R%T^Y&U*I(O)P', '!q@w#e$r%t^y&u*i(o)p', '!Q@W#E', '!q@w#e', '!Q@W#E$R', '!1@2#3', '!qaz@wsx#edc$rfv%tgb^yhn&ujm', '!qaz@wsx#edc$rfv%tgb^yhn', '!qaz@wsx#edc$rfv%tgb', '!qaz@wsx#edc$rfv', '!@#$%^&*())(*&^%$#@!', '!@#$567890', '!@#$567890', '!q@w#e$r', '!@#321', '!qazxsw2', '!qazxsw@', '!@#$qwerASDF', '!@#$$#@!', '!@#$%67890', '!@#$%QWERTASDFG', '!2#4', '!2#4%6', '!2#4%6&8(0', '!QAZXSW@', '!@#$QWERASDF', '!QAZ@WSX#EDC', '!Z@X#C', '!@#$%QWERT', '!@#QWEASDDZXC', '!Q@W#E$R%T^Y&U*I(O)P_{+}', '!@#$%^&*', '!@#$%^&*()', '!@#$%', '!@#$62998250', '!@#$62998250', '!@#zhanw110..!qwe!@#', '!(*&!$)ytmdwihc', '!@#$^qazxsw', '!(*&!$)!$)!)@ytmdwihc', '!@#/abcd', '!@#$%^&*()qwertyuiop', '!@#$%^idc', '!@#a!@#$%^', '!@#www.cnidc.hk#@!', '!@#cnidc.hk#@!', '!@#951159', '!@#!@#', '!jingdian.com1982', '!@#$%^654321qaz', '!@#$%^&*(987654321qq', '!@#$%^&*', '!@#$567890', '!@#$567890', '!@#$%^&', '!@#$%^&', '!@#$%^', '!@#$%^&*()', '!q@w#e$r', '!@#321', '!qaz@wsx', '!qazxsw2', '!qazxsw@', '!@#$qwer', '!@#$%qwert', '!@#$', '!qaz@wsx#edc', '!@#$qwerASDF', '!@#$%^qwerty', '!q@w#e', '!@#$$#@!', '!@#$', '!@#$1234', '!@#$%^123456', '!@#123', '!qaz@wsx#edc$rfv%tgb^yhn', '!@#$%67890', '!@#$%QWERTASDFG', '!qaz@wsx', '!@#$1234', '!@#$%12345', '!@#$%^123456', '!qaz@wsx#edc', '!2#4', '!2#4%6', '!2#4%6&8', '!2#4%6&8(0', '!Q@W#E$R%T^Y&U*I(O)P', '!QAZXSW@', '!@#$QWERASDF', '!2#4%6', '!QAZ@WSX#EDC', '!Z@X#C', '!Q@W#E', '!@#$%QWERT', '!@#QWEASDDZXC', '!Q@W#E$R%T^Y&U*I(O)P_{+}', '!@#$%^', '!@#$%', '!@#123', '!@#$%^&', '!@#$%^&*', '!root', '!@', '!@#banzhiyan..', '!@#lanqing0902', '!QAZ1234', '!@#$qwer1234', '!@#QWEASDZXC', '!QAZ@WSX#EDC', '!@#$%^', '!@#$%', '!@#$liFENG032099!@#$', '!@#$%^&*()', '!@#545656AAADDF', '!@#$%67890', '!@#19841010', '!@#59560955', '!@#$%^&*()', '!@#$QWER', '!@#123', '!@#321', '!@#$%^&*()', '!Q@W#E$R%T', '!@#19841010', '!@#59560955', '!@#123', '!qaz@wsx', '!@#$1234', '!qaz@wsx#edc', '!@#$1234', '!@#$%', '!@#$%^', '!@#$%^&', '!@#$%^&*', '!!!!!!', '!@#$', '!@#$%^&'],
'(',['(power)2008', '(123456)', '(power)2008', '(1234)_net', '(654654)_net', '(powerpower)2008', '(power)2008', '(1234)_net', '(poweridc)', '(88888888)', '(1234)_net', '(12340_net', '(1234)_power', '(power)2008', '(power)', '(654654)_net', '(powerpower)2008', '(88888888)', '(power)', '(power).com', '(poweridc)', '-', '(power)', '(poweridc)', '(power)', '(power).com', '(poweridc)'],
')',[')(*&^%$#@!', ')(*&^%$#@!kknow234', ')(*&^%$#@!0987654321', ')(*&^%$#@!', ')(*&^%$#@!!@#$%^&*()', ')(*&^%$#@!0987654321', ')(*&^%$#@!', ')(*&^%$#@!!@#$%^&*()', ')(*&^%$#@!0987654321', ')(*&^%$#@!', ')&%(&&^%(**', ')(*&^%$#@!', ')*network$@@^', ')(*&^%$#@!', ')(*&^%$#@!', ')(*&^%$#@!'],
'-',['-,0m9n', '-pl,0okm', '-pl,0okm', '-pl,', '-pl,'],
'[',['[23[pkrjoahusdhassdada]', '[ylh510212-8-5]', '[xueddiesheng@2008', '[ylh510212-8-5]', '[xueddiesheng@2008'],
']',[],
'{',[],
'}',['}+{_P)O(I*U&Y^T%R$E#W@Q!', '}+{_P)O(I*U&Y^T%R$E#W@Q!', '}+{_P)O(I*U&Y^T%R$E#W@Q!'],
';',[';lk', ';lk;lk', ';lkasd', ';;;;;;;;;;', ';;;;;;;;', ';alskdjfhg', ';alskdjfhg', ';alskdjfhg'],
':',['::::::::::', '::::::::'],
','[""'a;sldkfjgh"", ""'a;sldkfjgh"", ""'a;sldkfjgh""],
'"'""",[],
'\',[""\\]'/=[;."", '\\][poiuytrewq', ""\\]'/=[;."", '\\][poiuytr', '\\][poiuytrewq'],
'"',[',,..//', ',,,debia56', ',./,./', ',./123', ',.//.,', ',.//.,', ',./,./'],
'<',['<><>()()'],
'>',[],
'.',['..0', '.......199', '.......199@', '......', '.123456.', '.369852147', '.369', '.369*', '.369258147', '.369258', '..336699', '.369', '.369*', '.369258147', '.369258', '..336699', '.369', '.369', '.369', '......', '.....', '.......g', '.......32', '.......02727', '.......199', '.......199@', '..0', '.......199', '.......199@'],
'/',['/.,mnbvcxz', '/*7894561230.', '/z.x,cmvnb', '/.,mnbvcxz', '/*7894561230.', '/.,mnbvcxz', '/z.x,cmvnb', '/.,mnbvcxz', '/z.x,cmvnb', '/.,mnbvcxz'],
'?',['??>><<MMNN', '????'],
'@',['@))*yosun', '@song1234@', '@song1234@', '@WSX#EDC$RFV', '@WSXcde3', '@@viso123viso@@506', '@^#coopen', '@))*coopen', '@$^coopen', '1', '@@@@@@', '@xdfhd885@~885', '@^(%@#!*)', '@69523180', '@Cnz58888', '@u6*ggKEJKDS', '@WSX#EDC$RFV', '@@@@@@', '@wsxcde#', '@posttablename', '@@@@@@@@', '@WSX#EDC$RFV', '@q1w2e3r4@', '@1q2w3e@', '@123qwe@', '@!$FSA_hgf3w343', '@))*yosun', '@^#coopen', '@))*coopen', '@$^coopen', '@wondfo', '@@@@@@', '@wsxcde#', '@@@@@@', '@posttablename', '@@@@@@@@', '@WSX#EDC$RFV', '@q1w2e3r4@', '@1q2w3e@', '@123qwe@', '@wsxcde#', '@5903524@', '@fbliruida@', '@00888855@', '@@@@@@@@gaoxuxiaowangbadan@@@@@@@@', '@#$longtengaoyoo', '@#$%^longteng^%$#@0532', '@88258698#', '@wondfo', '@WSX#EDC$RFV', '@q1w2e3r4@', '@1q2w3e@', '@123qwe@', '@wsxcde#', '@#$%^&', '@20000214', '@system*', '@yh780202', '@hx123123', '@bjhapt', '@hx134567890', '@dministr@tor', '@msy3633888', '@MSY3633888', '@msy520zxy8', '@34wsw45667633r', '@fbliruida@', '@dmin', '@@@@@@'],
'#',['#@!ewq', '#@!123', '#@!321', '#@!ewqdsacxzzaq!@#$%^&*', '######', '#bbb777888', '#myibm888', '#myibm555', '#5a4g,z1r69c4Q$8', '#@!ewqdsacxzzaq!@#$%^&*', '######', '#x4%a6d7x1z9d0z8k3l5q0', '#x4%a68k3l5q0d7x1z9d0z', '#$%^&*', '#EDC$RFV', '#@!ewqdsacxzzaq!@#$%^&*', '######', '#x4%a6d7x1z9d0z8k3l5q0', '#x4%a68k3l5q0d7x1z9d0z', '######', '#$%^&*', '#EDC$RFV', '#@!ewqdsacxzzaq!@#$%^&*', '#���%������123456', '##5173269358##', '#EDC$RFV', '#@!ewqdsacxzzaq!@#$%^&*', '#654298#', '#hapt9810()*', '#1@$ak#.1k;0@p', '#@!ewq', '#@!123', '#@!321', '######'],
'$',['$R#E@W!Q0735', '$R#E@W!Q', '$YhL6fN)qCG$nn!', '$%^coopen', '$$$$$$', '$1$ewDF$D8duGisiifRy9mnth5L', '$$$$$$', '$%^coopen', '$ad_ephoto365.com$58762883$', '$$$$$$', '$$$$$$', '$$zhong&&guo@@qiji**9988%%', '$$qi&&ji**ip??1976', '$#$way0220MHGDd6.*3D3d(2dD', '$SRV', '$secure$', '$$$$', '$admin$', '$%^###!@~!@#@#@###', '$liFENG032099$', '$$$$$$'],
'%',['%*&^(*&#@&*()@$%.66', '%#@!', '%null%', '%%%%%%', '%username%', '%null%', '%#@!', '%$#@!', '%null%', '%username%', '%%%%%%', '%username%123', '%username%1234', '%username%!@#$', '%username%123456', '%username%123445', '%$#@!', '%%%%%%', '%username%123', '%username%1234', '%username%!@#$', '%username%123456', '%%%%%%', '%null%', '%username%123', '%username%1234', '%username%!@#$', '%username%', '%username%123445', '%$#@!', '%username%123456', '%username%', '%null%', '%tGb$rFv', '%$#@!', '%$#@!', '%%%%%%'],
'^',['^&*()', '^&*()', '^^^^^^', '^&*()', '^^^^^^', '^&*()yuiop', '^%$#@!sa', '^&*()', '^%$321', '^^^^^^', '^^^^^^', '^&*()yuiop', '^%$#@!sa', '^&*()', '^&*()', '^%$#@~!', '^^^^^^'],
'&',['&&&777', '&(&@^', '&&&&&&', '&*(qinfolqingfengyouxi!@#', '&&&&&&', '&&&&&&', '&*()UIOP', '&jWm~5a$Dz,', '&&&&&&'],
'*',['*1*1', '**********', '*&^%$#@!', '*&^%$#@!~', '*woaini1', '*JH!/L(091O1,O90Sa', '*&^%4321', '******', '*121#', '*/*pleskW$&*', '*@', '*1T.vbs', '*#^()(!', '*********', '********', '*&^%4321', '*#JY@2008squid', '*#JY@2008lvs', '******', '*&^%4321', '*1T.vbs', '*woaini1', '*chaohugree', '******', '*&^%4321', '******', '******', '*96+-/--', '*3noguru', '********', '*system', '******'],
'_',['_+{}:""<>?', '_+{}:""<>?'],
'~',['~!@#$%^&*()_+qiao', '~!@#$%^&*', '~!@#$%^&*()', '~!@#$%^&*(', '~!@#$%^&*', '~!@#$%^&', '~!@#$%^', '~!@#$%', '~!@#$', '~!@#', '~!**���������*588', '~8246883.xzzx.zlj.~love!@#$%^', '~!@qazwsx', '~!@#qwe', '~!@#asd', '~!@#zxc', '~!@#2008', '~!@#$%^&*()', '~!@#$%^&*(', '~!@#$%^&', '~!@#$%^', '~!@#$%', '~!@#$', '~!@#', '~!@#$%qzcsljconfig', '~!@qazwsx', '~!@#$%^&*()_+', '~!@#218218123123', '~@#0608*&%���*', '~@#0608*&%���*', '~!@#$%', '~!@#$%^&*()5201314', '~!@#$^', '~!@#$1234sjm', '~!@'],
'=',['=1-203948576', '=1-203948576', '=2007idc-admin,', ""=]\\'[--=[]'\\"", '=1-203948576', '======', '=2007idc-admin,'],
'+',['+++', '+-*/', '+_*/shijia!@#$'],